qid	term	description	question	answer	facts	decomposition
0	Genghis Khan	founder and first Great Khan of the Mongol Empire	Are more people today related to Genghis Khan than Julius Caesar?	True	Julius Caesar had three children. Genghis Khan had sixteen children. Modern geneticists have determined that  out of every 200 men today has DNA that can be traced to Genghis Khan.	How many kids did Julius Caesar have? How many kids did Genghis Khan have? Is #2 greater than #1?
1	The Police	English rock band	Could the members of The Police perform lawful arrests?	False	The members of The Police were musicians, not law enforcement officers. Only law enforcement officers can perform lawful arrests.	Who can perform lawful arrests? Are members of The Police also #1?
2	Depression (mood)	state of low mood and fatigue	Would a Monoamine Oxidase candy bar cheer up a depressed friend?	False	Depression is caused by low levels of serotonin, dopamine and norepinephrine. Monoamine Oxidase breaks down neurotransmitters and lowers levels of serotonin, dopamine and norepinephrine.	Depression is caused by low levels of what chemicals? Monoamine Oxidase has an effect on what chemicals? Of the chemicals listed in both #1 and #2, does Monoamine Oxidase raise their levels?
3	Grey seal	species of seal	Would a dog respond to bell before Grey seal?	True	Grey seals have no ear flaps and their ears canals are filled with wax. Grey seals hear better underwater when their ears open like a valve. Dogs have sensitive ears that can hear as far as a quarter of a mile away.	How sensitive is a grey seal's hearing on land? How sensitive is a dog's hearing on land? Is #2 better than #1?
4	Pound sterling	Official currency of the United Kingdom and other territories	Is a pound sterling valuable?	False	A pound sterling is fiat money. Fiat money is backed by government decree and has no intrinsic value. One pound sterling is worth about 1.24 US dollars by May of 2020.	What is the value of the Pound Sterling based on? Is #1 the material used in making it?
5	Shrimp	Decapod crustaceans	Is shrimp scampi definitely free of plastic?	False	Shrimp scampi is a dish made with shrimp. Shrimp have been found to contain microplastics. Microplastics are plastic material.	What protein is Shrimp scampi made out of? What have #1 been found to contain? Are #2 free from plastic?
6	Rede Globo	Brazilian commercial television network	Do the anchors on Rede Globo speak Chinese?	False	Rede Globo is a Brazilian television network. The official language of Brazil is Portuguese.	What country broadcasts Rede Globo? What is the official language of #1? Is #2 Chinese?
7	Albany, Georgia	City in Georgia, United States	Will the Albany in Georgia reach a hundred thousand occupants before the one in New York?	False	Albany, GA has around 75,000 people Albany, NY has almost 100,000 people	What is the population of Albany, Georgia? What is the population of Albany, New York? What is the difference between 100,000 and #1? What is the difference between 100,000 and #2? Is #3 smaller than #4?
8	Wonder Woman (2017 film)	American superhero film directed by Patty Jenkins	Is a Boeing 737 cost covered by Wonder Woman (2017 film) box office receipts?	True	The average cost of a US Boeing 737 plane is 1.6 million dollars. Wonder Woman (2017 film) grossed over 800 million dollars at the box office.	How much does a Boeing 737 cost? How much did the 2017 movie Wonder Woman gross? Is #2 greater than #1?
9	Saint Vincent and the Grenadines	Country in the Caribbean	Is the language used in Saint Vincent and the Grenadines rooted in English?	True	The primary language spoken in Saint Vincent and the Grenadines is Vincentian Creole. Vincentian Creole is English-based, with elements of French, Antillean Creole, and indigenous South American and African languages.	What language is used in Saint Vincent and the Grenadines? Is #1 based in English?
10	Casio	Japanese electronics company	Can you buy Casio products at Petco?	False	Casio is a manufacturer of consumer electronics and watches Petco is a chain store that sells pet supplies like food, bowls, litter, toys, cages and grooming equipment	What kind of products does Casio manufacture? What kind of products does Petco sell? Does #1 overlap with #2?
11	Space Race	Competition between the USSR and the USA to explore space	Did the Space Race use relay batons?	False	The Space Race was a competition between the USA and USSR regarding spaceflight and exploration Relay batons are used in relay races Relay races are athletic track and field events	What was the Space Race? What are relay batons used for? Is #1 the same as #2?
12	Deciduous	Trees or shrubs that lose their leaves seasonally	Are Christmas trees dissimilar to deciduous trees?	True	Christmas trees are usually pine trees. Pine trees keep their needles all year round.	Which kind of trees are commonly used as Christmas trees? Are #1 dissimilar to deciduous trees?
13	Biochemistry	study of chemical processes in living organisms	Does Biochemistry study gluons?	False	Biochemistry studies role, function, and structure of biomolecules. Gluon, the so-called messenger particle of the strong nuclear force, which binds sub-atomic particles known as quarks within the protons and neutrons of stable matter as well as within heavier, short-lived particles created at high energies. biomolecules are comprised of atoms. 	What are gluons? What things are studied in biochemistry? Is #1 included in #2?
14	Kingdom of Hungary	former Central European monarchy (1000–1946)	Did land owners elect their rulers in the Kingdom of Hungary?	False	The Kingdom of Hungary was a monarchy. Monarchies do not allow citizens to elect their own rulers.	Which kind of government ruled over the Kingdom of Hungary? Does #1 allow citizens to elect their own rulers?
15	Nancy Pelosi	52nd speaker of the United States House of Representatives	Would Nancy Pelosi publicly denounce abortion?	False	Abortion is a topic that divides the Republican Party and the Democratic Party. Nancy Pelosi is a Democrat and appeals to that base. The Democratic base is largely pro-choice with abortion. 	Which US political party does Nancy Pelosi identify with? Do most people who identify with #1 oppose abortion?
16	Dragon Ball	Japanese media franchise	Does Dragon Ball shows and movies fall short of Friday 13th number of projects?	True	Dragon Ball has 6 TV series, 3 TV specials, and 2 direct to video spinoffs as of 2020. Friday the 13th has 12 movies in the franchise and 1 TV series as of 2020.	How many Dragon Ball series, TV specials and other features have been released? How many Friday the 13th franchise films and television series have been released? Is #2 greater than #1?
17	Amnesia	Cognitive disorder where the memory is disturbed or lost	Would a student of the class of 2017 have amnesia about 9/11?	True	Childhood amnesia is common, with most adults not remembering their lives before 2 or 3 years of age 9/11 occurred in 2001 Students graduating high-school in 2017 would have been born in 1999	What year did 9/11 occur? In what year would students graduating high-school in 2017 have been born in? What age is childhood amnesia most common in? If someone was born in #2, how old would they have been in #1? Does #3 overlap with #4?
18	Greed	an inordinate or insatiable longing, especially for wealth, status, and power	Is greed the most prevalent of the Seven Deadly Sins?	False	Greed is a longing for wealth and power. White collar crime involves businesses stealing money or assets from people.  5-10% of arrests per 100,000 arrests were for  white collar crime according to Department of Justice statistics. Gluttony is the overindulgence in food or similar things. 39.8% of US adults were classified as overweight according to the National Center for Health Statistics.	Is greed a  deadly sin? Is gluttonly a deadly sin? What percent of crimes involved greed? What percent of people are overweight? If #1 and #2 are both yes is #3 a higher percentager than #4?
19	Psychic	person who claims to use extrasensory perception to identify information hidden from the normal senses	Would a psychic who admits to hot reading be trustworthy?	False	Hot reading is a technique used by people presenting themselves as psychics to acquire information about a subject prior to the psychic session. Hot reading is considered deception in the psychic community.	What do people pretend to be in order to successfully carry out hot reading? Do the 'real' #1 consider hot reading to be genuine?
20	Comma	Punctuation mark	Is average number of peas in a pod enough commas for a billion?	True	The average number of peas in a pod is 6 or 7. A billion is a number that has three commas in it.	How many peas are in the average pod? How many commas are needed for a billion? Is #1 at least equal to #2?
21	Model (person)	person employed to display, advertise and promote products, or to serve as a visual aid	Does actress Leila George lack the height to be a model?	False	"Actress Leila George, the daughter of Vincent D'onofrio, is 5'9"" tall. Model Cindy Crawford is 5'9"" tall. Model Agyness Deyn is 5'8"" tall. Model Sara Sampaio is 5'8"" tall."	How tall is Leila George? How tall is Cindy Crawford?  What is the height of model Sara Sampaio? Is #1 shorter than both #2 and #3?
22	Dustin Hoffman	American actor and director	Is Dustin Hoffman one of the B'nei Yisrael?	True	"Dustin Hoffman was raised in a Jewish family. In modern Hebrew, b'nei yisrael (""children of Israel"") can denote the Jewish people at any time in history."	What does B'nei Yisrael refer to? What religion was Dustin Hoffman family as he was growing up? Is #2 the same as #1?
23	McDonald's	American fast food restaurant chain	If you were on a diet, would you have to skip lunch at McDonald's?	False	McDonald's offers low calorie brunch options like parfaits and egg white sandwiches.  McDonald's offers low calorie lunch options including basic hamburgers and salads.	What is characteristic of food eaten by someone on a diet? Are lunch options characterized by #1 unavailable at McDonald's?
24	The Powerpuff Girls	American animated television series	Could the Powerpuff Girls hypothetically attend the Camden Military Academy?	False	The Powerpuff Girls are kindergarten aged girls. Camden Military Academy is a private, all-male, military boarding school located in Camden, South Carolina. Camden Military Academy accepts male students in grades 7 through 12.	What gender are the Powerpuff Girls? What gender is allowed to attend the Camden Military Academy? Is #1 the same as #2?
25	Sea of Japan	Marginal sea between Japan, Russia and Korea	Would the top of Mount Fuji stick out of the Sea of Japan? 	True	The average depth of the Sea of Japan is  5,748 feet (1,752 metres) and its maximum depth is 12,276 feet (3,742 metres) Mount Fuji is 3,776.24 metres (12,389.2 ft) tall. 	How tall is Mount Fuji? What is the maximum depth of the Sea of Japan? Is #1 greater than #2?
26	CT scan	medical imaging procedure which uses X-rays to produce cross-sectional images	Would an uninsured person be more likely than an insured person to decline a CT scan?	True	Without insurance, a CT scan can cost up to $5,000. Most insurance companies will cover or reimburse the cost of a CT scan.	Typically how much does it cost to get a CT scan without insurance? On average, how much does it cost to get a CT scan with insurance? Is #2 less than #1?
27	Donatello	Italian painter and sculptor	Was the Donatello crucifix identified in 2020 life size?	False	The crucifix discovered in the church of Sant’Angelo depicts an adult man. The crucifix discovered in the church of Sant’Angelo is 89 cm high. The crucifix discovered in the church of Sant'Angelo was identified as being a work of Donatello. The average height of an adult man has been at least 150 cm in historical times.	The crucifix sculpted by Donatello and identified in 2020 is a depiction of what? What is the average height of #1? What is the average height of a real, living, #1? Is #2 equal to #3?
28	Disneyland Paris	Theme park resort in France owned by The Walt Disney Company	Is Disneyland Paris the largest Disney resort?	False	Disneyland Paris contains two parks, several hotels, and a shopping district. By comparison, Walt Disney World in Florida contains four parks, two waterparks, a shopping district, and many hotels. Disney World is bigger than Disneyland Paris Resort and Disneyland California Resort combined.	How big is Disneyland Paris in square miles? How big is Walt Disney World in square miles? Is #1 larger than #2?
29	Keyboard layout	any specific mechanical, visual, or functional arrangement of the keys of a keyboard or typewriter	Could someone with fine motor control issues benefit from an altered keyboard layout?	True	Fine motor control involves making small, precise movements like painting or typing.  The standard keyboard layout is designed to be used by someone without any motor control issues. There are modified keyboards for multiple types of disability.	What types of keyboard layouts exist? Among #1, which keyboard layouts are optimized for disabilities? Are any of #2 better for those with limited fine motor control?
30	Adam Sandler	American actor, comedian, screenwriter, and producer	Would Adam Sandler get a reference to Cole Spouse and a scuba man doll?	True	"Adam Sandler and Cole Sprouse starred together in ""Big Daddy"". A prop used throughout ""Big Daddy"" was a scuba diving action figure that Cole's character called 'Scuba Steve'."	What did Adam Sandler and Cole Sprouse star together in? Was a scuba man doll used as a prop by Cole in #1?
31	Common warthog	Wild member of the pig family	Is there a warthog on Broadway?	True	Disney's The Lion King is a popular Broadway musical. One of the characters is named Pumbaa. Pumbaa is a warthog.	Which animals did Disney movie 'Lion King' feature? Is a warthog included in #1? Was Lion King adapted for a Broadway musical? Considering #2 and #3, would the warthog appear on Broadway?
32	Ice	water frozen into the solid state	Does Disney have an ice princess?	True	In 2013, Disney released Frozen. Frozen features Elsa, a princess with magical ice powers.	What are some popular Disney characters? Is any of #1 an ice princess?
33	Biochemistry	study of chemical processes in living organisms	Would a geographer use biochemistry in their work?	False	A geographer is a scientist whose area of study is geography, the study of Earth's natural environment and human society. Biochemistry is the study of chemical processes within and relating to living organisms.	What is the area of study of a geographer? What is the area of study of Biochemistry Is any of #1 in #2?
34	Compact disc	Optical disc for storage and playback of digital audio	Could George Washington's own speeches have been recorded live to a compact disc?	False	George Washington died in 1799. CDs weren't invented until 1982.	When did George Washington die? When were compact discs introduced? Is #1 after #2?
35	Lil Jon	American rapper, record producer and DJ from Georgia	Was Lil Jon's top ranked Billboard song a collaboration with a member of The Lox?	False	Lil Jon's highest ranked billboard song was Yeah. Yeah was a collaboration between Lil Jon, Usher, and Ludacris. The Lox is a rap trio consisting of: Styles P, Sheek Louch, and Jadakiss.	What is Lil Jon's top ranked Billboard song? What artists contributed to #1? Who makes up the group The Lox? Is any element of #3 also an element of #2?
36	Sulfur	Chemical element with atomic number 16	Would food made with black salt smell of sulfur?	True	Black Salt has is a kiln-fired rock salt that contains sulfur. When black salt is cooked with, it smells similar to rotten eggs.  Rotten eggs smell like sulfur.	What does black salt smell like when cooked? Does #1 smell similar to sulfur?
37	Spirit (rover)	NASA Mars rover	Would a broadcast from Spirit make the news in 2020?	True	"In 2010, the Spirit rover sent what is recorded as its final transmission. In 2019, another rover made the news with its viral ""final words"""	When did the martian rover 'Spirit' send its last transmission? Which rover sent another 'final message' in 2019? Is #1 before 2020 and did #2 make the news?
38	Miami	City in Florida, United States	Is Miami a city on the American West Coast?	False	Miami is a city in the state of Florida. Florida is the southernmost state on the American East Coast.	What state is Miami located in? Which states are part of the American West Coast? Is #1 included in #2?
39	Frankenstein	1818 novel by Mary Shelley	Could Robert Wadlow hypothetically see Frankenstein's monster's bald spot from above?	True	The monster in Mary Shelley's novel, Frankenstein, was said to be 8 feet tall. Robert Wadlow was the world's tallest man. Robert Wadlow was 8 feet 11.1 inches tall.	How tall is Frankenstein? How tall is Robert Wadlow? Is #2 greater than #1?
40	Tibia	larger of the two bones of the leg below the knee for vertebrates	Is the tibia necessary to win the Stanley Cup?	True	The Stanley Cup is the championship trophy of the National Hockey League Ice hockey is a game played by individuals wearing ice skates to move around a frozen playing field The tibia is a leg bone Legs are required in order to use ice skates	Which achievement leads to the award of the Stanley Cup? Which sport does #1 involve? Which body parts are actively involved in playing #2 Which part of the body is the tibia found in? Is #4 included in #3?
41	Ethics	branch of philosophy that systematizes, defends, and recommends concepts of right and wrong conduct	Would an ethics professor teach a class on Cezanne?	False	Cezanne was an Impressionist painter Aesthetics is the branch of philosophy that deals with the arts	What was Cezanne known for? What branch of philosophy would deal with #1? Is #2 the same as ethics? 
42	Rice pudding	Dish made from rice mixed with water or milk	If you add water to rice pudding is it horchata?	False	Horchata is a drink made from soaking dry rice in water for hours, then pulverizing and straining the mixture and adding spices and sweetener. Rice pudding includes ingredients like eggs, and whole grains of cooked rice. 	What ingredients are in horchata? What ingredients are in rice pudding? If you add water to #2, is it the same as #1?
43	Swiss Guard	Military of Vatican City	Can the Swiss Guard fill the Virginia General Assembly chairs?	False	The Virginia General Assembly has 140 seats. The Swiss Guard is an honour guard of Vatican City that consists of 135 men.	What is the size of the Swiss Guard? What is the seating capacity of the Virginia General Assembly? Is #1 equal to or greater than #2?
44	Nickel	Chemical element with atomic number 28	If your skin was turning the color of a zombie, could it be because of nickel?	True	Zombies are often depicted as green in pallor.  Nickel in jewelry often turns skin a greenish color.	What color skin are zombies typically depicted with? Does Nickel turn a person's skin #1?
45	Dolce & Gabbana	Italian fashion house	Would a Dolce & Gabbana suit wearer be shunned by their Amish cousins?	True	Dolce & Gabbana is an Italian luxury fashion design company. The Amish, who value plain clothes, frown upon buttons and have banned velcro and zippers The Two Tone Dolce & Gabbana suit has several buttons. The Amish cease interactions with sinners by avoiding, or shunning them.	What type of clothing do the Amish prefer? What happens if an Amish person wears clothes going against #1? What clothing pieces are Dolce & Gabbana known for? If Amish cousins wore #3, would #2 happen to them?
46	Illuminati	A name given to several groups, both real and fictitious	Is the Illuminati card game still popular?	False	The original version of the game was released in 1982. A collectible card game version was released in 1995 but only had one set. The most recent edition of the base game was published in 2007.	When was the last Illuminati card game published? Was #1 with the last few years?
47	Strawberry	edible fruit	Can a strawberry get worms similar to dogs?	True	Strawberry can suffer from black root rot and nematodes. Dogs can suffer from a variety of worms including roundworms that lay eggs on them. Nematodes are parasites that are also called roundworms and ascarids. Nematodes are parasites that feed off of strawberry plants.	What types of worms can strawberries become infected with? What types of worms can dogs become infected with? Are any of #1 present in #2?
48	Menthol	chemical compound	Is Menthol associated with Thanksgiving?	False	Menthol is the main component of peppermint oil and is responsible for the noticeable cooling sensation.  During Thanksgiving, turkey, potatoes, gravy, and pie are common dishes. None of which have menthol in it.	What are some common dishes served during Thanksgiving? Does any of #1 contain menthol?
49	Eggplant	plant species Solanum melongena	Would someone in Mumbai refer to Solanum melongena as an eggplant?	False	Mumbia is a city in India. India is a country located in South Asia. In South Asia the Solanum melongena plant is referred to as a brinjal.	"In what country Mumbai located? In what region is #1 located? What is Solanum melongena referred to as in #2? Is #3 the word ""eggplant""?"
50	Lie	intentionally false statement to a person or group made by another person or group who knows it is not wholly the truth	Is it okay to lie after taking an oath in a court of law?	False	In a court of law, lying under oath is considered perjury.  Perjury is considered a crime.	When you lie in court, what is that considered? Is #1 legal?
51	Art	Creative work to evoke emotional response	Is art prioritized in the US education system?	False	Art classes are often the first to be cut during times of low school funds.  Between 1999 and 2009, schools offering visual arts curriculum decreased by 7%. 	When funding is low in schools, what subjects are typically cut first? What types of classes are #1 classified as? Is art not classified as #2?
52	Soup	primarily liquid food	While on a liquid diet, are there some types of soup you cannot eat?	True	Italian wedding soup has large chunks including meatballs and pasta which require chewing. Chicken Noodle soup has chunks of chicken and large noodles in it that require chewing.	Are there any soups that contain substantially solid portions?
53	Twelve-tone technique	method of musical composition devised by Arnold Schönberg to ensure that all 12 notes of the chromatic scale are equally often, so that the music avoids being in a key	Would it be impossible to use an Iwato scale for a twelve-tone technique composition?	True	The Iwato scale has 5 pitch cases. The chromatic scale has 12 pitch cases.	How many pitch cases are used for the Iwato scale? Is #1 not equal to the number of pitch cases needed for the twelve-tone technique?
54	Gulf of Finland	arm of the Baltic Sea	Would the Titanic be well preserved at the bottom of the Gulf of Finland?	True	The bottom of the gulf is one of the world's largest ship cemeteries. Because of the low salinity and cold waters, and no shipworms, the ships are relatively well preserved. RMS Titanic was a British passenger ship.	"Are ships well-preserved in the Gulf of Finland? Was the RMS Titanic a ship? Is both #1 and #2 ""yes"""
55	Hepatitis	inflammation of the liver tissue	Could a dandelion suffer from hepatitis?	False	Only creatures that contain a liver can suffer from hepatitis. The liver is an organ only found in vertebrates. Vertebrates exist in the kingdom Animalia. Dandelions are plants in the kingdom Plantae.	Hepatitis is the inflammation of what? In which kingdom is #1 found? In what kingdom are dandelions found? Is #3 the same as #2?
56	Portuguese Colonial War	1961–1974 armed conflicts in Africa between Portugal and independence movements	Did any country in Portuguese Colonial War share Switzerlands role in WWII?	True	The Portuguese Colonial War was between Portugal and several groups including People's Movement for Liberation of Angola. Switzerland remained neutral in World War II and did not get involved. Portugal stayed out of world affairs during World War II.	What was Switzerland's position in World War II? Which countries were involved in the Portuguese Colonial War? Did any of #2 maintain a #1 position through World War II?
57	Week	unit of time	Would a week be enough time to watch every episode of Ugly Betty?	True	There are 168 hours in a week. The entire Ugly Betty series is 85 hours long.	How many hours are in a week? How long is the entire Ugly Betty series? Is #1 greater than or equal to #2?
58	Old English	Early form of English; Anglo-Saxon	Would a Pict be confused by Old English?	True	Old English was spoken by the Anglo-Saxons, a Germanic tribe that inhabited England. The Picts were a Celtic-speaking people that lived in what is now Scotland. The Pictish language died out by 1100AD and was replaced by Gaelic. Gaelic and Old English are completely different languages from different branches of the Indo-European language family. Gaelic vocabulary is very different from Old English  and verbs are also conjugated differently.	What language was spoken by the Picts? In what language family is Old English? Is #2 not closely related to #1?
59	Bitcoin	decentralized cryptocurrency	Was the Louisiana Purchase made with bitcoin?	False	Bitcoin was launched as a currency in 2009. The Louisiana Purchase was in 1803.	When was Bitcoin launched? When did the Louisiana Purchase take place? Is #1 prior to #2?
60	Serfdom	status of peasants under feudalism	Did Japanese serfdom have higher status than English counterpart?	True	Serfs in Medieval England were peasants that were indentured servants to their lords. Serfs were often harshly treated and had little legal redress against the actions of their lords. Japanese serfs were farmers and fishermen. Japanese believed that serfs produced food, which was depended on by all classes, therefore, they worked harder.	How did English lords treat their serfs? What did the Japanese recognize serfs as? Is #2 higher in importance than #1?
61	Papaya	species of plant, use Q12330939 for the papaya (the fruit)	Is the best tasting part of the papaya in the center?	False	The center of a papaya contains a cluster of seeds. Papaya seeds, while edible, are often discarded for the soft flesh that surrounds them.	What is usually located in the center of papayas? Is #1 usually consumed by people when eating papayas?
62	Lil Wayne	American rapper, record executive and actor from Louisiana	Could Lil Wayne's children ride in a Chevrolet Corvette ZR1 together?	False	Lil Wayne has four children. A Chevrolet Corvette ZR1 has 2 seats.	How many people can a Chevrolet Corvette ZR1 seat at a time? How many children does Lil Wayne have? Is #1 greater than or equal to #2?
63	Dancing with the Stars	several international television series based on the format of the British TV series Strictly Come Dancing	Is double duty an incorrect phrase for host of Dancing With The Stars?	False	Double duty refers to having more than one job at the same time. The host of Dancing WIth The Stars is Tom Bergeron. Tom Bergeron is the host of America's Funniest Home Videos.	Who is the host of TV series 'Dancing WIth The Stars'? Who hosts America's Funniest Home Videos? Do #1 and #2 being the same fail to meet the definition of double duty?
64	Lil Wayne	American rapper, record executive and actor from Louisiana	Could Lil Wayne legally operate a vehicle on his own at the beginning of his career?	False	Lil Wayne's career began in 1995, at the age of 12, when he was signed by Birdman and joined Cash Money Records as the youngest member of the label. A driver's license is required to legally operate a vehicle by yourself in the USA. The eligible age to first obtain a driver's license varies substantially from state to state, from 14 years, three months, in South Dakota to 17 in New Jersey.	How old was Lil Wayne when he started his career in music? What is the minimum age required to obtain a valid driver's license in the US? Is #1 at least equal to #2?
65	Ocelot	Small wild cat	Could an ocelot subsist on a single bee hummingbird per day?	False	An ocelot requires 600–800 grams (21–28 oz) of food every day to satisfy its energy requirements. Bee hummingbirds are the smallest living birds, with an average weight of around 2-3 grams.	How much food does an ocelot need to live per day? How much does a bee hummingbird weigh? Is #2 greater than or equal to #1?
66	Ukrainian Greek Catholic Church	Byzantine Rite Eastern Catholic Church	Does Ukrainian Greek Catholic Church recognize Alexander Nevsky as a saint?	False	Alexander Nevsky was a Prince of Novgorod that fought against German and Swiss Invaders. The Russian Orthodox Church named Alexander Nevsky.a saint in 1547. The Russian Orthodox Church is a member of the Eastern Orthodox Church and has their own list of saints. The Catholic Church and the Eastern Orthodox Church have been in a state of official schism since the East–West Schism of 1054. The Ukrainian Greek Catholic Church is a branch of the Catholic Church.	In which religion is Alexander Nevsky considered a saint? What religion is the Ukrainian Greek Catholic Church a part of? Is #1 and #2 the same?
67	James Bond	Media franchise about a British spy	Was the original James Bond actor born near the Washington Monument?	False	The original James Bond actor was Sean Connery. Sean Connery was born in Scotland. The Washington Monument is located in Washington, D.C. Washington, D.C. and Scotland are nearly 3,500 miles apart.	"Who originally played James Bond? Where was #1 born? Where is the Washington Monument located? What is the distance between #2 and #3? Is #4 a short enough of a distance to be considered ""close""?"
68	J. P. Morgan	American financier, banker, philanthropist and art collector	Did J. P. Morgan have healthy lungs?	False	J. P. Morgan smoked dozens of cigars per day. Smoking tobacco damages the lungs and increases the risk of lung cancer significantly.	What are the causes of unhealthy lungs? Did J. P. Morgan engage in any part of #1?
69	Firefighter	rescuer trained to extinguish hazardous fires	Would Firefighters be included in a September 11th memorial?	True	September 11th is remembered as a day of mourning for the lives lost during a terrorist attack in NYC. Firefighters were among the first responders to the crisis, and many died. 	Who gets remembered on September 11th? Were firefighters among #1?
70	Andrew Johnson	17th president of the United States	Does Andrew Johnson's presidential number exceed Elagabalus's Emperor number?	False	Andrew Johnson was the 17th president of the United States. Elagabalus was the 25th Roman Emperor.	What number president was Andrew Johnson? What number emperor  was Elagabalus? Is #1 greater than #2?
71	Chinese calendar	Lunisolar calendar from China	Are any animals in Chinese calendar Chordata?	True	The chinese zodiac based on the Chinese calendar has a number of animals including dogs and pigs. Chordata is a scientific classification of an animals phylum. The phylum of pigs is Chordata.	What animals are on the Chinese calendar? Which animals in #1 have a notochord and dorsal neural tube? Which animals in #2 have pharyngeal slits and an endostyle at some stage of development? Which animals in #3 have a post-anal tail? Is there at least one animal listed in #4?
72	Yeti	Folkloric ape-like creature from Asia	Would a hypothetical Yeti be towered over by Andre the Giant?	True	"The mythical Yeti is said to be between 200 and 400 pounds. The mythical Yeti is said to be around 6 feet tall. Andre the Giant was an imposing 7'4"" and 529 pounds."	How tall was Andre the Giant? How tall are Yeti thought to be? Is #2 greater than #1?
73	Karachi	Megacity in Sindh, Pakistan	Are you likely to find a crucifix in Karachi?	False	The crucifix is a symbol of Christianity The vast majority of Pakistan's population is Muslim	What religion does a crucifix symbolize? What is the main religion observed in Karachi, Pakistan? Is #1 the same as #2?
74	The Little Prince	Novella by Antoine de Saint-Exupéry	Was The Little Prince's titular character allergic to flowers?	False	The Little Prince tends to and cares for a rose. The Little Prince falls in love with a rose. 	Who is the titular character of The Little Prince? Does #1 avoid interacting with flowers?
75	Creative Commons license	license allowing free use of a work	Was a person sold a Creative Commons License for Boticelli's The Birth of Venus ripped off?	True	A Creative Commons license allows for the free distribution of an otherwise copyrighted piece of work. Works that are deemed in the public domain do not require a copyright or permission to use. Any work created before 1923 is in the public domain. Sandro Boticelli's The Birth of Venus painting was from 1486.	What is the purpose of a Creative Commons license? Do works in the public domain need #1? Works created before what year are presently in the public domain? Was Boticelli's The Birth of Venus created before #3? Considering #2 and #4, is #1 unnecessary for Boticelli's The Birth of Venus?
76	University of Pittsburgh	American state-related research university located in Pittsburgh, Pennsylvania	Did Millard Fillmore help to establish the University of Pittsburgh?	False	The University of Pittsburgh was established in 1787. Millard Fillmore was born in 1800.	When was the University of Pittsburgh established? When was Millard Fillmore born? Is #2 before #1?
77	Northern fur seal	The largest fur seal in the northern hemisphere	Does Northern fur seal make good pet for six year old?	False	An average six year old weighs 45 pounds. An adult Northern fur seal can weigh up to 120 pounds. Northern fur seals have sharp canine teeth for tearing. Northern fur seals live near rivers to feed off of fish populations.	What environment do Northern fur seals thrive in? Do six-years olds have safe access to #1?
78	Pear	genus of plants	Would a pear sink in water?	False	The density of a raw pear is about 0.59 g/cm^3. The density of water is about 1 g/cm^3. Objects only sink if they are denser than the surrounding fluid.	What is the density of a pear? What is the density of water? Is #1 greater than #2?
79	Noah's Ark	the vessel in the Genesis flood narrative	WIll Noah's Ark hypothetically sail through flooded Lincoln Tunnel?	False	Scholars have determined Noah's Ark to be 75 feet wide. Each lane of the Lincoln Tunnel is 21 feet wide.	What is the width of the Lincoln tunnel? What is the width of the Noah's ark? Is #1 greater than #2?
80	Haiku	very short form of Japanese poetry	Can you write a whole Haiku in a single tweet?	True	A Haiku is a Japanese poetry in three phrases. The average Haiku is composed of 60 to 70 characters. A tweet is a short message sent on Twitter. The character limit of a single tweet on Twitter is 140.	How many characters can be expected to be in an average haiku? What is the current character limit of a single tweet? Is #1 reasonably less than #2?
81	Saltwater crocodile	species of reptile	Would you take a photo of a Saltwater crocodile in Memphis?	False	The saltwater crocodile is native to saltwater habitats and brackish wetlands from India's east coast across Southeast Asia and the Sundaic region to northern Australia and Micronesia. Memphis is a city in the United States.	Where can saltwater crocodiles be found? Is Memphis located in any of #1?
82	Kangaroo	сommon name of family of marsupials	Could Scooby Doo fit in a kangaroo pouch?	False	Scooby Doo is a fictional cartoon Great Dane. Great Danes can be 30-34 inches in height. Kangaroo babies can fit in their mother's pouch until they're 10 weeks of age. A 10 week old kangaroo is much smaller than a Great Dane.	What type of creature was Scooby-Doo? How large are #1? What resides in a kangaroo pouch? How large are #3? Is #2 approximately equal to #4?
83	Manta ray	genus of fishes	Do manta rays live in water above the safe temperature for cold food storage?	True	For cold foods, the food safe temperature is 40 degrees Fahrenheit and below. Manta rays prefer water temperatures above 68 °F (20 °C).	What temperature should cold food be stored at? What kind of water do manta rays live in? What is the normal temperature of #2? Is #3 higher than #1?
84	Kayak	small boat propelled with a double-bladed paddle	Is the kayak a traditional boat in New Zealand?	False	Kayaks were developed by native peoples to hunt in northern waters of the Arctic Ocean, North Atlantic, Bering Sea and North Pacific.  New Zealand is in the Southern Hemisphere. The native Maori people of New Zealand arrived there in canoes.	What cultures invented the kayak? What cultures are native to New Zealand? Is there overlap between #1 and #2?
85	Subway (restaurant)	American fast food chain	Has the Subway restaurant franchise had any connections with child abusers?	True	Subway hired Jared Fogle as a spokesman for their sandwich shops. Jared Fogle was convicted for having sex with minors and for possessing child pornography. 	Was Jared Fogle a spokesman for Subway? Is Jared Fogle a sexual abuser of children? Are #1 and #2 the same?
86	Presidency of Richard Nixon	American cabinet	Would the high school class of 2010 have lived through the Presidency of Richard Nixon?	False	People in the high school class of 2010 were born between 1991 and 1993. Richard Nixon was President of the United States until 1974.	When was Richard Nixon president of the US until? What year range would the high school class of 2010 be born in? Is #1 in #2?
87	Gallon	general topic for different units of volume called gallon	Could ten gallons of seawater crush a six year old?	True	The average weight of a six year old is 45 pounds. One gallon of seawater weighs slightly over 8 pounds.	What is the average weight of a six year old? What is the weight of a gallon of seawater? Is ten times #2 more than #1?
88	Deacon	ministry in the Christian Church	Would a Deacon be likely to be a fan of the podcast 'God Awful Movies'?	False	God Awful Movies is a podcast in which people review and mock religious films.  The hosts of God Awful Movies take a disrespectful approach to their film critique.	What is the main topic of God Awful Movies? What is God Awful Movies position on #1? What are deacon's positions on #1? Are #2 and #3 the same or similar?
89	Giant squid	Deep-ocean dwelling squid in the family Architeuthidae	Could a giant squid fit aboard the deck of the titanic?	True	Decks on the Titanic were as long as 500ft. Giant Squid grow to be around 59ft in length.	What is the length of a giant squid? What was the length of a deck on the Titanic? Is #1 less than #2?
90	Anchovy	Family of fishes	Do more anchovy live in colder temperature waters than warmer?	False	Anchovy are a type of small fish. Anchovy are concentrated in the temperate waters of the Atlantic, Indian, and Pacific Oceans. Anchovy are rarely found in colder waters.	Which oceans do Anchovy live in? Which seas do Anchovy live in? Are #1 and #2 cold waters?
91	Groundhog Day	Traditional method of weather prediction	Is Antarctica a good location for Groundhog Day?	False	Groundhog Day relies on a groundhog seeing their shadow. Antarctica has an irregular sun pattern and some days have no sun rise or 24 hour sunlight. Antarctica has temperatures can range from -10C to -60C. Groundhogs live in forests or woodlands with plenty of sunlight.	What does a groundhog have to see in order for a prediction to be made on Groundhog Day? Which particular light source is responsible for casting #1? How is the #2 pattern like on Antarctica? Is #3 is irregular?
92	The Powerpuff Girls	American animated television series	Can the Powerpuff Girls form a complete tag team wrestling match?	False	A tag team wrestling match is contested between at least two teams of at least two wrestlers each There are only three people in the Powerpuff Girls	What is the minimum number of people that can participate in a tag team match in professional wrestling? The Powerpuff girls are how many in number? Is #2 greater than or equal to #1?
93	White blood cell	type of cells of the immunological system	Will someone die without white blood cells?	True	White blood cells protect people against disease. Disease kills people.	What function do white blood cells serve in the body? Can a human live without #1?
94	Boat	vessel for transport by water	Does rock star Keith Richards play a captain of a boat in a movie?	True	Keith Richards has a cameo appearance in two of the Pirates of the Caribbean movies. He plays Captain Teague, the elderly father of famous pirate Captain Jack Sparrow. In At World's End, he is the member of the council of Pirate Lords who is responsible for keeping the Pirate Code, and there is a brief shot of him and his crew aboard their ship during the sequence where the pirates are raising their banners in preparation to fight.	What role did Keith Richards play in the Pirates of the Caribbean movies? Can #1 be considered a captain of a boat?
95	3D printing	Additive process used to make a three-dimensional object	Is 3D printing able to make adenovirus?	False	3D printers come with limitations in terms of precision. The standard nozzle output is about 0.4 mm. Therefore, if you are planning to print something that is below 0.4mm, you will not get a useful item. Adenoviruses are medium-sized (90–100 nm), nonenveloped (without an outer lipid bilayer) viruses with an icosahedral nucleocapsid containing a double stranded DNA genome.	What is the size of a 3D printer's standard nozzle output? What size range do adenoviruses fall in? Is #2 greater than or equal to #1?
96	Eleventh grade	educational year	Would an eleventh-grader be eligible for Medicare?	False	Students in the 11th grade are typically between 16-17 years old. The age requirement for most Medicare recipients is 65 or older.	What ages are people in eleventh grade? What ages are most medicare recipients? Is there an overlap between #1 and #2?
97	Panthéon	mausoleum in Paris	Is there a full Neptunian orbit between the first two burials of women in the Panthéon?	False	In 1907, Sophie Berthelot is the first woman to be interred in the Panthéon  In 1995, Marie Curie is the second woman to be interred there Neptune takes 165 years to go around the sun	In what year was the first woman buried in the Panthéon? In what year was the second woman buried in the Panthéon? How many years are between #1 and #2? How many years does it take for Neptune to orbit the Sun? Is #4 less than or equal to #3?
98	Boat	vessel for transport by water	Will Oasis cruise boat traverse the Lincoln Tunnel?	False	The Lincoln Tunnel has a maximum height clearance of 13 feet. The height of the Oasis cruise boat is 236 feet.	What is the maximum height clearance of the Lincoln Tunnel? How tall is the Oasis cruise ship? Is #1 greater than or equal to #2?
99	Motor vehicle	self-propelled wheeled vehicle	Could Oscar Wilde have operated a motor vehicle?	True	Motor vehicles were in use by the 1890s Oscar Wilde lived until 1900	When were cars first used? When did Oscar Wilde pass away? Did #2 happen after #1?
100	Stoning	execution method	Would George Fox support stoning?	False	George Fox was the founder of the Religious Society of Friends, commonly known as the Quakers or Friends. The Quakers advocate for peace and nonviolence. Stoning is a particularly violent and brutal method of capital punishment.	What was George Fox the founder of? What did #1 advocate for? Is stoning an example of #2?
101	Tokyo Tower	observation tower	Will Tokyo Tower be repainted only once during President Trump's first term?	True	Tokyo Tower is repainted every five years  The last repainting began in 2018 Trump's first presidential term is from 2017 to 2021	How long (in years) is President Trump's first term? How often (interval in years) is the Tokyo Tower repainted? Is #2 divided by #1 less than two?
102	Supreme Court of the United States	Highest court in the United States	Has a neanderthal ever served on the Supreme Court of the United States?	False	The Supreme Court was established in 1789. Neanderthals are primitive humans that lived 40,000 years ago.	How long ago did Neanderthals live? How long ago was the Supreme Court of the United States formed? Is #2 greater than #1?
103	Clouded leopard	species of mammal found from the Himalayan foothills through mainland Southeast Asia into China	Can Clouded leopards chase down many Pronghorn antelopes?	False	The top speed of a Clouded leopard is 40 MPH. The top speed of a Pronghorn antelope is 61 MPH.	What is the top speed for a Clouded leopard ? What is the top speed for a Pronghorn antelope ? Is #1 greater then or equal to #2?
104	Wednesday	Day of the week	Does the anatomy of a camel lend itself to jokes on Wednesdays?	True	Wednesday is often referred to as 'hump day' as a joke. Camels are known for having a significant hump. 	As a joke, what is Wednesday otherwise known as? What are camels known for having? Is there overlap between #1 and #2?
105	Goofy	Disney cartoon character	Can voice actors for Goofy and Bugs Bunny each get one stripe from American flag?	True	The American flag has 13 stripes on it. Since the role originated in 1932, six people have voiced the character of Goofy. Since 1940, seven people have voiced the character of Bugs Bunny.	How many stripes does the American flag have? How many people have been the voice of Goofy? How many people have been the voice of Bugs Bunny? What is #2 plus #3? Is #1 equal to or greater than #4?
106	Clark Gable	American actor	Did Clark Gable appear in any movies scored by John Williams?	False	Clark Gable died in 1960. John Williams scored his first movie in 1961.	When did Clark Gable die? When did John Williams begin creating movie scores? Is #2 before #1?
107	Linus Torvalds	Creator and lead developer of Linux kernel	Is Linus Torvalds' wife unable to physically defend herself?	False	Linus Torvalds is married to Tove Torvalds. Tove Torvalds is a six-time Finnish national karate champion. Karate is now predominantly a striking art using punching, kicking, knee strikes, elbow strikes and open-hand techniques such as knife-hands, spear-hands and palm-heel strikes.	Who is Linus Torvalds' wife? What is #1 well known for? Can #2 not be used as a form of self defense?
108	Eric Clapton	English musician, singer, songwriter, and guitarist	Did Eric Clapton have similar taste in women to one of the Beatles?	True	The Beatles consisted of John Lennon, Paul McCartney, George Harrison, and Ringo Starr. George Harrison was married to Pattie Boyd from 1966-1977. Eric Clapton married Pattie Boyd in 1979.	Who are the spouses Eric Clapton has had? Who are the spouses the members of the Beatles have had? Is #1 listed in #2?
109	Darth Vader	fictional character in the Star Wars franchise	Is watching  Star Wars necessary to know who Darth Vader is?	False	Star Wars is one of the most widely parodied film series to be produced. Star Wars merchandise, from tees to Halloween costumes, is widely available and is plentiful. 	Has Star Wars inspired many parody films? Are Star Wars merchandise depicting characters from the movie available? Considering #1 and #2, are there no depictions of characters outside the movie?
110	Eddie Murphy	American stand-up comedian and actor	Did Eddie Murphy's father see his first stand up show?	False	Eddie Murphy's father died when Eddie Murphy was 8 years old. Eddie Murphy's stand up career began when he was 15 years old.	How old was Eddie Murphy when he released his first stand up show? How old was Eddie Murphy when his father died? Is #2 greater than #1?
111	Silverfish	species of insect	Could a silverfish reach the top of the Empire State Building?	False	"Silverfish cannot fly. Animals that cannot fly can only access objects at or near ground level without mechanical assistance. The top of the Empire State Building is 	1,454 ft high."	How high is the Empire State Building? What class of animals do silverfish belong to? Can #2 typically get to heights of #1 without assistance?
112	Law & Order	original television series (1990-2010)	Are there winged statuettes in the home of the creator of Law & Order?	True	Law & Order was created by Dick Wolf Dick Wolf won an Emmy in 2007  Dick Wolf won an Emmy in 1997 The Emmy statuette is of a winged woman holding an atom	What award has a trophy that is a winged statuette? Who is the creator of Law & Order? Has #2 ever won #1?
113	Islamophobia	Fear, hatred of, or prejudice against the Islamic religion or Muslims generally,	Was Donald Trump the target of Islamophobia?	False	Islamophobia targets Muslims Donald Trump is a Presbyterian, a denomination of Christianity	Islamophobia is the fear of which set of people? Does Donald Trump identify as #1?
114	Golden Gate Bridge	suspension bridge on the San Francisco Bay	Would baker's dozen of side by side Mac Trucks jam up Golden Gate Bridge?	True	The width of the Golden Gate Bridge is 90 feet.  A baker's dozen includes 13 items. The width of a Mac truck is around 8 feet.	How wide is a Mac truck? How many items are in a baker's dozen? What is #1 multiplied by #2? How wide is the Golden Gate Bridge? Is #3 greater than or equal to #4?
115	Brussels sprout	vegetable	Could someone mistake the smell of your brussels sprouts for a fart?	True	Brussels Sprouts are cruciferous vegetables. Cruciferous vegetables have a sulfur containing chemical called glucosinolate in them When you cook brussels sprouts, their smell intensifies. 	What kind of vegetable are brussels sprouts? What chemical is found inside #1? What happens to #2 when you cook them? Does #3 smell like farts?
116	Guitarist	person who plays the guitar	Do guitarist's have fingers that can handle pain better than average?	True	Guitarists typically have calloused fingertips.  Callouses are formed of layers of dead skin and usually lack sensation.	What typically forms on a Guitarists' finger? Does #1 usually cause a lack of sensation?
117	1965	Year	Were there under 150,000 American troops in Vietnam in 1965?	True	In 1965 the president announced an intention to increase the amount of troops to 125,000 There were only 75,000 prior to 1965	How many American troops were in Vietnam in 1965? Is #1 less than 150,000?
118	Maize	Cereal grain	Did Native American tribes teach Spaniards how to cultivate maize?	True	In 1492, Spanish settlers brought Maize back to Europe from America. Native Americans cultivated and bred the first maize from wild grasses.	Who cultivated the maize that Spaniards took to Europe from America in 1492? Were #1 Native Americans?
119	Oscar Wilde	19th-century Irish poet, playwright and aesthete	Has Oscar Wilde's most famous character ever been in an Eva Green project?	True	Oscar Wilde is most famous for his book The Picture of Dorian Gray. Dorian Gray is a beautiful socialite that is the main character of The Picture of Dorian Gray. Acclaimed actress, Eva Green has starred in numerous films and TV shows including Penny Dreadful. Dorian Gray flirts with Vanessa Ives in the Penny Dreadful episode, Seance. Vanessa Ives is played by Eva Green.	What is Oscar Wilde's most famous book? Who is the main character of #1? What episode of Penny Dreadful was #2 in? Is one of the characters in #3 played by Eva Green?
120	Disgust	Basic emotion	Do frogs feel disgust?	True	Disgust is a basic emotion. Frogs make sounds that express their emotions.	What is disgust? Do frogs express #1?
121	Monogamy	Relationship form where each individual has only one partner during their lifetime or at any one time	Did either Kublai Khan or his grandfather practice monogamy?	False	Kublai Khan was married multiple times and was said by some to have thousands of concubines. Kublai Khans grandfather was Genghis Khan. Genghis Khan had six wives and was said to have over 500 concubines.	How many times was Kublai Khan married? Who was Kublai Khan's grandfather? How many times wives did #2 have? Is #1 equal to 1 and is #3 equal 1?
122	Parent	father or mother	Does a person need to be a parent to become a grandparent?	True	Parents care for their children. When the children grow up and have kids of their own, the parents become grandparents to those kids. A person who is not a parent has no kids, therefore nobody to produce grandchildren for them.	What must a person have in order to be known as a grandparent? What would the parents of #1 be to the person? Must one be a parent to have #2?
123	Mental disorder	Distressing thought or behavior pattern	Did Van Gogh suffer from a mental disorder?	True	Mental disorders can be characterized by psychotic episodes and delusions Van Gogh suffered from psychotic episodes and delusions	What are mental disorders characterized as? What issues did Van Gogh suffer from? Is #1 the same as #2?
124	C-SPAN	American pay television network	Is the span in C-SPAN named after Alan Greenspan?	False	Alan Greenspan was chairman of the Federal Reserve from 1987 to 2006. CSPAN is a cable news network that was created in 1979. Alan Greenspan was relatively unknown to the world at large in 1979.	When was C-SPAN created? When was Alan Greenspan well-known? Is #1 contained within #2?
125	Eminem	American rapper and actor	Would Eminem perform well at the International Mathematical Olympiad?	False	Eminem dropped out of Lincoln High School at age 17 and disliked math and social studies. Mathematics competitions or mathematical olympiads are competitive events where participants sit a mathematics test. The content on the International Mathematical Olympiad ranges from extremely difficult algebra and pre-calculus problems to problems on branches of mathematics not conventionally covered at school and often not at university level either.	What levels of mathematics are covered in the International Mathematical Olympiad? What levels of mathematics is Eminem competent in? Does #2 meet the minimum level in #1?
126	Boolean algebra	"Algebra involving variables containing only ""true"" and ""false"" (or 1 and 0) as values"	Can a computer be programmed entirely in Boolean algebra?	True	Boolean algebra is the branch of algebra in which the values of the variables are the truth values true and false, usually denoted 1 and 0 respectively.  Mathematics in 1 and 0 is also called binary or machine language. Computers are programmed in machine language.	What are values included in Boolean algebra? At what level are program codes read directly by computers? Are the values included in #2 the same as #1?
127	Guitar Hero	video game series	Is Guitar Hero Beatles inappropriate for a US third grader?	False	The average age of a US third grader is 8. Guitar Hero is recommended for ages 7 and up. The Beatles were a British rock band with a plethora of radio friendly hits.	How old is the average US third grader? What is the recommended age to play Guitar Hero? Is #1 higher than #2?
128	Society	Social group involved in persistent social interaction	In American society, will a bachelor's degree often include a leap year?	True	Leap years occur every four years. In American society, a bachelor's degree takes about four years.	Leap years occur after how many years' interval? How many years does an average bachelor's degree take in the US? Is #2 divided by #1 greater than or equal to one?
129	Ariana Grande	American singer, songwriter, and actress	At a presentation about post traumatic stress disorder, would Ariana Grande be a topic of relevance?	True	Ariana Grande was performing in Manchester in 2017 when explosives were set off in an act of terrorism. Ariana Grande has spoken openly about her trauma experience and her PTSD regarding the Manchester Bombing.	What happened during Ariana Grande's performance in Manchester in 2017? What types of events cause post traumatic stress disorder? Is there any overlap between #1 and #2?
130	Banana	edible fruit	Were plants crucial for The King of Rock'n Roll's snack with bananas?	True	Elvis Presley is known as The King of Rock'n Roll. Elvis Presley loved to eat peanut butter and bananas. Bananas come from banana plants. Peanut butter comes from peanuts, which come from peanut plants.	Who is commonly referred to as The King of Rock 'n Roll? Which snacks was #1 known to take with bananas? Are #2 plants products or made from them?
131	The Atlantic	Magazine and multi-platform publisher based in Washington, D.C.	Could you read The Atlantic magazine during the Games of the XXII Olympiad?	True	The Atlantic magazine, founded in 1857, still publishes as of May 2020. The XXII Olympiad was the official name for the 1980 Summer Olympics.	When was The Atlantic Magazine founded? When was the XXII Olypiad? Is #2 after #1?
132	Bob Marley	Jamaican singer-songwriter	Can you find Bob Marley's face in most smoke shops?	True	Bob Marley's face is on the packaging of a popular brand of rolling papers. Bob Marley is a popular graphic to print on t-shirts for sale to smokers.	Where can one find Bob Marley's face printed on? Are any items from #1 commonly found in smoke shops?
133	Elizabeth I of England	Queen regnant of England and Ireland from 17 November 1558 until 24 March 1603	Could Elizabeth I of England have seen the play Dido, Queen of Carthage ?	True	Elizabeth I of England lived from 1533 - 1603. Dido, Queen of Carthage is a short play written by the English playwright Christopher Marlowe.  It was probably written between 1587 and 1593.	When was the play Dido, Queen of Carthage written? Was Elizabeth I of England alive during the period covered by #1?
134	Bipolar disorder	mental disorder that causes periods of depression and abnormally elevated mood	Is Britney Spears' breakdown attributed to bipolar disorder?	True	In 2008 Britney Spears was detained in a psychiatric hospital for bipolar disorder. In 2007 Britney Spears shaved her head during a breakdown. 	When did Britney Spears have a breakdown? What major event happened to Britney Spears the year after #1? What was the reason behind #2 happening to Britney Spears?
135	Chlorine	Chemical element with atomic number 17	Is week old chlorine water safe to drink?	True	Chlorine is a chemical that is the second lightest halogen element. Chlorine is toxic and can attack the respiratory system of humans. Chlorine is highly soluble in water and will dissolve in around 4 and a half days. The Water Quality and Health Council states that chlorination of drinking water protects consumers from diseases caused by waterborne microorganisms.	How long does it take for chlorine to dissolve in water? Is water with dissolved chlorine safe to drink? Is #2 positive and #1 less than a week?
136	Foot (unit)	customary unit of length	Is the foot part of the metric system?	False	The metric system measures distance based on the meter unit. The foot is part of the American standard system of measurement.	Which units of measure are used in the metric system? Is foot included in #1?
137	Rede Globo	Brazilian commercial television network	Would it be typical for a Rede Globo anchor to say Konnichiwa to the viewers?	False	Konnichiwa is a greeting in the Japanese language. The national language of Brazil is Portuguese.	In which country is Rede Globo based? What is the official language in #1? What language is Konnichiwa? Are #2 and #3 the same?
138	Hades	Greek god of the underworld in Greek mythology	Does Hades appear in a Disney Channel musical movie?	True	The Descendants Trilogy is a series of musical movies that aired on Disney Channel between 2015 and 2019. Hades appears as a supporting character in the third Descendants movie.	Which major musical series has been aired on Disney Channel? Has Hades been featured in any of #1?
139	Minor League Baseball	hierarchy of professional baseball leagues affiliated with Major League Baseball	Were weather phenomena avoided when naming minor league baseball teams?	False	Weather phenomena refers to types of weather caused conditions such as cyclones, storms, and tsunamis. Minor league baseball teams include the Brooklyn Cyclones and Lake Elsinore Storm.	What are some names of weather phenomena? What are the name of minor league baseball teams? Are any terms in #1 also present in #2?
140	Voyager 2	Space probe and the second-farthest man-made object from Earth	Could a Hwasong-15 missile hypothetically reach Voyager 2?	False	Voyager 2 was a probe that traveled to the interstellar medium of space. The interstellar medium is over 12,161,300,000 miles away from earth. The Hwasong-15 missile is a North Korean missile with a range of 8,000 miles.	How far away from Earth has Voyager 2 traveled? What is the range of a Hwasong-15 missile? Is #2 greater or equal to #1?
141	Armadillo	family of mammals	Could someone theoretically use an armadillo as a shield?	True	Armadillos have hard armor made of dermal bone. Humans have ended up in the hospital due to bullets ricocheting against an armadillo's shell.	What are the basic features of a shield? Does any part of the armadillo's body possess any of #1?
142	Linus Torvalds	Creator and lead developer of Linux kernel	Does Linus Torvalds make money off of DirectX?	False	DirectX is a proprietary technology owned by Microsoft Linus Torvalds is the creator and lead developer for the open-source Linux kernel The Linux kernel is used in operating systems that are competitors of Microsoft Windows	Which company owns the DirectX technology? Which operating system does #1 develop? Linus Torvalds develops which operating system? Is #2 the same as #3?
143	Mediterranean Sea	Sea connected to the Atlantic Ocean between Europe, Africa and Asia	Did a Mediterranean Sea creature kill Steve Irwin?	True	Steve Irwin was killed by a Stingray animal. Batoids are sea ray animals that live in the Mediterranean Sea. Batoids and stingrays are related by sharing a scientific class of Chondrichthyes.	Which animal killed Steve Irwin? Is #1 a sea creature
144	Zika virus	Species of virus	Do you need to worry about Zika virus in Antarctica? 	False	Mosquitoes cannot survive in the climate of Antarctica. Zika virus is primarily spread through mosquito bites. 	What animal spreads the Zika Virus? What is the climate of Antarctica? Can #1 survive in #2?
145	Christmas carol	Song or hymn or carol on the theme of Christmas	Did the writer of Christmas carol fast during Ramadan? 	False	The writer of Christmas carol is Charles Dickens, who is a Christian.  Christians do not fast during Ramadan. 	Which group of people fast during Ramadan? Christmas carols are composed by and for which group of people? Are #2 and #1 the same?
146	Haiku	very short form of Japanese poetry	Are most books written as a Haiku?	False	Haiku is a very short poem Haiku is written with 3 short phrases.	What is the format of a haiku? Are chapter books written like #1?
147	1976 Summer Olympics	Games of the XXI Olympiad, held in Montréal in 1976	Does the country that received the most gold medals during the 1976 Olympics still exist?	False	The Soviet Union received the most gold medals during the 1976 Summer Olympics The Soviet Union existed from 1922 to 1991	In the 1976 Summer Olympics, which country received the most gold medals? Does #1 still exist as a country?
148	Chuck Norris	American martial artist, actor, film producer and screenwriter	Will Chuck Norris be a nonagenarian by time next leap year after 2020 happens?	False	A nonagenarian is a person between 90 and 99 years of age. Chuck Norris is 80 years old in 2020. The next leap year after 2020 is 2024. Chuck Norris will be 84 in 2024.	When was Chuck Norris born? When is the next leap year after 2020? What is the difference between #1 and #2? How many years of age makes one a nonagenarian? Is #3 greater than or equal to #4?
149	Silk	fine, lustrous, natural fiber produced by the larvae of various silk moths, especially the species Bombyx mori	Does Bombyx mori have a monopoly over silk production?	False	A monopoly refers to the exclusive supply of a good. The Bombyx mori is a moth famous for its silk production. Spiders, beetles, caterpillars, and fleas produce silk. Wild silk produced by caterpillars has been used in China, Europe, and South Asia since antiquity.	In a monopoly, how many different entities supply goods? What insects produce silk? How many things are listed in #2? Is #3 equal to #1?
150	Cannabis (drug)	psychoactive drug from the Cannabis plant	Has cannabis been a big influence in rap music genre?	True	"Rapper Dr. Dre named his 1992 album, The Chronic, a reference to marijuana. Cannabis is a flowering plant also known as marijuana. Rapper Canibus took his name from cannabis. Rapper Snoop Dogg's song OG has a line, ""Rolling up my Mary Jane,"" a reference to marijuana. Rap group Bone Thugs N Harmony's Weed Song is a reference to marijuana."	"What is Rapper Dr. Dre's Album The Chronic a reference to? What did Rapper Canibus get his name from? Snoop Dogg's line ""Rolling up my Mary Jane"" from the song OG has reference to? Are all #1, #2, #3 the same as cannabis?"
151	Jews	Ancient nation and ethnoreligious group from the Levant	Do Jews believe in any New Testament angels?	True	The New Testament is a book central to Christianity. The New Testament features a number of angels including Michael, and Gabriel. The Talmud is the central text of Rabbinic Judaism. The Talmud names four angels who would later be known as archangels, surrounding God's throne: Michael, Gabriel, Uriel, and Raphael.	What book is the central text of Rabbinic Judaism? Does #1 mention any angels? Are the angels mentioned in #2 also mentioned in the New testament?
152	Kelly Clarkson	American singer-songwriter, actress, and television personality	Did Christina Aguilera turn her chair around for Kelly Clarkson on The Voice?	False	Christina Aguilera is a judge on the voice. Kelly Clarkson is a judge on the voice. Judges only turn their chairs around for competitors.  Kelly Clarkson has not competed on the voice.	Do judges on the voice turn their chair for only contestants? Has Kelly Clarkson ever been a contestant on the voice? Are #1 and #2 the same?
153	Christians	people who adhere to Christianity	Do Christians anticipate an existence in Sheol after death?	False	Sheol appears in the Christian Bible, in the Old Testament. Christians do not recognize Sheol as part of their afterlife.	Which Testament of the Bible makes reference to Sheol? Is #1 the New Testament? Is Sheol included in Christians' concept of afterlife as expressed in the New Testament? Is #2 or #3 positive?
154	Courage	quality of mind or spirit that enables a person to face difficulty, danger, or pain	Would an anxious person benefit from receiving courage from the Wizard of Oz?	False	An anxious person may benefit from medication or therapy. The Wizard of Oz cannot give courage to anyone.	What would an anxious person benefit from receiving? Can the Wizard of Oz provide #1?
155	Polyamory	Practice of or desire for intimate relationships with more than one partner	Is polyamory allowed in the Catholic Church?	False	"A central tenet of the Catholic Church is a one-to-one match between man and woman. The ten commandments claim that ""coveting your neighbors wife"" is a sin."	What is Polyamory? Is #1 allowed in catholic churches?
156	Police officer	warranted employee of a police force	Does a Generation Y member satisfy NYPD police officer age requirement?	True	The NYPD has a minimum age requirement of 21. Members of Generation Y were born between 1980 and 1994.	How old do you have to be to be an NYPD officer? How old are Generation Y members currently? Is #2 higher than #1?
157	Alice's Adventures in Wonderland	book by Lewis Carroll	"Could the main character of ""Alice's Adventures in Wonderland"" join a Masonic Lodge?"	False	"The main character of ""Alice's Adventures in Wonderland"" is Alice, a young girl. Masonic Lodge membership is restricted to men over the age of either 18 or 21, depending on jurisdiction."	"Who is the main character of ""Alice's Adventures in Wonderland""? Does #1 meet the age and gender requirements for Masonic Lodge membership?"
158	Fairy	mythical being or legendary creature	Did King James I despise fairy beings?	True	King James I wrote Daemonologie in which he stated that a fairy was a being that could act as a familiar. A familiar was an animal or spirit that conspired with The Devil. King James I presided over the execution of Agnes Sampson. Agnes Sampson was accused of conspiring with familiars and was burned at the stake.	What did King James I claim that fairies could act as in his book 'Daemonologie' Which beings did he execute Agnes Sampson for allegedly conspiring with? Is #1 the same as #2?
159	Evander Holyfield	American boxer	Did Evander Holyfield compete in an Olympics hosted in the western hemisphere?	True	Evander Holyfield won a bronze medal during the 1984 Summer Olympics. The 1984 Olympics were held in Los Angeles, California. California is in the United States, which is located entirely within the western hemisphere.	Which Olympic games have been held in the Western Hemisphere? Did Evander Holyfield compete in any events listed in #1?
160	Harry Houdini	American magician, escapologist, and stunt performer	Did Harry Houdini's wife make psychics look foolish?	True	"Psychics are people that claim to have special powers to talk to the dead. Harry Houdini gave his wife a code word to ask psychics to repeat after his death. The wife of Harry Houdini, Wilhelmina Beatrice ""Bess"" Rahner, asked several psychics for the code word and none knew it."	What did Harry Houdini give to his wife to test psychics after his death? Were psychics unable to provide #1?
161	Handedness	Better performance or individual preference for use of a hand	Does handedness determine how you use American Sign Language?	True	Your dominant hand typically performs the moving part of a sign in ASL. Your dominant hand determines the hand you use to finger spell in ASL.	Does the dominant hand perform different functions than the other in ASL?
162	Onion	vegetable	Do onions have a form that resembles the inside of a tree?	True	When bisected, an onion has rings that extend from the core to the outside. Trees are formed of a series of rings that extend from the inside to the outside	What is the structure observed in an onion when it is cut open? What is the structure of a tree's cross section? Is #1 similar to #2?
163	Moose	A genus of mammals belonging to the deer, muntjac, roe deer, reindeer, and moose family of ruminants	Are moose used for work near the kingdom of Arendelle?	True	The opening scene of Disney's Frozen shows a group of ice breakers. They have moose that carry the heavy ice blocks. One of them, Kristoff, becomes separated with his moose Sven. When Queen Elsa flees Arendelle and Princess Anna gives chase, she quickly encounters Kristoff.	What show is the kingdom of Arendelle from? In the opening scene of #1, what are a group of men doing? Are moose used to carry #2?
164	Eleventh grade	educational year	Is eleventh grade required to get a driver's licence?	False	Eleventh grade is an educational year in high school. Many high schools offer driver's education classes. Drivers education classes can be taken outside by other organizationsof high school. One must pass a driving test to obtain a drivers license.	What criteria must be met to obtain a driver's license in the US? Is passing the eleventh grade required to meet #1?
165	Blue	A primary colour between purple and green	Do some home remedies result in your skin color turning blue?	True	Colloidal silver is a popular alternative treatment/home remedy that is used by some people. Ingestion of colloidal silver in high amounts can tint the skin blue.	What can cause skin color to change? Of #1, what changes can be caused by ingestion of something? Of #2, what causes skin color to become blue? Is #3 used in home remedies?
166	Jack Kerouac	American writer	Was ethanol beneficial to Jack Kerouac's health?	False	In 1969, at age 47, Kerouac died from an abdominal hemorrhage caused by a lifetime of heavy drinking of alcohol. Ethanol is the main ingredient in alcoholic beverages.	What did Jack Kerouac die from? Is there ethanol in #1? 
167	Doctor Strange	Superhero appearing in Marvel Comics publications and related media	Did Doctor Strange creators also make Batman?	False	Doctor Strange is a superhero created by Steve Ditko and Stan Lee. Batman is a DC comics superhero. Stan Lee worked for Marvel comics, the competitor of DC comics. Steve Ditko worked for DC late in his career and worked on Blue Beetle, the Question, the Creeper, Shade the Changing Man, and Hawk and Dove.	Who were the creators of the fictional character 'Doctor Strange'? Who were the creators of the fictional character 'Batman'? Are #1 the same as #2?
168	Charlemagne	King of the Franks, King of Italy, and Holy Roman Emperor	Was Charlemagne's father instrumental in outcome of the Battle of Tours?	False	Charlemagne's father was Pepin the Short. Pepin the Short's father was Charles Martel. Charles Martel led an army against the Umayyads at the Battle of Tours. Pepin the Short spent his early years being raised by monks.	Who was Charlemagne's father? Was #1 involved in the Battle of Tours?
169	Ham	Pork from a leg cut that has been preserved by wet or dry curing, with or without smoking	Would Janet Jackson avoid a dish with ham?	True	Janet Jackson follows an Islamic practice.  Islamic culture avoids eating pork. Ham is made from pork.	What is Janet Jackson's religion? Which foods are prohibited by #1? What type of food is ham? Is #3 included in #2?
170	Giant panda	species of mammal	Can giant pandas sell out a Metallica show?	False	Metallica concerts are held in large arenas attended by tens of thousands of fans The highest estimate for the giant panda population is around 3,000 animals	How many people can the large arenas where Metallica plays hold? How many giant pandas are there? Is #2 greater than or equal to #1?
171	Armadillo	family of mammals	Would multiple average rulers be necessary to measure the length of a giant armadillo?	True	The average ruler is 12 inches or 30 centimeters in length. The typical length of the giant armadillo is 75–100 cm (30–39 in), with the tail adding another 50 cm (20 in).	What length are the best selling rulers on Amazon? How long is a typical giant armadillo? What is #2 divided by #1? Is #3 greater than one?
172	Hippopotamus	A large, mostly herbivorous, semiaquatic mammal native to sub-Saharan Africa	Can you only see hippopotamus in Africa?	False	The United States has several zoos featuring hippopotamus. In the UK, you can see hippopotamus at the Marwell Zoo.	Where are animals kept for recreation/sightseeing? Can #1 that has hippopotamus be found only inside Africa?
173	Kane (wrestler)	American professional wrestler, actor, businessman, and politician	Was Kane (wrestler) banned from WCW  headquarters city?	False	Kane (wrestler is a professional wrestler most known for his WWE tenure. Kane wrestled one match in WCW as Bruiser Mastino. WWE main rival WCW was headquartered in Atlanta, Georgia. Kane competed in an eight-man tag match at Wrestlemania XXVII in the Georgia Dome. The Georgia Dome was a stadium in Atlanta Georgia.	Where were the headquarters of the WCW? Did Kane never perform in #1?
174	Rumi	13th-century Persian poet	Was Rumi's work serialized in a magazine?	False	Rumi was a poet who wrote poetry Magazines serialize long-form prose like novels	When was the first magazine ever published? When was the poet Rumi active? Was #1 before #2?
175	Olympia, Washington	State capital and city in Washington, United States	"Is Olympia, Washington part of ""Ish river country""?"	True	"Poet Robert Sund called the Puget Sound region ""Ish River country"". Olympia is in the Puget Sound region."	Where is Ish river country?  What cities are located in #1? Is Olympia included in the list in #2?
176	Strawberry	edible fruit	Would someone with back pain enjoy picking strawberries?	False	Back pain may be worsened by repeated bending at the waist. Strawberries grow very close to the ground.	What are some common body postures that can aggravate back pain? At which position relative to the ground do strawberries grow? What posture would one have to assume to reach #2? Is #3 excluded from #1?
177	Prussia	state in Central Europe between 1525–1947	Was the Euro used in Prussia?	False	Prussia was formally abolished in 1947. The Euro was introduced in 1992.	When was Prussia formally abolished? When was the Euro introduced? Is #2 before #1?
178	Eiffel Tower	Tower located on the Champ de Mars in Paris, France	Did Eiffel Tower contribute to a war victory?	True	A radio transmitter located in the Eiffel Tower. This transmitter jammed German radio communications. This hindrance in German radio communications contributing to the Allied victory at the First Battle of the Marne.	What notable events in which Eiffel Tower was of primary importance took place during a war? Did any of #1 give a side an advantage during the said war?
179	Indian Ocean	The ocean between Africa, Asia, Australia and Antarctica (or the Southern Ocean)	Has the Indian Ocean garbage patch not completed two full rotations of debris since its discovery?	True	The Indian Ocean garbage patch was discovered in 2010 The Indian Ocean garbage patch takes 6 years to complete a circulation 	When was the Indian Ocean garbage patch discovered? How long does it take for the Indian Ocean garbage patch to complete a rotation? How many years has it been since #1? Is #3 less than two times #2?
180	Armageddon	according to the Book of Revelation, the site of a battle during the end times	Do some religions look forward to armageddon?	True	Evangelicals cite that we are living in the beginning of Armageddon and that the rapture will happen soon as a good thing. Jehova's Witnesses believe that destroying the present world system and Armageddon is imminent, and that the establishment of God's kingdom over the earth is the only solution for all problems faced by humanity	Where does the concept of Armageddon has its roots? #1 is associated with which religion? Do adherents of #2 believe in and await the Armageddon?
181	War in Vietnam (1945–46)	Prelude to the Indochina Wars	Could a llama birth twice during War in Vietnam (1945-46)?	False	The War in Vietnam (1945-46) lasted around 6 months. The gestation period for a llama is 11 months.	How long did the Vietnam war last? How long is llama gestational period? What is 2 times #2? Is #1 longer than #3?
182	Rick and Morty	Animated sitcom	Is Rick and Morty considered an anime?	False	Anime is a genre of animation that is hand drawn and is of Japanese origin. Rick and Morty is an American animated show.	What country does anime come from? Rick and Morty is an animated show from which country? Do #1 and #2 have the same answer?
183	The Hague	City and municipality in South Holland, Netherlands	Does The Hague border multiple bodies of water?	False	The Hague is in the Netherlands.  The Hague is in the Western part of the Netherlands.  The Netherlands borders the North Sea to its west. 	What country is the Hague located in? What bodies of water does #1 border on? What part of #1 is the Hague located in? How many bodies of water in #2 does #3 border? Is #4 greater than 1?
184	Chipmunk	Tribe of mammals (rodent (marmot))	Could a chipmunk fit 100 chocolate chips in his mouth?	False	A chipmunk can fit up to two tbsp of food in his mouth. There are about 20-25 chocolate chips in a tbsp.	What is the carrying capacity of a chipmunks mouth in tbsp.? How many chocolate chips are in a tbsp? What is 100 divided by #2? Is #1 greater than #3?
185	Anchovy	Family of fishes	Would a pescatarian be unable to eat anchovy pizza?	False	Pescatarians do not eat red meat or chicken but do eat fish. Pescatarians have no restrictions with eating cheese.	What do pediatricians eat for source of meat? Is anchovy not included in #1?
186	Sophist	Specific kind of teacher in both Ancient Greece and in the Roman Empire	Would Sophist's have hypothetically made good lawyers?	True	Sophist's were teachers in ancient Greece that used rhetoric. Lawyers must persuade juries that their side of the case is correct. Rhetoric is the ancient art of persuasion that was meant to sway audiences in specific situations.	What were Sophist's role in Ancient Greece? What did #1 use in their position? What do lawyers do in their position? Would #3 find #2 to be helpful?
187	Tonsillitis	Inflammation of the tonsils	Can fish get Tonsillitis?	False	Tonsils are a pair of soft tissue masses located at the rear of the throat Tonsillitis is the inflammation of tonsils. Fish do not have tonsils. Tonsils are only found in mammals. 	What does Tonsillitis affect? What kinds of animals are #1 found in? Are fish #2?
188	Panthéon	mausoleum in Paris	Will Queen Elizabeth be buried in the Pantheon?	False	Queen Elizabeth is the reigning monarch of the United Kingdom The Pantheon is a resting place for notable French citizens	The Panthéon is reserved as a mausoleum for citizens of which country? Is Queen Elizabeth from #1?
189	Boolean algebra	"Algebra involving variables containing only ""true"" and ""false"" (or 1 and 0) as values"	Does coding rely on Boolean algebra characters?	True	Boolean algebra uses the characters of 1 and 0 to represent true and false. Binary code is an essential part of computer coding. Binary code consists of the characters 0 and 1 which represents strings of value.	What characters does Boolean algebra use? What characters does binary code use? Are #1 and #2 the same?
190	Gandalf	Fictional character created by J. R. R. Tolkien	Was Gandalf present at the death of Eomer?	False	Eomer died in a skirmish with orcs outside Rohan at the beginning of Two Towers. Gandalf had been killed by the Balrog at the end of Fellowship of the Ring. Gandalf returns with improved powers later on in Two Towers.	In which LOTR installment was Gandalf first killed? At what point in the LOTR franchise did Eomer die? When did Gandalf first reappear after #1? Did #2 take place outside of the period between #1 and #3?
191	Amy Winehouse	English singer and songwriter	Would Amy Winehouse's death have been prevented with Narcan?	False	Narcan is a medication that save the life of someone overdosing on opiates. Amy Winehouse died from alcohol poisoning. Narcan cannot work on alcohol overdoses.	What was the cause of Amy Winehouse's death? What are the indications/symptoms that can be treated with Narcan? Is #1 included in #2?
192	Reproduction	Biological process by which new organisms are generated from one or more parent organisms	Are those incapable of reproduction incapable of parenthood?	False	Surrogates are women who will carry a baby to term for a family seeking to adopt. Many children are put into the adoption and foster system every year and are always available to adopt, independent of the parents reproductive status.	What do surrogate mothers do? What purpose do adoption and foster systems serve? Do #1 and #2 fail to help couples incapable of reproduction become parents?
193	Mixed martial arts	full contact combat sport	Is Mixed martial arts totally original from Roman Colosseum games?	False	Mixed Martial arts in the UFC takes place in an enclosed structure called The Octagon. The Roman Colosseum games were fought in enclosed arenas where combatants would fight until the last man was standing. Mixed martial arts contests are stopped when one of the combatants is incapacitated. The Roman Colosseum was performed in front of crowds that numbered in the tens of thousands. Over 56,000 people attended UFC 193.	What are the major features of UFC's Mixed martial arts? What were the major features of Roman Colosseum games? Is #1 a complete match with #2?
194	Herpes simplex virus	Species of virus	Can Herpes simplex virus spread on Venus?	False	Herpes simplex virus is a disease that has the structure of a tiny protein cage. Venus is the hottest planet and its temperature can reach 900°F. Proteins lose their structure and break down at temperatures above 105.8°F.	What kind of organism is the Herpes simplex virus? What is the maximum temperature that #1 can withstand? What is the average temperature on Venus? Is #3 less than or equal to #2?
195	Bern	Place in Switzerland	Is Bern located east of Paris?	True	Paris is located in France. Bern is located in Switzerland. Switzerland borders France to the east.	What country is Paris located in? What country is Bern located in? Is #2 located east of #1?
196	Eighth Amendment to the United States Constitution	prohibits cruel and unusual punishment and excessive bail	Would keelhauling be a fair punishment under the Eighth Amendment?	False	"Keelhauling was a severe punishment whereby the condemned man was dragged beneath the ship’s keel on a rope. Keelhauling is considered a form of torture. Torture is considered cruel. The Eighth Amendment forbids the use of ""cruel and unusual punishment""."	What kind of punishment is keelhauling considered a form of? Does the Eighth Amendment allow #1?
197	Armadillo	family of mammals	Would Franz Ferdinand have survived with armadillo armor?	False	Franz Ferdinand was the Archduke of Austria that was assassinated in 1914. Franz Ferdinand was assasinated with a FN Model 1910 pistol. Armadillos have a hard outer shell made of bony plates called osteoderms. The armadillos bony plates can withstand some force, but not a bullet.	How was Franz Ferdinand killed? Can armadillo armor withstand #1?
198	Railroad engineer	person who operates a train on a railroad or railway	Can you find a railroad engineer on TNT?	True	TNT is a cable television network Snowpiercer is a show airing on the TNT network Snowpiercer involves people living on an active train in a postapocalyptic future A railroad engineer is necessary to keep a train running	What movies are about trains or railroads? Are any of #1 currently airing on TNT?
199	Amazon (company)	American electronic commerce and cloud computing company	Could Amazon afford The Mona Lisa?	True	Amazon is worth over $1 trillion and had a revenue of $232.887 billion in 2018. The Mona Lisa had an insurance valuation equivalent to $650 million as of 2018.	How much is Amazon worth? How much is the Mona Lisa worth? Is #1 more than #2?
200	Martin Luther	Saxon priest, monk and theologian, seminal figure in Protestant Reformation	Was Martin Luther same sect as Martin Luther King Jr.?	False	Martin Luther was a Catholic friar that began the movement of Protestantism after he aired several grievances against the church. Martin Luther King Jr. was a Baptist minister. Baptists form a major branch of Protestantism. Baptists trace their Protestantism to the English Separatist movement of the 1600s. Martin Luther lived from 1483-1546.	Which religious denomination did Martin Luther belong to for the significant part of his life? Which religious denomination did Martin Luther King Jr. identify with for the significant part of his life? Is #1 the same as #2?
201	Jean-Paul Sartre	French existentialist philosopher, playwright, novelist, screenwriter, political activist, biographer, and literary critic	Did Sartre write a play about Hell?	True	In 1944, Sartre released No Exit. No Exit is a play about three people mysteriously locked in a room together. Late in the play, it is revealed the room is a version of Hell.	What is Jean-Paul Sartre's most famous play? What is the plot of #1? Is Hell a critical element of #2?
202	Rowing (sport)	Sport where individuals or teams row boats by oar	Can rowing competitions take place indoors?	False	Rowing is a sport involving propelling boats. Boats need a large body of water in order to move. There are no indoor facilities big enough to host a pool with enough size for a boating competition.	What is the main equipment required for rowing? What surface does #1 need in order to move? Is there an indoor facility with a big enough amount of #2 to host a competition?
203	Middle Ages	Period of European history from the 5th to the 15th century	Were there fifty English kings throughout the Middle Ages?	False	The Middle Ages was a period of history from 476-1453 AD. From 476 to 1453 AD  there were around 36 Kings of England including disputed claimants to the throne.	Which span of time is referred to as the Middle Ages? How many kings ruled England through #1? Is #2 equal to fifty?
204	Thanksgiving (United States)	holiday celebrated in the United States on the fourth Thursday in November	Is Thanksgiving sometimes considered a day of mourning?	True	The Native American People in the United States were brutalized during the colonization period. Native Americans in the US often choose to mourn the genocide of their people on Thanksgiving.	When do Native Americans often choose to mourn the genocide of their people? Is Thanksgiving included in #1?
205	Sea shanty	work song sung to accompany labor on board large merchant sailing vessels	Does Jack Sparrow know any sea shantys?	True	Jack Sparrow is the main character of the popular 'Pirates of the Caribbean' movie franchise. Jack Sparrow is the captain of a pirate ship. Jack Sparrow sings many songs while on the sea.	Which movie is Jack Sparrow a main character in? Which activity is associated with singing of sea shantys? As portrayed in #1, is Jack Sparrow in a position to engage in #2?
206	Honey	Sweet food made by bees mostly using nectar from flowers	If someone is a vegan, would they eat honey?	False	Veganism is a type of diet that excludes all animal products, including those that are byproducts.  Honey is considered an animal byproduct. 	Do vegans eat animal byproducts? Is honey considered an animal byproduct? Are the answers to #1 and #2 the same?
207	Mongoose	family of mammals	Does a mongoose have natural camouflage for desert?	True	The most common fur colors of mongooses are brown and gray. The Desert Camouflage color is made of Café Au Lait brown and Pastel Gray.	What colors are mongoose? What colors are desert camouflage? Is #1 included in #2?
208	Lamborghini	Italian car manufacturer	Can Lamborghini's fastest model win a race against a Porsche 911?	True	Lamborghini's fastest model is the Lamborghini Aventador SVJ Roadster. The Lamborghini Aventador SVJ Roadster has a top speed of 217 MPH. The Porsche 911 has a top speed of 191 MPH.	Which model of Lamborghini is the fastest? What is the top speed of #1? What is the top speed of a Porsche 911? Is #2 greater than #3?
209	Second Amendment to the United States Constitution	Part of the Bill of Rights, regarding the right to bear arms	Was the Second Amendment to the United States Constitution written without consideration for black Americans?	True	The writers of the Constitutional Amendments did not view black people as legitimate human beings. The writers of the Constitutional Amendments believed that slavery benefited black slaves. The Constitutional Amendments were written for people that the writers considered human.	Who were the writers of the Constitutional Amendments? Who was the the Constitutional Amendments written for? Did #1 fail to view black Americans as #2?
210	Gladiator	combatant who entertained audiences in the Roman Republic and Roman Empire	Could a Gladiator's weapon crush a diamond?	False	Gladiators used a sword known as a Gladius. The Gladius was a short sword made from various elements of steel. Diamond is one the hardest known substances on earth. Only diamond can be used to cut another diamond.	What material were Gladiator weapons made from? Can #1 crush a diamond?
211	Republic of Korea Navy	Naval warfare branch of South Korea's military	Would Republic of Korea Navy dominate Eritrea navy?	True	The Republic of Korea Navy has 150 ships, 70 aircraft, 70,000 personnel including 29,000 marines . The Eritrean Navy has 4 ships and an army of 45,000.	How many ships are in the Republic of Korea's navy? How many ships are in the Eritrean Navy? How many people are in the Republic of Korea's navy? How many people are in the Eritrean navy? Is #1 greater than #2 and is #3 greater than #4?
212	Toyota Prius	Hybrid electric automobile	Could someone have arrived at Wrestlemania X in a Toyota Prius?	False	Wrestlemania X took place in 1994 The Toyota Prius was first manufactured in 1997	When did Wrestlemania X hold? When was the Toyota Prius first manufactured? Is #2 before #1?
213	Guam	Island territory of the United States of America	Could the first European visitor to Guam been friends with Queen Victoria?	False	Portuguese explorer Ferdinand Magellan, while in the service of Spain, was the first European to visit the island. Magellan died in 1521. Queen Victoria was born in 1819.	Who was the first European visitor to Guam? When did #1 die? When was Queen Victoria born? Did #3 come before #2?
214	Adam Sandler	American actor, comedian, screenwriter, and producer	Would the average American family find Adam Sandler's home to be too small?	False	The average American family has about 3 people in it. Adam Sandler's home has 14 bedrooms and 7 bathrooms.	How many people are in the average American family? How big is Adam Sandler's home? Would a home the size of #2 be too small for #1 people?
215	Santa Claus	Folkloric figure, said to deliver gifts to children on Christmas Eve	Does Santa Claus work during summer?	False	Christmas is in winter. Santa works on Christmas.	What holiday does Santa Claus work on? Does #1 occur in the summer?
216	Constitution of the United States	Supreme law of the United States of America	Is the Hobbit more profitable for proofreader than Constitution of the United States?	True	Proofreaders typically get paid per the number of words in a document. The Constitution of the United States contains around 7,500 words. The Hobbit contains 95,356 words.	How many words are in the US Constitution? What classification is the Hobbit? How many words do books in #2 have? Is #3 greater than #1?
217	Holy Spirit	Religious concept with varied meanings	Is Krishna similar to Holy Spirit?	True	The Holy Spirit is a Christian concept of a spirit that is an aspect or agent of God that does good in the world. Krishna, from Hinduism, is a manifestation of the God Vishnu. Krishna brings compassion, tenderness, and love into the world.	What are the characteristics of the Christian Holy Spirit? What are the characteristics of Krishna? Are many characteristics in #2 also found in #1?
218	Sacrum	Triangular-shaped bone at the bottom of the spine	Do human sacrums have more fused vertebrae than an Alaskan Malamute?	True	The human sacrum consists of five fused vertebrae. An Alaskan Malamute is a large domestic dog breed. Dogs have three fused vertebrae attached to their sacrums.	How many vertebrae are found in the human sacrum? What species of animal is an Alaskan Malamute? How many vertebrae are found in a #2's sacrum? Is #1 greater than #3?
219	Snoop Dogg	American rapper	Was Snoop Dogg's debut studio album released on the weekend?	False	Snoop Dogg's debut studio album was Doggystyle. Doggystyle was released on November 23, 1993. November 23, 1993 was a Tuesday. In the USA, the weekend consists of Saturday and Sunday.	What was Snoop Dogg's first studio album? When was #1 released? What day of the week did #2 occur on? What days are considered the weekend? Is #3 one of the answers in #4?
220	Sable	Species of marten	Are Sable's a good choice of Mustelidae to weigh down a scale?	False	Mustelidae is the scientific designation for animals that share similarities including polecats, sables, and ferrets. Polecats weigh between 2.2 and 3.3 pounds. Sable's weigh around 2.4 pounds. Ferrets can weigh up to 44 pounds. Sable's have sharp teeth and a painful bite and are outlawed in many states.	How much does a sable weigh? What are the weights of other common members of Mustelidae? Is #1 greater than all #2?
221	Richard III of England	15th-century King of England	Was Richard III ruler of Adelaide?	False	Richard III was King of England and Lord of Ireland from 1483-1485. Adelaide is a city in South Australia.	When was Richard III ruler of England? What country is Adelaide in? When was #2 ruled by England? Does #1 and #3 overlap?
222	Sweet potato	species of plant	Do Sweet Potatoes prevent other plants from growing in their place?	True	When sweet potato plants decompose, they release a chemical that prevents germination in their soil. Farmers will work to ensure that all parts of a sweet potato plant are out of the field before trying to grow in it again.	What chemical is released when sweet potatoes decompose? Where is #1 released into? Does #1 prevent other plants from growing in #2?
223	Spaghetti	Type of pasta	Should spaghetti be slick when cooked?	False	Spaghetti is typically served with a sauce on it. When noodles have too smooth a texture, no sauce will stick to them.	What is typically served on top of spaghetti? Would #1 be able to stick if the spaghetti were slick?
224	Adrenaline	hormone, neurotransmitter and medication. Epinephrine is normally produced by both the adrenal glands and certain neurons	"While viewing ""Scary Movie"" is the viewer likely to experience an increase in adrenaline?"	False	Scary Movie is a film that is a comedy take on horror, intended to make viewers laugh but not afraid. Adrenaline is produced when a human is frightened or excited.	What type of emotion would cause an increase in adrenaline? What genre of movie is Scary Movie? What emotion do #2 aim to create in the viewer? Are #3 and #1 the same?
225	Flour	powder which is made by grinding cereal grains	Is All Purpose Flour safe for someone who has celiac disease?	False	All purpose flour has about 9% gluten in it. When someone with Celiac disease eats gluten, their body has an immune response that attacks their small intestine.	What do people with celiac disease have to avoid? Is #1 absent from all purpose flour?
226	Very Large Telescope	telescope in the Atacama Desert, Chile	Is the Very Large Telescope the most productive telescope in the world?	False	Telescope productivity is measured based on how many scientific papers a telescope generates. The Hubble Space Telescope is the most productive telescope in the world. 	What are counted when measuring telescope productivity? How many occurrences of #1 have there been for the Very Large Telescope? How many occurrences of #1 have there been for the Hubble Telescope? Is #2 greater than #3?
227	Sandal	Type of footwear with an open upper	Is it safe to wear sandals in snow?	False	Sandals have open toes and don't completely cover the feet. Snow is very cold and direct exposure to skin can cause hypothermia. The feet need to be completely covered to walk through snow safely.	What parts of your foot are exposed in sandals? What is the temperature of snow? Is it safe to have #1 directly exposed to something that is #2?
228	Cuisine of Hawaii	Cuisine of Hawaii	Is the cuisine of Hawaii suitable for a vegan?	False	 Per capita, Hawaiians are the second largest consumers of Spam in the world, right behind Guam. Kalua pig is another famous cuisine of Hawaii. Fish and seafood are also very common in Hawaii.	What are the popular foods in Hawaiian cuisine? Which foods will a vegan exclude from their diet? Are all of #2 excluded from #1?
229	Game (hunting)	animal hunted for sport or for food	Would a customer be happy if their grocery store meat tasted like game?	False	"""Gamey"" is a word used to describe meat with a grassier, more wild taste. Gaminess in supermarket meat is very unusual. Many people find game to be unpleasant in taste."	Which kind of meat is referred to as game? Are grocery store customers accustomed to #1?
230	Royal Air Force	Aerial warfare service branch of the British Armed Forces	Is the Royal Air Force ensign on the moon?	False	The Royal Air Force ensign is the flag of the Royal Air Force The Royal Air Force is a branch of the British Armed Forces Britain has never landed on the moon	What does the Royal Air Force ensign represent? What country is #1 a part of? Has #2 ever sent people to the moon?
231	Menstruation	Regular discharge of blood and tissue from the inner lining of the uterus through the vagina	Are tampons a good 24 hour solution for mentruation?	False	Tampons are intended for use up to 8 hours at a time.  When left in for longer than 8 hours, tampons pose a dangerous risk for a life threatening condition. 	How many hours can a tampon be safely used for at a time? Is #1 greater than or equal to 24?
232	Capsaicin	chemical compound	If someone loves buffalo wings do they enjoy capsaicin?	True	Buffalo wings are fried chicken wings covered in a spicy sauce. Spicy foods are provided their spice from capsaicin from peppers.	What sauce is used on buffalo wings? What is the flavor of #1 Is capsaicin used to create #2?
233	Hepatitis	inflammation of the liver tissue	Can you cure hepatitis with a tonsillectomy?	False	A tonsillectomy removes the tonsils, glands found in the back of the throat Hepatitis is a disease that targets the liver	What organ does hepatitis affect?  What organs are removed during a tonsillectomy? Is #1 the same as #2?
234	Adrenaline	hormone, neurotransmitter and medication. Epinephrine is normally produced by both the adrenal glands and certain neurons	Can cancer cause excess adrenaline production?	True	Adrenaline is produced by the adrenal glands. Cancer is a disease characterized by the formation of tumors. Tumors on the adrenal glands can cause them to over-express.	What is cancer cause to grow? Can #1 grow on Adrenal glands? Does #2 cause excess adrenaline production?
235	Frigatebird	A family of seabirds found across tropical and subtropical oceans	Would a Frigatebird in Ontario be a strange sight?	True	Ontario is a province of Canada. Canada is surrounded by temperate oceans.	Where are Frigatebirds usually found? Which oceans can be found around Ontario? Do all of #2 fail to fit the description of #1?
236	Intel	American semiconductor chip manufacturer	Would a silicon shortage be bad for Intel's sales?	True	Silicon is a key material for the production of semiconductor chips. A silicon shortage would mean fewer semiconductor chips could be produced. A business that produces fewer products than normal will receive lower than normal revenue.	What kind of products does Intel make? What are the key materials used in the production of #1? Is silicon in #2?
237	Ivan the Terrible	Grand Prince of Moscow and 1st Tsar of Russia	Has Ivan the Terrible flown to Europe?	False	Ivan the Terrible was the 1st Tsar of Russia. Ivan the Terrible died in 1584. The first confirmed person to fly was Jean Francois Pilatre de Rozier in 1783.	When did Ivan the Terrible die? When was the airplane invented? Is #2 before #1?
238	Oprah Winfrey	American businesswoman, talk show host, actress, producer, and philanthropist	Could Oprah Winfrey buy dozens of her staff Bugatti luxury cars?	True	Oprah Winfrey is a billionaire A new Bugatti costs a few million dollars	How much is Oprah Winfrey worth? How much does a  Bugatti cost? Is #2 times 2 dozen less than #1?
239	Wehrmacht	unified armed forces of Germany from 1935 to 1945	Did the Wehrmacht affect the outcome of the War to End All Wars?	False	The Wehrmacht was the unified military of Germany from 1935 to 1945 The War to End All Wars is a nickname for World War I World War I ended in 1918	What war was the War to End All Wars? When did #1 end? When was the Wehrmacht formed? Is #3 before #2?
240	Leopard cat	Small wild cat	Are Leopard cats in less dire straits than Bornean Orangutan?	True	Leopard cats are classified as Least Concern on IUCN endangered list. Bornean Orangutan's are classified as Endangered on IUCN endangered list.	What are the recognized threats to the Bornean orangutan? What are the recognized threats to the leopard cat? Is #1 worse than #2?
241	Snoop Dogg	American rapper	Did Snoop Dogg refuse to make music with rival gang members?	False	American rapper Snoop Dogg is a member of the Crips gang. The Crips are enemies of their rival gang, The Bloods. Rapper, The Game is a member of The Bloods gang. Tha Blue Carpet Treatment was a Snoop Dogg mixtape featuring the song California Vacation. Snoop Dogg collaborates with Xzibit and The Game on the song California Vacation.	What is the name of the gang that Snoop Dogg is part of? Which gang is the rival of #1? In Snoop Dogg's song California Vacation, which rapper did he collaborate with? Is #3 not associated with #2?
242	Helium	Chemical element with atomic number 2	Does the density of helium cause voices to sound deeper?	False	Helium is less dense than air. Sound travels more quickly through helium than it does through air.  When sound travels more quickly, the tone of it raises and sounds higher.	What is the density of helium compared to air? As a result of #1, what is the speed in which air travel throughs helium compared to air When #2 happens, does the tone go deeper?
243	Romeo and Juliet	tragedy by William Shakespeare	Is Romeo and Juliet an unusual title to teach high schoolers?	False	Romeo and Juliet has topped multiple 'Top Read Books In High School' lists. Romeo and Juliet is available in multiple editions targeted at school age children.	What academic sources teach Romeo and Juliet? Are high schools included in #1?
244	Winter	one of the Earth's four temperate seasons, occurring between autumn and spring	Are there multiple American government holidays during winter?	True	Winter runs from about December 20 to about March 20. Government holidays include Christmas, New Year, King Day, and President's Day. Christmas is always December 25, New Year is always January 1, King Day is a Monday in the middle of January, and President's Day is a Monday in late February.	Through which period of the year does winter usually last in the US? How many government holidays fall within the span of #1? Is #2 considerably greater than one?
245	Islamophobia	Fear, hatred of, or prejudice against the Islamic religion or Muslims generally,	Is Islamophobia against Cyprus majority religion misdirected?	True	Islamophobia is prejudice and fear against Muslims. Cyprus is a country in the Middle East, which is a predominantly Muslim region. Cyprus is the only Christian majority country in the Middle East, with Christians forming between 76% and 78% of the country's total population, and most of them adhere to Eastern Orthodox Christianity.	What religion is targeted by Islamophobia? What is the most common religion in Cyprus? Is #1 different than #2?
246	Joke	something spoken, written, or done with humorous intention	Have jokes killed more people than rats in history?	False	Greek philosopher Chrysippus was said to have died from laughter after seeing a donkey eating figs. There are only a handful of deaths attributed to jokes throughout history including King Martin of Aragon. There are an average of 30 deaths by rat attacks every century. The plague which is sometimes associated with diseased rats killed millions of people.	How many people have been killed by laughing to jokes? Which diseases are spread by rats? How many people have been killed by #2 over time Is #1 greater than #3?
247	Ham	Pork from a leg cut that has been preserved by wet or dry curing, with or without smoking	Will parma ham be ready for New Year's if the pig is slaughtered in December?	False	Parma ham requires two months to cure New Year's is at most one month away from December	What is the minimum period of time required for parma ham to cure? How long is New Year's Day from December? Is #2 greater than or equal to #1?
248	Amtrak	Intercity rail operator in the United States	Does Amtrak operate four wheel vehicles?	True	Amtrak is a transportation service. Amtrak transports people with trains and buses. A bus is a four wheel vehicle. 	What kinds of vehicles does Amtrak use? Do any of #1 have four wheels?
249	Chlorine	Chemical element with atomic number 17	Does chlorine inhibit photosynthesis?	True	Chlorine prevents algae from growing in pools Algae photosynthesize 	What does Chlorine prevent from growing in a pool? Does #1 do photosynthesis?
250	Bruce Lee	Hong Kong-American actor, martial artist	Was Bruce Lee absent from the 1964 University of Washington graduation ceremony?	True	Bruce Lee enrolled at the University of Washington in 1961. Bruce Lee dropped out of college in early 1964. Bruce Lee moved to Oakland to live with James Yimm Lee in 1964.	When did the University of Washington graduation ceremony for the class of 1964 take place? What college did Bruce Lee attend? When did Bruce Lee drop out of #2? Did #1 occur after #3?
251	Clove	species of plant	Do people who smoke Djarum's like cloves?	True	Djarum is a brand of cigarette popular around the world. Djarum cigarettes are made with a blend of cloves and tobacco.	What are Djarum cigarettes made of? Does #1 include cloves?
252	Astronomer	Scientist who studies celestial bodies	Is an astronomer interested in drosophila?	False	Astronomers study celestial bodies like planets and stars Drosophila are a type of fly commonly studied by scientists in fields related to biology	What do astronomers study? What kind of entity is Drosophila? Is #2 included in #1?
253	Atlantic cod	benthopelagic fish of the family Gadidae	Is Atlantic cod found in a vegemite sandwich?	False	Vegemite is a spread popular in Australia. Vegemite is made from leftover brewers' yeast extract with various vegetable and spice additives.  The Atlantic cod is found mostly in North America and Greenland.	To what taxonomic kingdom does the Atlantic cod belong? What are the ingredients of Vegemite? Do any of #2 belong in #1?
254	WWE Raw	WWE television program	Did Bruiser Brody wrestle on WWE Raw?	False	WWE Raw debuted on TV January 11, 1993. Bruiser Brody was a wrestler that was stabbed to death in 1988.	When did WWE Raw make its debut appearance? When did wrestler Bruiser Brody's wrestling career come to an end? Is #1 before #2?
255	Crustacean	subphylum of arthropods	Can the largest crustacean stretch out completely on a king-sized mattress?	False	The largest crustacean is the Japanese spider crab  The largest Japanese spider crabs have a leg span of just over 12 feet  The longer edge of a king-sized mattress is six feet, eight inches	What is the largest crustacean? How long is the largest #1? How long is a king-sized matress? Is #2 smaller than #3?
256	Linux	Family of free and open-source software operating systems based on the Linux kernel	Do Windows or Android smartphones run newer versions of Linux?	False	Android smartphones are based on Linux. Windows smartphones are based on the Windows operating system.	Which operating system do Windows smartphones run on? Which operating system do android smartphones run on? Is #1 or #2 Linux-based?
257	Courage	quality of mind or spirit that enables a person to face difficulty, danger, or pain	Does Neville Longbottom have more courage as a child than as an adult?	False	Neville Longbottom is a character from the Harry Potter series. In the first few books of the Harry Potter series, Neville is a child. In the final few books of the Harry Potter series Neville is becoming an adult.  Neville's first appearances in the series show him to be very cowardly. Neville is considered a hero by the end of the series.	Did Neville Longbottom's first appearances in the series show him to be very cowardly? Was #1's a child in the first few books of the Harry potter series? Was Neville Longbottom considered a hero by the end of the series? Was #3's an adult in the final few books of the Harry potter series? Was he more courageous in #2 than #4?
258	University of Pennsylvania	Private Ivy League research university in Philadelphia, Pennsylvania	Could Brooke Shields succeed at University of Pennsylvania?	True	Brooke Shields graduated from Princeton University. Princeton is ranked as the number 1 national college by US news. University of Pennsylvania is ranked as number 6 national college by US news. Princeton only admits around 6 percent of applicants as of 2018. University of Pennsylvania accepts around 9% of applicants as of 2018.	What college did Brooke Shields go to? Out of all colleges in the US, how is #1 ranked? Is the ranking of University of Pennsylvania similar to #2?
259	Atlantic salmon	species of fish	Would Atlantic Salmon be within David Duchovny's dietary guidelines?	True	David Duchovny is a pescatarian.  Pescatarians do not eat chicken, pork, or beef, but will eat fish.	What kind of diet does David Duchovny follow? What type of food is Atlantic Salmon? Do people who follow #1 diets eat #2?
260	Winemaking	the production of wine, starting with the selection of the fruit, its fermentation into alcohol, and the bottling of the finished liquid	Do people remember Lucille Ball's winemaking as successful?	False	"Lucille Ball was the star of ""I Love Lucy"". On ""I Love Lucy"", Lucille's character fails miserably while stomping grapes for wine."	What show was Lucille Ball a star of? On #1, was Lucille's character successful in making wine?
261	Wool	Textile fibre from the hair of sheep or other mammals	Can a Sphynx cat be used for wool?	False	A Sphynx cat is a breed of cats that lacks hair. Wool is a soft smooth fabric derived from the hair of animals. Sphynx cats skin are covered in an oily sticky substance.	Which animals can wool be derived from? Is the Sphynx cat likely to be included in #1?
262	Emulator	system that emulates a real system such that the behavior closely resembles the behavior of the real system	Are classic nintendo games for emulator legal?	False	Distribution of copyrighted games by anyone other than the owner is considered theft. Nintendo has not released any games for emulators.	Who owns the copyright for classic Nintendo games? Has #1 issued any versions of classic Nintendo games for emulators?
263	T-Mobile	global telecommunication company	Can you use the T-Mobile tuesdays app if you aren't a T-Mobile customer?	False	T-Mobile tuesdays is a rewards app for T-Mobile subscribers. T-Mobile Tuesdays verifies users by making sure they have a T-Mobile phone number.	Who can use the T-Mobile tuesdays app? Does T-Mobile allow use of the app if you aren't #1?
264	Aretha Franklin	American singer, songwriter, and pianist	Could Aretha Franklin vote for a president when her second child was born?	False	Aretha Franklin was born in 1942. Aretha Franklin had her second child in 1957. You must be at least 18 years old to vote in a presidential election in the United States.	How old was Aretha Franklin when her second child was born? What is the minimum age required to vote in a U.S. election? Is #2 lower than #1?
265	Eighth Amendment to the United States Constitution	prohibits cruel and unusual punishment and excessive bail	Is Eighth Amendment to the United States Constitution popular in court?	False	The Eighth Amendment prohibits cruel and unusual punishment. The Fifth Amendment prevents a person from incriminating themselves. The Fifth Amendment is often invoked in criminal cases. The Fourteenth Amendment regards equal protection under the law and has been in numerous landmark cases.	How many cases have involved the 8th amendment? How many cases have involved the other amendments? Is #1 the highest out of #2?
266	Social Democratic Party of Germany	Social-democratic political party in Germany	Did the Social Democratic Party of Germany help Frederick II become King of Prussia?	False	The Social Democratic Party of Germany was founded in 1863. Frederick II was King of Prussia from 1740-1786.	In what year was the Social Democratic Party of Germany founded? In what year did Frederick II become King of Prussia? Is #1 before #2?
267	Pride	inwardly directed emotion that carries two common meanings	Would a Catholic priest commend someone's pride?	False	Adherents to Catholicism subscribe to the notion of the '7 deadly sins'. Pride is one of the 7 deadly sins.	According to Catholic beliefs, what are the seven deadly sins? Is pride excluded from #1?
268	PlayStation 4	Sony's eighth-generation home video game console	Did Bill Gates help to develop the PlayStation 4?	False	The PlayStation 4 was developed by Sony Interactive Entertainment. Bill Gates works for Microsoft Corporation, which is a competitor of Sony.	Which organization does Bill Gate work for? Which organization developed PlayStation 4? Is #1 the same as #2?
269	Ape	superfamily of mammals	Would a teacher still have their job if they called a black student an ape?	False	'Ape' and 'monkey' are words that have been used in a derogatory manner against black people. Teachers are held to a level of professionalism and cannot act in an abusive way towards children.	"What kind of term would ""Ape"" be if used to describe a black person? What standards are teachers held up to? If a teacher used #1, would they be upholding #2?"
270	Compact disc	Optical disc for storage and playback of digital audio	Did compact discs make computer gaming more popular?	True	Compact discs contained significantly more storage space than the previously popular floppy disc format. Gaming studios were therefore able to significantly improve the graphics, sounds, and features of their games to make them more immersive. The better games led to a massive increase in popularity for computer gaming.	Which external storage device was previously popular before compact discs? What features of compact disc made them much better than #1? What new possibilities did #2 create for computer games? Did #3 lead to increased interest in computer games?
271	Stork	family of birds	Do storks need golden toads to survive?	False	Storks feed on a number of reptiles, amphibians, and ammals, and insects. The golden toad is an amphibian. The golden toad is a rare animal that has not been seen since 1989.	What is the most current population estimate of storks? What is the most current population estimate of golden toads? If storks exclusively ate golden toads, would #2 have been enough to sustain #1?
272	H	letter in the Latin alphabet	Are any letters directly before and after H missing from Roman numerals?	True	The Roman numerals are: I, V, X, L, C, D, and M. The letter H in the alphabet is preceded by G and followed by I.	"What is the letter before ""H""? What is the letter after ""H""? What are the Roman numerals?  Is it the case that not both #1 and #2 are in #3?"
273	Hammer and sickle	Communist symbol	Did the Nazis use the Hammer and sickle flag?	False	Hammer and sickle is a communist symbol used on flags The Nazi flag had a large symbol of a swastika.  The hammer and sickle was used as a anti Nazi symbol during World War II.	Which symbol is featured in the Nazi flag? Is #1 a hammer and sickle symbol?
274	Johnny Cash	American singer-songwriter and actor	Are there enough Jonny Cash records in the world to give one to each French citizen?	True	Johnny Cash has sold about 90 million albums The population of France is around 66 million 	How many Johnny Cash records have been sold? What is the population of France? Is #1 greater than or equal to #2?
275	QWERTY	"keyboard layout where the first line is ""QWERTYUIOP"""	Can monkeys use QWERTY keyboards?	True	QWERTY keyboards are an alphabet key layout that were first used on typrwriters.  Monkeys can be trained to push buttons. Typewriter key's are buttons. Monkeys can press keys on keyboards.	What kind of keys are found on QWERTY keyboards? Can #1 be likened to buttons? Can monkeys be trained to push buttons? Are #2 and #3 positive?
276	Chocolate brownie	A square, baked, chocolate dessert	"Should children be kept from ""special brownies""?"	True	"""Special brownies"" typically refer to brownies that have been laced with THC. THC is an active component of cannabis, a drug meant for adults only."	"What are ""special brownies"" made from that makes them special? Who is #1 made specifically for? Are children allowed to have things meant for #2?"
277	Snoopy	cartoon dog	Would Taylor Swift refer to Snoopy as oppa?	True	Oppa is a Korean word used by women to address a man who is 10 or more years older than her Snoopy is 47 years old Taylor Swift is 30 years old	What is the minimum age difference that a Korean woman would use Oppa to address an older man? How old is Snoopy? How old is Taylor Swift? What is #2 minus #3? Is #4 greater than or equal to #1?
278	Horseradish	species of plant	Can horseradish be eaten in a religious context?	True	A Seder is typically held during the Jewish holiday Passover. The Seder involves several items representing the story of the Exodus. Horseradish is commonly used for the traditional bitter herb item.	What are some commonly used traditional bitter herb items for the Seder held during the Passover? Is horseradish included in #1?
279	Hamster	subfamily of mammals	Do hamsters provide food for any animals?	True	Hamsters are prey animals. Prey animals provide food for predators. 	What types of animal are hamsters? Do #1 provide food for any other animals?
280	Chick-fil-A	American fast food chain	Will Chick-fil-A hypothetically refuse to sponsor a Pride parade?	True	Pride parades are annual festivals held to celebrate the gay community. Chick-fil-A is a fast food restaurant founded by S. Truett Cathy. S. Truett Cathy was a devout Southern Baptist.  Chick-fil-A's opposition to same-sex marriage has been the subject of public controversy.	Who founded Chick-fil-A? What religion was #1? What do pride parades typically celebrate? Do #2's oppose #3?
281	All Nippon Airways	Japanese Airline	Are the headquarters of All Nippon Airways near a beach?	False	The headquarters of All Nippon Airways are located in Shiodome City Center in the Shiodome area of the Minato ward of Tokyo. Tokyo is a metropolitan area. A beach is a landform alongside a body of water. Metropolitan areas typically do not have bodies of water in the surrounding area.	Where city are the headquarters of All Nippon Airways? What kind of development area is #1? What is a beach characterized as? Do #2 areas typically have #3?
282	Evander Holyfield	American boxer	Does Evander Holyfield eat pork products?	True	Evander Holyfield is a born-again Christian Mainstream Christian denominations do not observe restrictions on the kinds of animals they can eat	What religion was Evander Holyfield? Does #1 allow eating pork?
283	John Key	38th Prime Minister of New Zealand	Could John Key issue an executive order in the USA?	False	An executive order is a means of issuing federal directives in the United States, used by the president of the United States. To serve as president of the United States, one must be a natural-born citizen of the United States. John Key was born in Auckland, New Zealand.	Who can issue executive orders in the USA? What are the requirements to become #1? Does John Key satisfy all of #2?
284	Goblin shark	Deep-sea shark	Can a Goblin shark hypothetically ride a bike if it had limbs?	False	A Goblin shark weighs around 460 pounds. The weight capacity of the average bike is 300 pounds.	What is the average weight of a goblin?  What is the average weight a bike can hold?  Is #1 less than #2?
285	Anchor	Device used to connect a vessel to the bed of a body of water to prevent the craft from drifting	Does a Trek 9000 require an anchor in order to park?	False	A Trek 9000 is a mountain bike An anchor is used on water borne vehicles like boats	What kind of vehicle is the Trek 9000? Does #1 need an anchor to park?
286	Steven Spielberg	American film director and screenwriter	Does Steven Spielberg's 1998 film take place in a period after War Horse setting?	True	Steven Spielberg's 1998 film, Saving Private Ryan, takes place during World War II. World War II took place from 1939-1945. The 2011 movie War Horse takes place during World War I. World War I took place from 1914-1918.	What time period does War Horse take place in? What years did #1 take place in? What time period does Steven Spielberg's 1998 film take place in? When years did #3 take place in? Did #4 happen after #2?
287	Plum	subgenus of plants	Is November a bad time for a photographer to take pictures of a plum tree in bloom?	True	A plum tree is a deciduous tree that bears fruit. Deciduous trees shed their leaves in the autumn. Autumn happens from September until the end of Deember.	What kind of tree is a plum tree? What season will it be in temperate regions by November? What do #1 do during #2 Considering #3, will a plum tree have an unattractive appearance at that time?
288	Cauliflower	cauliflower plants (for the vegetable see Q23900272)	Do more Cauliflower grow in Arizona than California?	False	Cauliflower grows best in cool temperatures with lots of sun. California is the largest producer of Cauliflower in the U.S. Arizona has a hot arid climate.	Which kind of climate favors the growth of Cauliflower? What kind of climate does Arizona have? What kind of weather does California have? Is #1 more similar to #2 than #3?
289	Martyr	person who suffers persecution and death for advocating, refusing to renounce, and/or refusing to advocate a belief or cause, usually a religious one	Would Jason Voorhees hypothetically fail at being a martyr?	True	A martyr is someone that is killed for their beliefs. Jason Voorhees is the horror maniac from the Friday the 13th movies. Jason Voorhees is immortal and cannot be killed. Characters in Friday the 13th thought that dismembering Jason Voorhees would kill him but Jason even survived dismemberment.	What experience must one pass through in order to be considered a matyr? Can Jason Voorhes be killed? Would #2 being negative make Jason Voorhees unable to undergo #1?
290	Palm Beach, Florida	Town in Florida, United States	Could Palm Beach be held in the palm of your hand?	False	Palm Beach has a total area of 8.12 square miles. The average palm is around 3 inches in length. There are 63360 inches in a mile.	What is the total area of Palm Beach? What is the maximum area that can be held on the palm of a human hand? Is #1 greater than or equal to #2?
291	Alfred Nobel	Swedish chemist, innovator, and armaments manufacturer (1833–1896)	Did Alfred Nobel write a banned book?	True	Banned books are works which are not available for free access due to government restrictions. Alfred Nobel is the author of Nemesis, a prose tragedy in four acts about Beatrice Cenci The entire stock of Nemesis was destroyed immediately after Nobel's death except for three copies, being regarded as scandalous and blasphemous. 	What literary works did Alfred Nobel write? Have any of the works listed in #1 been banned?
292	Kidney	internal organ in most animals, including vertebrates and some invertebrates	Can a quarter fit inside of a human kidney?	True	Kidney stones are hard mineral deposits that can form in the kidneys. The largest kidney stone ever recorded was 13 cm wide. The diameter of a quarter is 2.4 cm.	How big is the largest kidney stone ever recorded? How wide is a quarter? Is #1 larger than #2?
293	2008 Summer Olympics	Games of the XXIX Olympiad, held in Beijing in 2008	Did Boris Yeltsin watch the 2008 Summer Olympics?	False	The 2008 Summer Olympics were held Aug 08 - 24, 2008 Boris Yeltsin died on Apr 23, 2007	What were the date of the 2008 Summer Olympics? When did Boris Yeltsin die? is #2 before #1?
294	Frost	coating or deposit of ice that may form in humid air in cold conditions, usually overnight	Does frost mean that it will be a snowy day?	False	Frost forms regularly in areas that experience freezing temperatures and morning dew. Frost isn't deposited from the sky like snow, it forms on the ground.	How is frost formed? Does #1 usually involve the falling of snow?
295	Rowing (sport)	Sport where individuals or teams row boats by oar	Would students at Marist have to petition to get a rowing team?	False	Marist is located along the Hudson River. Marist college has rowing teams for both men and women.	What sports teams exist at Marist? Does #1 exclude mention of any rowing team?
296	Zorro	Fictional character	Are there multiple Disney Zorro?	True	"Zorro is a man who is a famous fictional Spanish hero and crime fighter featured in a novel. Disney produced a 1957 TV show featuring Zorro the spanish crime fighter.  Zorro is spanish for ""fox"". ""El Zorro y El Sabueso"" is the spanish title for Disney's animated movie called ""The Fox and The Hound""."	Which famous hero was featured in Disney's 1957 TV show? What does 'The Fox' in Disney's 'The Fox and the Hound' translate to in Spanish? Do #1 and #2 refer to Zorro?
297	Lolcat	image combining a photograph of a cat with text intended to contribute humour	Could a hundred thousand lolcats fit on a first generation iPhone?	True	Lolcat memes are often in jpeg form The average size of a jpeg is 10 to 30 kb One gigabyte is 1000000 kb The first iPhone had 4GB to 16GB of storage 	What file formats are lolcats usually saved in? What is the typical size of #1? What was the storage size range of first generation iPhones? What is 100000 multiplied by #2 expressed in gigabytes? Is #4 less than or equal to the minimum value of #3?
298	Chevrolet Corvette	Sports car by the Chevrolet division of General Motors (GM)	Does selling a 2020 Chevrolet Corvette almost pay for a year at Columbia University?	True	The price of a 2020 Chevrolet Corvette is $58,900. Columbia University cost $59,430 during the 2018-2019 school year.	How much does a 2020 Chevrolet Corvette cost? How much does a year at Columbia University cost? Is #1 almost as much as #2?
299	Suburb	Human settlement that is part of or near to a larger city	Does the book Revolutionary Road give a glimpse at life in a suburb?	True	The setting of the book is in Connecticut. The area of Connecticut where the book takes place is not in a major city. The book takes place in a suburb called Revolutionary Hill Estates.	What location is the setting of the book Revolutionary Road? Is #1 a suburb?
300	Liberty Bell	bell that serves as a symbol of American independence and liberty	Is the Liberty Bell still in its original location?	False	The Liberty Bell originally was located in Independence Hall in Philadelphia. It was moved to a nearby pavilion to accommodate viewers in 1976.	What was the original location of the Liberty Bell? What is the current location of the Liberty Bell? Is #2 the same as #1?
301	Publishing	Process of production and dissemination of literature, music, or information	Does Buddy The Elf know anyone who works in publishing?	True	Buddy The Elf is a character from the movie Elf. Buddy The Elf's father works in a Manhattan publishing firm.	Which people are known to the movie character Buddy The Elf? Does any of #1 work in publishing?
302	Human overpopulation	The condition where human numbers exceed the short or long-term carrying capacity of the environment	Does Rusev have to worry about human overpopulation in his homeland?	False	Human overpopulation results from the birthrate exceeding the death rate in a country. Rusev is a professional wrestler who was born in Bulgaria. The population of Bulgaria decreased by .7% in 2018.	Who is Rusev? What is the homeland of #1? Is #2 overpopulated?
303	Mail carrier	employee of the post office or postal service, who delivers mail to residences and businesses	Is unanimously elected president's birthday a break for mail carriers?	True	The post office has several holidays including: New Year's Day, Washington's Birthday (President's Day), and Veterans Day. George Washington was the only US president elected unanimously.	Which US president was elected unanimously? When is #1's birthday? Is #2 a break or holiday for the post office?
304	Sea otter	A species of marine mammal from the northern and eastern coasts of the North Pacific Ocean	Does a sea otter eat spiders?	False	Sea otters prey mostly on marine invertebrates and other aquatic creatures. Spiders are not aquatic creatures and they reside on land.	What are sea otters known to feed on? Are spiders included in #1?
305	Bengal cat	Breed of cat	Could a Bengal cat hypothetically best Javier Sotomayor's record?	True	Javier Sotomayor is an athlete that holds the men's high jump world record of slightly over 8 feet. The average cat can jump from 7.5 to 9 feet. Bengal cats have powerful hind legs which make them jump higher than other breeds.	How high is Javier Sotomayor's world record high jump? Which breed of cat can jump the highest? If the average cat can jump up to 9 feet, then #2 can jump higher than what number? Is #3 greater than #1?
306	Cinnamon	spice obtained from the inner bark of several trees from the genus Cinnamomum	Are Chipotle Cinnamon Pork Chops appropriate for a Seder?	False	Chipotle Cinnamon Pork Chops are a popular recipe made by applying a cinnamon rub to pork chops. The Seder is a Jewish feast day that begins the season of Passover. Pork is forbidden by Jewish kosher laws.	What kind of event is a Seder? Which religious group observes #1? Which foods are considered appropriate by the dietary restrictions imposed on #2? What are the main ingredients of Chipotle Cinnamon Pork Chops? Are #4 included in #3?
307	Basil	species of plant	Would the chef at Carmine's restaurant panic if there was no basil?	True	Carmines is an Italian family-style restaurant. Basil is an essential in Italian cooking.	What kind of cuisine does Carmine's serve? Is basil an essential ingredient in #1?
308	Rice pudding	Dish made from rice mixed with water or milk	Is most store bought rice pudding made with brown rice?	False	Brown rice is more expensive than white rice.  Most store bought rice pudding is white in color. Brown rice, when cooked, is light brown in color.	Which rice pudding is most commonly purchased in stores? What color is #1 Which types of rice are commonly used to make rice pudding? Is the one among #3 having color of #2 brown rice?
309	Easy Rider	1969 film by Dennis Hopper	Did Easy Rider make a profit at the theater when it was released?	True	Easy Rider had a filming budget of about half a million dollars. Upon release in 1969, it earned about 60 million dollars.	What was the budget of Easy Rider? How much did Easy Rider earn upon its release? Is #2 greater than #1?
310	Mail carrier	employee of the post office or postal service, who delivers mail to residences and businesses	Do mail carriers need multiple uniforms?	True	Mail carriers work throughout the year independent of the weather. Mail carriers must often leave their vehicle in various weather conditions.	What seasons do mail carriers work through? In order to make it through all of #1, does one need different clothing pieces?
311	Shrimp	Decapod crustaceans	Is Steve Martin someone who would refuse a dish of shrimp pasta?	True	Steve Martin is allergic to shellfish. Shrimp are one of the many types of shellfish.	What types of food is Steve Martin allergic to? What type of food is shrimp? Is #2 included in #1?
312	Peach	species of fruit tree (for the fruit use Q13411121)	Does Princess Peach's dress resemble a peach fruit?	False	Peaches have fuzzy red, orange, and yellow skin. Princess Peach is a character in the Nintendo Mario Universe. Princess Peach's dress is pink and floor length.	What color is a peach? What color is Princess Peach normally seen in? What shape is a peach? What shape is princess peach? Is #1 the same as #2 or is #3 the same as #4?
313	John Key	38th Prime Minister of New Zealand	As of 2020 have more women succeeded John Key than preceded him?	False	John Key, the 38th Prime Minister of New Zealand, has had one woman succeed him as Prime Minister. John key was preceded by two women as Prime Minister of New Zealand.	Which notable position did John Key occupy? How many women served as #1 before him? How many women have served as #1 after him? Is #3 greater than #2?
314	Common Era	alternative (and religiously neutral) naming of the traditional calendar era, Anno Domini	Would Methuselah hypothetically hold a record in the Common Era?	True	Methuselah was a biblical figure said to have lived until 969. The Common Era is the years after the BC era and is alternatively referred to as A.D. Jeanne Louise Calment 1875–1997 was the oldest human whose age was well-documented, with a lifespan of 122 years and 164 days.	Which period is referred to as the Common Era? Who is the oldest human whose age was well documented during #1? How old was #2 when she died? How old was Methuselah when he died? Is #4 greater than #3?
315	Stork	family of birds	Would you be likely to see storks at a baby shower?	True	Storks are a symbol of the arrival of a new baby. Baby showers are parties held to celebrate a woman who will soon give birth.	What do storks represent? Do baby showers celebrate #1?
316	National Diet	legislature of Japan	Can Viper Room concert hypothetically be held at National Diet building?	True	The Viper Room has a capacity of 250 people. The National Diet building has two wings with over 700 seats.	What is the capacity of the The Viper Room? What is the capacity of the National Diet Building? Is #2 greater than or equal to #1?
317	Fever	common medical sign characterized by elevated body temperature	Can you get a fever from consuming meat?	True	A fever is a medical symptom that elevates the core body temperature.  Eating under cooked meat can cause food poisoning. One of the symptoms of food poisoning is elevated core body temperature. 	What is a fever? What can consuming uncooked meat cause? Is #1 a symptom of #2?
318	Byzantine calendar	The calendar used by the Eastern Orthodox Church from c. 691 to 1728	Did Ivan the Terrible use the Byzantine calendar?	True	Ivan the Terrible was the Tsar of Russia from 1530 to 1585.  The Byzantine calendar was the official calendar of the Russian government from 988 to 1700. The Tsar was the leader of the Russian government. 	What was Ivan the Terrible's role from 1530 to 1585? What country was Ivan the Terrible #1 of? Was the Byzantine calendar the official calendar of #2 from 1530 to 1585?
319	United States Air Force	Air and space warfare branch of the United States Armed Forces	Are psychiatric patients welcome to join the United States Air Force?	False	Having a history of mental illness disqualifies most people from joining the Armed Forces. Psychiatric patients are being seen for management of mental illness.	What do psychiatric patients suffer from? Would having #1 disqualify someone from joining the United States Air Force?
320	Rabbi	teacher of Torah in Judaism	Would a Rabbi celebrate Christmas?	False	A Rabbi is a spiritual leader or religious teacher in Judaism. Christmas is a holiday observed by Christians.	What religion do Rabbis belong to? Which religion celebrates Christmas? Is #1 the same as #2?
321	Clementine	nothospecies of plant, Clementine	Is clementine pith highly sought after?	False	Pith is the white part of the clementine fruit between the orange colored peel and the edible fruit. Most people discard the pith after peeling.	What is a pith? Do people usually like to keep #1 after peeling?
322	Nepalese Civil War	civil war in Nepal between 1996 and 2006	Did the Nepalese Civil War take place near India?	True	The Nepalese Civil War happened in Nepal. Nepal is a country that shares a border with India.	Where did the Nepalese Civil War take place? Is #1 near India?
323	Bing (search engine)	Web search engine from Microsoft	Can I hold Bing in a basket?	False	Bing is a search engine, which is a digital object. A basket is a physical object. Physical objects cannot hold digital objects.	What is Bing? What kind of product is #1? What kind of object is a basket? Can #3 hold #2?
324	Paratrooper	Military parachutists functioning as part of an airborne force	Can paratroopers be used in a vacuum?	False	Paratroopers use parachutes to glide Parachutes function by creating drag in an atmosphere There is no atmosphere in a vacuum	What equipment do paratroopers use? What does #1 need to create in order to function? In what does #1 create #2? Is #3 present in a vacuum?
325	Black Sea	Marginal sea of the Atlantic Ocean between Europe and Asia	Could the moon fit inside the Black Sea?	False	The volume of the Black Sea is 547,000 cubic kilometers. The volume of the moon is 21.9 billion cubic kilometers.	What is the volume of the Black Sea? What is the volume of the moon? Is #1 higher than #2?
326	Thesis	document submitted in support of candidature for an academic degree	Could R. Kelly write a college thesis?	False	A college thesis is a long and complicated written document. R. Kelly claims to be illiterate, which means he cannot read and write. 	What does writing a college thesis require a person be able to do? What does R. Kelly claim to be? Can someone who is #2 do #1?
327	Shogi	Game native to Japan	Can a chess board be converted to a Shogi board?	False	Chess is a game that is made up of 64 squares. The Japanese game of Shogi requires a total of 81 squares.	How many squares are on a chessboard? How many squares are on a Shogi board? Is #1 equal to #2?
328	Short-eared dog	species of canid	Has Cesar Millan ever tamed a short-eared dog?	False	Cesar Millan is a Mexican-American dog trainer with over 25 years of canine experience. The short-eared dog lives in various parts of the rainforest environment, preferring areas with little human disturbance. The short-eared dog is a solitary animal and prefers moving in trees away from human and other animal interactions. The short-eared dog is a wild animal that is not suitable as a pet.	Which kind of dogs does Cesar Millan's train? What are the social characteristics of the short-eared dog? Does #2 match the characteristics of #1?
329	Byzantine calendar	The calendar used by the Eastern Orthodox Church from c. 691 to 1728	Did the Eastern Orthodox Church and the Byzantine Empire ever use the same calendar?	True	Eastern Orthodox Church used the Byzantine calendar from c. 691 to 1728 The Byzantine Empire used the Byzantine calendar from c. 988 to 1453	What calendar did the Eastern Orthodox Church use from  c. 691 to 1728? What calendar did the Byzantine Empire use from c. 988 to 1453? Is #1 and #2 the same?
330	Ancient Greece	Civilization belonging to an early period of Greek history	Were number of states in Ancient Greece underwhelming compared to US states in 1900?	False	In the year 1900 there were 42 US states. Ancient Greece had several hundred relatively independent city-states called poleis.	How many states were in the United States in 1900? How many city-states were there in Ancient Greece? Is #2 less than #1?
331	Agriculture	Cultivation of plants and animals to provide useful products	Is the rise of agriculture attributed to rivers?	True	Some of the earliest civilizations on record are in river valleys. Early civilizations used water to irrigate crops, leading to the growth of agriculture.	What are the basic factors of agricultural production? Do rivers provide any of #1?
332	Goldfish	freshwater fish, common in aquariums	Are goldfish more difficult to care for than isopods?	True	Isopod care is compared to that of a houseplant. Goldfish are notorious for making their tanks dirty quite often.	What is isopod care comparable to? What challenges do Goldfish pose to keepers? Is #1 easier to deal with than #2?
333	Mario	fictional character from Nintendo's ''Mario'' franchise and the company's mascot	Does Mario use mushrooms to run faster?	False	Mushrooms in the Mario universe are used to provide extra lives and to make Mario grow, providing him an extra hit point.  Mario is made to run faster when he wears bunny ears or uses a starman.	In the Mario Universe what abilities do mushrooms give to Mario when collected? Is any of #1 increased speed?
334	Celery	species of plant	Can eating your weight in celery prevent diabetes?	False	Diabetes is a disease in which the body cannot process sugar. Celery is known as a healthy snack and has 1 gram of sugar per serving. The recommended daily intake of sugar to prevent diabetes is less than 36 grams per day for an adult male. The average weight of an adult male is 197 pounds.	If a person has diabetes, what is there body unable to process? To prevent diabetes, what is the average amount of #1 an adult man should eat daily in grams? How much does the average male weigh in pounds? How many grams of sugar does a pound of celery have? Is #3 times #4 less than #2?
335	Meatball	dish made from ground meat rolled into a small ball-like form	Do restaurants associate meatballs with the wrong country of origin?	True	Spaghetti and meatballs are a staple on Italian pizzeria menus in the US. The Olive Garden, an Italian family restaurant, has several dishes with meatballs. Meatballs originated in the Chinese Qin dynasty (221 BC to 207 BC).	In what country is the oldest evidence of people eating meatballs found? What dish involving meatballs became popular in the United States after being invented in New York City in the 20th century? With which national cuisine do Americans typically associate #2? Are #3 and #1 different?
336	Central Park Zoo	Zoo in Central Park, Manhattan, New York City	Would it be wise to bring a robusto into Central Park Zoo?	False	A robusto is a short, fat cigar that is very popular in America. The Central Park Zoo has several rules including: no feeding the animals and no smoking. NYPD's 19th precinct is only an 11 minute walk away from the Central Park Zoo.	What is a robusto? According to the rules, what can you not bring into The Central Park Zoo? Is #1 not in #2?
337	Theocracy	Form of government with religious leaders	Were the Great Pyramids built by a theocratic government?	True	The Great Pyramids were built by the Ancient Egyptians. A theocracy is a government that is led by religious leaders or who worships their leader as a god. The Pharaohs of Ancient Egypt were worshipped as children of the Sun god Ra.	Who were the builders of the Great Pyramids? How did #1 serve their leaders? Could #2 be described as a theocracy?
338	Sesame	species of plant	Are sesame seeds glued onto hamburger buns?	False	Glue is toxic and not used in food production. Sesame seeds add texture and visual appeal to hamburger buns. Beaten eggwhites are often used to adhere foods to other foods. 	What do people usually do with hamburger buns? Can you #1 sesame seeds?
339	Snoop Dogg	American rapper	Was Snoop Dogg an adult when Tickle Me Elmo was popular?	True	Tickle Me Elmo was first popular in 1996. Snoop Dogg would have been 25 when the Tickle Me Elmo craze took off.	In what year did Tickle Me Elmo become popular? In what year was Snoop Dogg born? What is the difference between #1 and #2? Is #3 greater than or equal to 18?
340	Central processing unit	Central component of any computer system which executes input/output, arithmetical, and logical operations	Does the central processing unit usually have a dedicated fan?	True	The CPU is the main chip on a computer's board, and generates a lot of heat. Computer manufacturers generally include a dedicated cooling system over the CPU in addition to the main board fans.	What do CPUs generate as they work over time? Do manufacturers incorporate fans specifically for removing #1 into computer systems?
341	James Watson	American molecular biologist, geneticist, and zoologist	Did James Watson's partner in studying the double helix outlive him? 	False	James Watson studied the double helix with Francis Crick. Francis Crick passed away in 2004 at 88 years of age. James Watson is alive and is 92 years old.	Who did James Watson study the double helix with? How old was #1 at their death? How old is James Watson currently? Is #2 greater than #3?
342	Atheism	Absence of belief in the existence of deities	Can atheism surpass Christianity in American black communities by 2021?	False	83% of blacks in the US identify as Christians.  In the United States, blacks are less likely than other ethnic groups to be religiously unaffiliated, let alone identifying as atheist. African American history, slavery and the civil rights movement are all closely tied to Christianity in America.	What is the population of black Americans? How many out of #1 follow a religion? Is #2 close to or less than 50%?
343	Led Zeppelin	English rock band	Did the band Led Zeppelin own a prime number of gilded gramophones?	True	5 is a prime number A Grammy Award trophy is a gilded gramophone Led Zeppelin won 5 Grammy Awards	What award has a trophy which consists of a gilded gramophone? How many #1 have Led Zeppelin won? Is #2 a prime number?
344	Quartz	mineral composed of silicon and oxygen atoms in a continuous framework of SiO₄ silicon–oxygen tetrahedra, with each oxygen being shared between two tetrahedra, giving an overall chemical formula of SiO₂	Are Doctors of Homeopathy more likely than Doctors of Internal Medicine to recommend Quartz as a treatment?	True	"Doctors of Homeopathy are practitioners of ""alternative medicine""  In alternative medicine practices, Quartz is believed to have powers. Doctors of Internal Medicine have completed a medical residency and do not recommend alternative medicine."	What do doctors of homeopathy practice? What is Quartz believed to have in #1? What do doctors of internal medicine study? Are #1 or #2 not included in #3?
345	Rock in Rio	Brazilian music festival	Would it be difficult to host Stanley Cup Finals at Rock in Rio?	True	The Stanley Cup Finals is the last series in hockey each year. Hockey rinks are indoors and require ice for players to skate on. Rock in Rio is a massive outdoor music festival in Brazil. Rock in Rio takes place in June each year. The temperature in Brazil during June averages around 80F.	Which sport has the Stanley Cup Finals? Which kind of surface is required to play #1? What time of the year does Rock in Rio take place, and where? Do weather conditions in #3 at that time not favor the formation of #2?
346	Auburn, New York	City in New York, United States	Would the trees in Auburn, New York be changing colors in September?	True	In New York, fall begins during the month of September.  When the weather gets cooler in the fall, leaves begin to change colors. 	In the month of September, what season would it be in New York? Do trees change color during #1?
347	Macaque	genus of Old World monkeys	Could an elephant easily defeat a male macaque?	True	Male macaques range from 16 to 28 inches tall with a weight between 12.13 to 39.7 pounds. Elephants are between 7 to 11 feet tall and weigh several thousand pounds. Elephants contain large, sharp tusks that can injure or kill other animals.	How much does a male macaques weigh? How much can an elephant weigh? How tall is a male macaque? How tall is an elephant? Is #2 more than #1 and is #4 more than #3?
348	NATO	Intergovernmental military alliance of Western states	Can Cyril Ramaphosa become Secretary General of NATO?	False	Cyril Ramaphosa is the President of South Africa The Secretary General of NATO comes from one of NATO's member countries South Africa is not a member of NATO	What country is Cyril Ramaphosa from? What are the requirements for someone to hold office in NATO? What countries meet the citizenship requirements of #2? Is #1 included in #3?
349	Japanese people	Ethnic group native to Japan	Did Pedubastis I know Japanese people?	False	Pedubastis I was a pharaoh that died in 800 BC Japan's origins are in 600 BC according to a letter of the Sui dynasty. Pedubastis I ruled over the country of Egypt.	When did Pedubastis I die? When did the nation of Japan form? Is #2 before #1?
350	Drum	type of musical instrument of the percussion family	Would a cattle farmer be useful to a drum maker?	True	Cattle are often slaughtered for meat and other products, like leather. Drums are often made with leather.	Which animal products would a drum maker need? Are #1 commonly obtained from cattle?
351	Jalapeño	Hot pepper	Can children be hurt by jalapeno peppers?	True	Jalapeno peppers contain capsaicin.  Capsaicin creates a burning sensation in the eyes and can lead to surface injuries.  Small children do not understand how to protect themselves from peppers or how to wash their hands properly.	What do Jalapeno peppers contain? Can #1 cause injuries to a child if they are not careful?
352	Brooklyn	Borough in New York City and county in New York state, United States	Is Brooklyn known for its bread products?	True	Brooklyn and NYC bagels are known around the world for being high quality. Brooklyn pizza is regarded as the best in the country. 	What food items from Brooklyn are known around the world for being high quality? What food item from Brooklyn is known as the best in the country? Are any items from #1 or #2 bread products?
353	Vice President of the United States	Second highest executive office in United States	Can Vice President of the United States kill with impunity?	True	 Vice President Aaron Burr fatally wounded Alexander Hamilton in a duel on July 11, 1804. Aaron Burr continued his term as Vice President of the United States after killing Alexander Hamilton. US stand-your-ground laws allow a person to defend themselves even to the point of applying lethal force.	What was the outcome of Vice President Aaron Burr's duel in July, 1804? Did#1 lead to loss of his opponent's life and did he continue his term afterwards?
354	Amtrak	Intercity rail operator in the United States	Can Amtrak's Acela Express break the sound barrier?	False	Amtrak's Acela Express is the fastest train in the Western Hemisphere and can reach 150 mph. A US Navy plane would need to travel 770 mph to break the sound barrier.	What is the maximum speed of Amtrak's Acela Express? What is the minimum speed needed to break the sound barrier? Is #1 greater than or equal to #2?
355	Legend	Traditional story of heroic humans.	Are all characters in Legend of Robin Hood fictional?	False	The Legend of Robin Hood tells of an archer that stole from the rich and gave to the poor. Robin Hood's main antagonist is the Sheriff of Nottingham. The Sheriff of Nottingham is an agent for Prince John who has usurped the throne from his brother Richard. Richard I was King of England from 1189-1199. Prince John became John, King of England and reigned from 1199-1216.	Who is Robin Hood's main antagonist in the Legend of Robin Hood? Who is #1's employer? Who is #2's brother who was usurped from the throne by him? Are #2 and #3 completely fictional characters?
356	Carrot	Root vegetable, usually orange in color	Are raw carrots better for maximizing vitamin A intake?	False	 3% of the β-carotene in raw carrots is released during digestion, which can be improved to 39% by pulping, cooking and adding cooking oil Retinal is a form of Vitamin A Human bodies break down β-carotene into retinal	What is the source of Vitamin A in carrots? Is absorption of #1 reduced by cooking?
357	Radioactive waste	wastes that contain nuclear material	Is radioactive waste a plot device for many shows?	True	Radioactive isotopes in an ooze-like waste cause turtles to become the Teenage Mutant Ninja Turtles. In the Fox animated hit, Family Guy, radioactive waste is used to turn give the main characters superpowers.  The superhero 'Daredevil' encounters radioactive waste that blinds him as a child and gives him super powers.	What turned turtles into mutant turtles in Teenage Mutant Ninja Turtles? Which substance gives the main characters of Family Guy superpowers? Which substance gave Daredevil his super powers? Are #1. #2 and #3 radioactive waste?
358	Firewall (computing)	Software or hardware-based network security system	Could a firewall be destroyed by a hammer?	False	A firewall is not a physical entity and only exists on a network. Hammers cannot be used to destroy non-physical entities.	What enables firewall software to work on a computer? Can #1 be physically removed from a computer? Can a hammer do #2?
359	President of Mexico	Head of state of the country of Mexico	Can the President of Mexico vote in New Mexico primaries?	False	Mexico is an independent country located in  North America. New Mexico is a state located in the United States. US laws require a voter to be a citizen of the United States. The President of Mexico in 2020, Andrés Manuel López Obrador, is a Mexican citizen.	What is the citizenship requirement for voting in US states such as New Mexico? What is the citizenship requirement of any President of Mexico? Is #2 the same as #1?
360	Samsung Galaxy	series of Android mobile computing devices	Would the operating system of a Samsung Galaxy 1 sound edible?	True	"The first Samsung Galaxy device ran a version of Android from 2009. In 2009, the Android edition was called ""cupcake."" "	What are the operating systems of a Samsung Galaxy 1? Does #1 sound like something that is edible?
361	Metallica	American heavy metal band	Does Metallica use Soulseek?	False	Soulseek is a computer program used to illegally share music files Metallica has been outspoken in their opposition of digital piracy	Does Soulseek enable users to illegally share music files? Does Metallica encourage illegal sharing of digital files? Are the answers to #1 and #2 the same?
362	Monk	member of a monastic religious order	Are monks forbidden from engaging in warfare?	False	Monks are members of religious orders that usually take vows of poverty, chastity, and obedience. The Knights Templar were a religious order that fought during the Crusades and captured Jerusalem in 1099. Buddhist Shaolin monks developed very powerful martial arts skills, have defended temples during conquests.	What role did the Knights Templar play during the Crusades? What role have Shaolin monks played at temples during conquests? Did #1 or #2 not involve warfare?
363	Royal Air Force	Aerial warfare service branch of the British Armed Forces	Did the Royal Air Force fight in the Boxer Rebellion?	False	The Boxer Rebellion took place from 1899–1901 The Royal Air Force was formed on 1 April 1918	When was the Royal Air Force formed? In what year did the Boxer Rebellion end? Is #1 before #2?
364	Tibia	larger of the two bones of the leg below the knee for vertebrates	Can a minotaur hypothetically injure a tibia playing football?	True	A minotaur is a mythological creature with the head of a bull and the body of a human. The tibia is the bone between the knee and the ankle in humans. Tibia injuries are common injuries in contact sports such as football.	What is the body structure of a Minotaur? Where in the human body is the tibia located? Does #1 account for the presence of #2 in a Minotaur? Are injuries to #2 common during football? Are #3 and #4 positive
365	Portuguese Empire	Global empire centered in Portugal	Did Columbus obtain his funding from the rulers of the Portugese Empire?	False	 King Ferdinand and Queen Isabella funded Columbus' voyage to the New World. King Ferdinand of Argon and Queen Isabella of Castille were the joint rulers of kingdoms of the Iberian Peninsula, which included modern-day Spain but excludes Portugal.  King John II of Portugal rejected Columbus' request for funding. 	Which major voyage did Columbus require funding to embark upon? Who funded #1? Which kingdoms did #2 rule over? Is the Portuguese Empire included in #3?
366	Shrimp	Decapod crustaceans	Do shrimp taste best when cooked for a long time?	False	Shrimp becomes tough and rubbery if cooked for a long time. The ideal texture for shrimp is soft and easily chewed.	What happens when shrimp is cooked for a long time? What is the ideal texture for shrimp? Are #1 and #2 the same?
367	Birdwatching	hobby	Would a birdwatcher pursue their hobby at a Philadelphia Eagles game?	False	Birdwatching is a recreational activity in which people observe and/or listen to the sounds of birds. Despite their name, the Philadelphia Eagles are a professional American Football team comprised of humans, not birds.	What is a birdwwatcher interested in watching? What kind of sport does the Philadelphia eagles play? Can #1 be found at #2?
368	Cantonese	Standard dialect of Yue language that originated in the vicinity of Guangzhou (Canton) in southern China	Is Cantonese spoken in Japan?	False	Cantonese is a dialect of Chinese language used in southern China. There is no relation to the Japanese language.	Where is Cantonese widely spoken? Is Japan included in #1?
369	Ape	superfamily of mammals	Do ants outperform apes on language ability?	False	Language involves grammar and vocabulary Ants have not shown any understanding of grammar Apes include humans who use language to communicate	What faculties are required for language? Which of #1 do ants possess? Which of #1 do apes possess? Does #2 have more overlap with #1 than #3 does?
370	François Mitterrand	21st President of the French Republic	Did François Mitterrand serve under Napoleon Bonapart in the French army?	False	François Mitterrand was born in 1916. Napoleon Bonapart died in 1821.	When was François Mitterrand born? When did Napoleon Bonapart die? Is #1 before #2?
371	Tonsure	hairstyle related to religious devotion	Would Christopher Hitchens be very unlikely to engage in tonsure?	True	Tonsure is the practice of cutting or shaving some or all of the hair on the scalp as a sign of religious devotion or humility. Christopher Hitchens was an anti-theist, and he regarded all religions as false, harmful, and authoritarian.	What were Christopher Hitchens' views on religion? What is the purpose of tonsure? Would a proponent of #1 have a negative opinion of #2?
372	Menthol	chemical compound	Is menthol associated with Christmas?	True	Menthol is the chemical in mint products that give mint its characteristic cool and tangy taste. Peppermint is a popular candy flavor during Christmas season.	What is a popular candy flavor during Christmas? Is menthol an ingredient in #1?
373	Snoop Dogg	American rapper	Does Snoop Dogg advocate a straight edge lifestyle?	False	A straight edge lifestyle requires abstaining from the usage of recreational drugs or alcohol. Snoop Dogg is famous for his chronic usage of marijuana.	What is the position of the straight edge advocates on recreational drugs? What is Snoop Dogg's position on recreational drugs? Is #1 the same as #2?
374	Cancer	group of diseases	Can amoebas get cancer?	False	An amoeba is a single-celled organism. Cancer is the improper growth of a mass of cellular tissue, made of many incorrectly formed cells.	What is cancer the growth of? Does an amoeba have #1?
375	Gorilla	Genus of mammals	Is it expected that Charla Nash would be anxious near a gorilla?	True	In 2009, Charla Nash was attacked and nearly killed by a chimpanzee.  While a different species, Gorillas and Chimpanzees have similar physical appearances and are both primates.	Which animal attacked Charla Nash in 2009? Does #1 bear significant similarity to a gorilla?
376	Oyster	salt-water bivalve mollusc	Should oysters be avoided by people with ADHD?	False	Oysters are an excellent source of zinc. ADHD is  a mental disorder of the neurodevelopmental type characterized by difficulty paying attention. Zinc supplementation has been reported to improve symptoms of ADHD and depression.	Which metal are oysters are known to be an excellent source of? Is the consumption of #1 known to worsen symptoms of ADHD?
377	KFC	American fast food restaurant chain	Does Magnus Carlsen enjoy KFC?	False	Magnus Carlsen is a chess grandmaster from Norway There are no KFC locations in Norway	What country is Magnus Carlsen from? In what countries does KFC have a location? Is #1 included in #2?
378	Cholera	Bacterial infection of the small intestine	Is Cholera alive?	True	Cholera are a type of bacteria. Bacteria are considered living creatures.	Is cholera a bacteria? Are bacteria considered to be living? Are the answers to #1 and #2 the same?
379	Mongols	ethnic group of central Asia	Would a packed Wembley stadium be likely to have a descendant of the Mongols inside?	True	Wembley stadium has a capacity of 90,000 people. The Mongols were an ethnic group that dominated the 13th and 14th centuries. Genghis Khan was the founder of the Mongol Empire. Geneticists have determined that 1 in every 200 men are descended from Genghis Khan.	What is the capacity of the Wembley stadium? Who is the founder of the Mongol empire? What is the minimum number of men within which at least one descendant of #2 is found? Is #1 divided by #3 greater than or equal to one?
380	Allosaurus	Genus of large theropod dinosaur	Is Oculudentavis more dangerous than Allosaurus?	False	Oculudentavis was a dinosaur that resembled a tiny bird with a half an inch skull. The Allosaurus was a carnivorous dinosaur with teeth described as saws.	What were the characteristics of the Oculudentavis? What were the characteristics of the Allosaurus? Are #1 more likely to cause harm than #2?
381	Smooth jazz	category of music	Would James Cotton's instrument be too strident for a smooth jazz band?	True	Smooth jazz is an offshoot of jazz music that relies on a more melodic form. Smooth jazz employs the following instruments: saxophone. guitar. piano. trumpet. synthesizer. electric bass. and drums. James Cotton was a famous blues harmonica player.	What instument is James Cotton known for? What instuments are used to play Smooth Jazz? Is #1 not  one of #2?
382	United Airlines	Airline in the United States	Are there tearjerkers about United Airlines flights?	True	Tearjerkers typically refer to a genre of movie.  United Airlines flight 93 was involved in a terrorist attack in 2001. Several flights memorialize the passengers of Flight 93,.	What do tearjerkers refer to? Which United Airlines flight was involved in a terrorist attack in 2001? Are there any #1 in memory of the passengers of #2?
383	Rabbi	teacher of Torah in Judaism	Would a rabbi worship martyrs Ranavalona I killed?	False	Rabbis are teachers of Judaism. Ranavalona I, ruler of Madagascar, killed many Christians that were later determined by the church to be martyrs. Judaism does not have a group of saints and martyrs that are prayed to like Christianity..	Which religion are rabbis teachers of? Which religion were the matyrs killed by Ranavalona I adherents of? Do adherent of #1 worship matyrs like those of #2?
384	Sweet potato	species of plant	Would someone typically confuse a sweet potato with a pineapple?	False	Sweet potatoes have a smooth skin and are orange in color. Pineapples have a short, stocky stem with tough, waxy leaves and the fruit is yellow in color.	What are the visual characteristics of a sweet potato? What are the visual characteristics of a pineapple? Is there any overlap between #1 and #2?
385	Mercury (element)	Chemical element with atomic number 80	Does Mercury help detect coronavirus?	True	Mercury is used in thermometers Thermometers are used in taking body temperature High temperature or fever is one symptom of coronavirus	What are the basic symptoms of coronavirus? Which instrument is used to measure a symptom among #1 that can be measured? Does a type of #2 use mercury?
386	The Jackson 5	American pop music family group	Was The Jackson 5 bigger family band than The Isley Brothers?	True	The Jackson 5 has sold over 100 million albums worldwide. The Eisley Brothers have sold over 18 million albums. The Jackson 5 consisted of Jackie, Tito, Jermaine, Marlon and Michael. The Isley Brothers consisted of brothers O'Kelly, Rudolph. Ronald, and Vernon.	How many albums has the Jackson 5 sold? How many albums has the Eisley Brothers sold? How many people were in the Jackson 5? How many people made up the Eisley Brothers? Is #1 greater than #2 and is #3 greater than #4?
387	Ginger	Species of plant	Does a Starbucks passion tea have ginger in it?	False	Starbucks Passion tea features cinnamon, apple, licorice root, and lemongrass flavors. Ginger is a spicy flavored plant. Starbucks Passion tea is a sweet drink.	What ingredients are in the Starbucks Passion Tea? Is ginger part of #1?
388	Ammonia	Chemical compound of nitrogen and hydrogen	Do Shivambu practitioners believe ammonia is unhealthy?	False	Shivambu is another term for 'Urine Therapy', an alternative belief about healing with urine. Human urine contains ammonia. Shivambu practitioners believe that ingesting urine is healthy.	What is another term for Shivambu? What did #1 believe could have healing properties? Is #2 void of ammonia?
389	Grapefruit	citrus fruit	Can eating grapefruit kill besides allergies or choking?	True	Grapefruit is a citrus fruit consumed mostly during the summer months. Chemicals in grapefruit can interact with medications such as statins. Grapefruit can lead to too much absorption of statin medicine. Too much statins can cause severe muscle pain, liver damage, kidney failure and death. 	What health risks associated with eating grapefruit could lead to death? Is #1 more than just allergy and choking?
390	Jealousy	emotion referring to the thoughts and feelings of insecurity, fear, and envy over relative lack of possessions, status or something of great personal value	Should someone prone to jealousy be in a polyamorous relationship?	False	Polyamorous people are those who seek to have an intimate relationship with more than one partner. In relationships, untreated jealousy typically leads to a breakup.	What kind of relationship would a polyamorous person engage in? Would a jealous person be comfortable with #1?
391	B	letter in the Latin alphabet	Would early Eastern Canadian Natives language have use of the letter B?	False	The Early Eastern Canadian Natives were a group of people that spoke the Inuktitut language. The Inuktitut language began as an oral language with no letters, only uvular sounds. The later Inuktitut language has no letters that resemble the Latin alphabet.	What language did Eastern Canadian Natives speak? What kind of language is #1? Does #2 involve the use of letters?
392	Advertising	Form of communication for marketing, typically paid for	During the pandemic, is door to door advertising considered inconsiderate?	True	Door to door advertising involves someone going to several homes in a residential area to make sales and leave informational packets. During the COVID-19 pandemic, the CDC recommends that people limit their travel to essential needs only. During the COVID-19 pandemic, citizens are advised to stay home and to limit their interaction with others. During the COVID-19 pandemic, people are encouraged to remain six feet away from each other at all times. The more people that someone interacts with, the higher the likelihood of them becoming a vector for the COVID-19 virus.	What does door to door advertising involve a person to do? During the COVID-19 pandemic, what does the CDC advise people to do in terms of traveling? During the COVID-19 pandemic, what does the CDC advise people to do in terms of interaction with others? Does doing #1 go against #2 and #3?
393	Mickey Mouse	Disney cartoon character	Is Mickey Mouse hypothetically unlikely to make a purchase at Zazzle?	True	Mickey Mouse is a Disney character that has starred in numerous movies and TV specials. Mickey Mouse wears a pair of red pants and never wears a shirt. Zazzle is a website that specializes in custom T-shirts.	What clothing pieces does Micky Mouse typically wear? What clothing pieces does Zazzle specialize in? Is there no overlap between #1 and #2?
394	Linus Torvalds	Creator and lead developer of Linux kernel	Is Maruti Suzuki Baleno an efficient car for Linus Torvald's family?	True	Linus Torvald has a family consisting of five people including his wife and children. The Maruti Suzuki Baleno is and Indian car that can seat five people.	How many people can sit in a  Maruti Suzuki Baleno? How many people are in Linus Torvald's family? Is #1 at least equal or greater than #2?
395	Miami	City in Florida, United States	Would it be common to find a penguin in Miami?	False	Penguins are native to the deep, very cold parts of the southern hemisphere. Miami is located in the northern hemisphere and has a very warm climate.	Where is a typical penguin's natural habitat? What conditions make #1 suitable for penguins? Are all of #2 present in Miami?
396	Benjamin Franklin	American polymath and a Founding Father of the United States	Is Benjamin Franklin a prime candidate to have his statues removed by Black Lives Matter movement?	True	The Black Lives Matter movement is a social movement advocating for racial equality. Benjamin Franklin, a famous founding father, has his image on many monuments and on American currency. Members of the Black Lives Matter movement petitioned for statues of Christopher Columbus to be removed due to his subjugation of Native Americans. Benjamin Franklin's 1730s newspaper, The Philadelphia Gazette, posted ads for black slaves. Benjamin Franklin owned two slaves, George and King, who worked as personal servants.	What social issue motivates the Black Lives Matter movement? Did Benjamin Franklin act against achieving #1?
397	Pharmacy	academic discipline studying preparation and dispensation of medicinal	Is ID required to get all medications from all pharmacies?	False	Controlled substance prescriptions can require an ID for pickup depending on state law. Non controlled substances can be picked up without ID by anybody who knows the patient information. State laws regarding pharmacies ID restrictions are not the same across the country.	Which category of medications usually require an ID for pickup? What are the regulations guiding #1 across states in the US? Are #2 the same across all states?
398	Fiat Chrysler Automobiles	Multinational automotive manufacturing conglomerate	Is Fiat Chrysler gaining a new overall corporate identity?	True	The company is renaming itself Stellantis following the completion of its merger. There are 14 automobile brands owned by the company, which will be keeping their names and logos.	What plans are underway as regards naming after the completion of the Fiat Chrysler merger? Does #1 involve a change of the collective corporate identity?
399	The Jungle Book	1894 children's book by Rudyard Kipling	Did Disney get most of Rudyard Kipling's The Jungle Book profits?	True	Rudyard Kipling's 1894 book The Jungle Book has was adapted into several Disney films. The 2016 film The Jungle Book grossed over 966 million dollars. Disney's 1967 film version of The Jungle Book grossed over 378 million dollars. The Jungle Book was not a worldwide phenomenon in Kipling's time.	"When did Rudyard Kipling write ""The Jungle Book""? The 1967 and 2016 adaptations of the book was produced by which media company? When did #2 produce these movies? Is #3 several decades after #1 and #2 the same as Disney?"
400	Kidney	internal organ in most animals, including vertebrates and some invertebrates	Does an organ donor need to be dead to donate a kidney?	False	The average human has two kidneys. Only one kidney is required to function as a healthy person. Living organ donors will sometimes donate their spare kidney to someone experiencing failure of both their kidneys.	How many kidneys does the average person have? How many kidneys does a person require to function? Is #1 the same as #2?
401	Kelly Clarkson	American singer-songwriter, actress, and television personality	Would Kelly Clarkson's voice shake glass?	True	Glass vibrates at its resonant frequency which is around a middle C note. Kelly Clarkson has an impressive three octave vocal range. Kelly Clarkson's Never Enough is in the key of A-flat. A-flat is above middle C in terms of notes.	At what note would glass start to vibrate? In Kelly Clarkson's song Never Enough, what key is the song sung in? Is #2 above #1?
402	Railroad engineer	person who operates a train on a railroad or railway	Is a railroad engineer needed during NASCAR events?	False	Railroad engineers work on trains and railway systems NASCAR events feature automobile races	On what kind of transportation do railroad engineers work? NASCAR involves what kind of transportation? Is #1 and #2 the same?
403	Crane (bird)	family of birds	Can crane slamdunk?	False	Crane are a type of bird.  Slamdunking is a basketball maneuver in which the player puts the basketball in the basket with one or two hands above the rim. Birds don't have hands.	What is a slamdunk? What body parts are needed to perform #1? Do cranes have #2?
404	QWERTY	"keyboard layout where the first line is ""QWERTYUIOP"""	Did the Qwerty keyboard layout predate computers?	True	The Qwerty layout was originally developed for mechanical typewriters in the 1870s. ENIAC was considered to be the first computer, built in the late 1940s.	When was the QWERTY keyboard layout developed? When was the modern computer invented? Is #1 before #2?
405	Lymph node	organ of the lymphatic system	Are tumors in the lymph nodes ignorable?	False	Lymphoma is a serious type of cancer that can begin with tumors in the lymph nodes. Lymphoma can kill when left untreated.	What are the threats posed by tumors in the lymph nodes? Is it safe for a person's health to ignore #1?
406	Koala	An arboreal herbivorous marsupial native to Australia.	Would Alexander Hamilton have known about koalas?	False	Alexander Hamilton died in 1804. The first published depiction of a koala was in 1810.	When were Koalas first sighted? When did Alexander Hamilton die? Is #1 before #2?
407	Spider-Man	Fictional Marvel superhero	Did Spiderman fight against Falcon in the MCU?	True	In Captain America: Civil War, Iron Man and Captain America became enemies following a disagreement. Iron Man summoned Spiderman to fight with his team of still-loyal Avengers. Falcon was one of Captain America's best friends and supported the Captain in the conflict. Therefore, Spiderman and Falcon were on opposite teams during the inter-Avenger battle in the movie.	In the marvel movie Captain America: Civil War, which factions were the avengers divided into? Were Spiderman and Falcon on opposing sides of #1?
408	Torso	the central part of the living body	Will the torso be safe from blows to the largest and smallest bones in body?	True	The three smallest bone in the body are malleus, incus, and stapes. Malleus, incus, and stapes are located in the ear. The femur is the largest bone in the body. The femur is located in the leg. The torso is located in the center of the body.	Which part of the human body is the torso? Which is the largest and smallest bone in the human body? Where are #2 located? Is any of #3 part of #1?
409	Dalai Lama	Tibetan Buddhist spiritual teacher	Does the Dalai Lama believe in the divine barzakh?	False	The Dalai Lama is the spiritual leader of Tibetan Buddhism The divine barzakh is a concept from Islam	What religion contains the concept of the divine barzakh? Is the Dalai Lama a member of #1?
410	Pig Latin	secret language game	Is Pig Latin related to real Latin?	False	Pig Latin is based on English. It is formed by moving consonants and syllables. Real Latin is a separate language distinct from English.	Which language is Pig Latin based on? Is #1 Latin?
411	Shiva	One of the principal deities of Hinduism.	Is Shiva's divine dance an ancient physical fitness pose?	False	In yoga as exercise, the pose called Natarajasara represents Shiva's divine dance This pose is new, originating in the early 20th century Exercise is an activity that maintains physical fitness	Which yoga pose is referred to as Shiva's divine dance? When did #1 originate? Is #2 so long ago as to be considered ancient?
412	Woodrow Wilson	28th president of the United States	Would Woodrow Wilson support Plessy v. Ferguson decision?	True	Plessy v Ferguson was a landmark case that stated segregation did not violate the constitution. President Woodrow Wilson escalated the discriminatory hiring policies and segregation of government offices. By the end of 1913, under President Wilson, many departments, including the navy, had segregated work spaces, restrooms, and cafeterias.	What was the topic of Plessy v. Ferguson? Does Woodrow Wilson's veiws on #1 agree more with Plessy or Ferguson? Who did the court rule in favor of in Plessy v. Ferguson? Are #2 and #3 the same?
413	Christmas Eve	Evening or entire day before Christmas Day	Would a Bulgarian priest eat a four-course meal on Christmas Eve?	False	A four-course meal consists of a soup, an appetizer, an entrée, and dessert. The Bulgarian Christmas Eve meal has an odd number of dishes and an odd number of people sitting around the table.	"Is the number of dishes served at a Bulgarian Christmas Eve meal odd or even? Is the number ""four"" odd or even? Is #1 the same as #2?"
414	U.S. Route 66	Former US Highway between Chicago and Los Angeles	Is Route 66 generally unknown to Americans?	False	"Route 66 was immortalized in the hit ""Route 66"" by Bobby Troupe. ""Route 66"" as a song has reached the Billboard Top Charts multiple times and is still played often."	In what hit song was Route 66 mentioned? Is #1 a little-known song in America?
415	1936 Summer Olympics	games of the XI Olympiad, celebrated in Berlin in 1936	Did the Berlin Wall prevent any athletes from competing in the 1936 Summer Olympics?	False	The 1936 Olympics were held in 1936. The Berlin Wall was not constructed until 1961.	When were the 1936 Olympics? When was the Berlin Wall built? Did #2 occur before #1?
416	Vietnamese people	ethnic group originally from northern Vietnam	Are the Vietnamese people a great untapped resource for NBA players?	False	Vietnam was ranked as one of the countries with the shortest people on average, in 2019. The average height of a Vietnamese man is 5 feet 4.74 inches. The average height of an NBA player in 2018 was 6 foot 7 inches tall.	What is the average height of NBA players? What is the average height of Vietnamese males? Is #2 close to being the same as #1?
417	Los Angeles County, California	County in California, United States	Will every resident of Los Angeles County, California go to Jehovah Witnesses's heaven?	False	Jehovah Witnesses believe that exactly 144,000 people will be saved and go to heaven. There are over 10 million residents of Los Angeles County, California as of 2019.	What is the estimated population of Los Angeles County, California? According to the Jehovah's Witnesses, how many people will go to heaven? Is #1 less than or equal to #2?
418	Kangaroo	сommon name of family of marsupials	Do Australians ride Kangaroos to work?	False	Kangaroos can become aggressive if they feel a human is too close or is threatening them. There are no parking areas or stalls for Kangaroos in Australia.  It would be considered animal abuse to ride on a kangaroo and leave it at one's job.	Do kangaroos live freely with people? Are there any kangaroo parking lots in Australia? Is #1 or #2 positive?
419	Go (game)	Abstract strategy board game for two players	Did origin dynasty of Go precede Jia Sidao?	True	Go is a strategy game that originated in the Zhou dynasty. The Zhou dynasty lasted from 1046 BC – 256 BC. Jia Sidao was a chancellor during the late Song dynasty. The Song dynasty started in 960 AD and lasted until 1279 AD.	During which Chinese dynasty did the game Go originate? Which Chinese dynasty was Jia Sidao a part of during his lifetime? Did #1 precede #2?
420	Star Wars	Epic science fantasy space opera franchise	Are there multiple Star Wars TV shows produced by Disney?	True	Star Wars Rebels and Star Wars Resistance were released after Disney bought ownership of Star Wars. Disney also produced the first live-action TV show set in the Star Wars galaxy, The Mandalorian. Disney produced one additional revival season of Star Wars Clone Wars which was originally produced before Disney owned Star Wars.	When did Disney acquire Star Wars? How many Star Wars TV shows have been produced since #1? Is #2 greater than one?
421	Private investigator	person hired to undertake investigatory law services	Would Emma Roberts's Nancy Drew be considered a private investigator?	False	Emma Roberts starred as Nancy Drew in the 2007 film titled Nancy Drew. A private investigator is hired by an individual to solve a crime. Nancy Drew from the 2007 film was described as an amateur sleuth. Nancy Drew in the 2007 film was interested in a case and decided to pursue it on her own, without being paid for it.	Who did Emma Roberts play in the 2007 film titled Nancy Drew? Was #1 considered a private investigator?
422	Seven Years' War	Global conflict between 1756 and 1763	Was the AK-47 used in the Seven Years' War?	False	The Seven Years' War took place between 1756 and 1763. The AK-47 was developed in the 1940s.	Between what years did the Seven Years' War take place? When was the AK-47 developed? Is #2 before #1?
423	J. K. Rowling	English novelist	Did Helen Keller ever read a novel by J. K. Rowling?	False	Helen Keller died in 1968. J. K. Rowling's first novel was published in 1997.	When was J. K. Rowling's first novel published? When did Helen Keller die? Is #1 before #2?
424	Garfield	Comic strip created by Jim Davis	Would Garfield like canid food?	False	Garfield is a fictional comic strip character that is a cat.  Garfield loves to eat spaghetti. Canid refers to the species that dogs belong to. Dogs like to eat meat and dog food.	What is Garfield's favorite food? Is the answer to #1 a type of canned food?
425	Hamlet	tragedy by William Shakespeare	Did Hamlet's author use email?	False	Hamlet was written by William Shakespeare. William Shakespeare was born in 1564. Email was not widely used until the 1970s.	Who was the author of Hamlet? When did #1 pass away? When did email become commonly used? Did #3 occur before #2?
426	Larry King	American television and radio host	Can Larry King's ex-wives form a water polo team?	True	Water polo is a sport played by teams of seven competitors Larry King has seven ex-wives	How many ex wives does Larry King have? How many players  are on a water polo team? Is #1 equal to #2?
427	Hypertension	Long term medical condition	Are a dozen pickles good for easing hypertension?	False	Hypertension is high blood pressure that can come from a number of factors including excess salt. Pickles are food that are high in sodium, or salt.	What nutrients cause hypertension? Are pickles low in #1?
428	Saint Peter	apostle and first pope	Was Florence Nightingale's death more painful than Saint Peter's?	False	Florence Nightingale was a social reformer that is the founder of modern medicine. Florence Nightingale died in her sleep. Saint Peter was a Christian preacher. Saint Peter was crucified by the Romans.	How did Saint Peter die? How did Florence Nightingale die? Can #2 be considered more painful than #1?
429	Amazon (company)	American electronic commerce and cloud computing company	Would Iceland lose to Amazon in a bidding war?	True	Iceland had a nominal GDP of $27 billion as of a 2018 estimate. Amazon recorded revenues of $232.887 billion in the 2018 fiscal year.	What was the nominal GDP of Iceland in 2018? What was Amazon's recorded revenues in 2018? Is #2 greater than #1?
430	Boolean algebra	"Algebra involving variables containing only ""true"" and ""false"" (or 1 and 0) as values"	Could boolean algebra be described as binary?	True	Binary options tend to have 2 instead of 10 as a base.  Binary directly describes something composed of 2 things. 	How many digits are used in boolean algebra? How many does 'binary' denote? Is #1 the same as #2?
431	Jujutsu	Japanese martial art	Could a Jujutsu expert hypothetically defeat a Janissary?	False	Jujutsu is a form of unarmed combat. Janissaries were the elite infantry of the Ottoman Empire. Janissaries wore chain mail and armor and wielded sharp swords.	What equipment does Jujutsu use? What equipment does Janissary use? Would someone with #1 likely defeat someone with #2?
432	JPEG	Lossy compression method for reducing the size of digital images	Does the JPEG acronym stand for a joint committee?	True	"The term ""JPEG"" is an initialism/acronym for the Joint Photographic Experts Group. They created the standard in 1992. The Joint Photographic Experts Group (JPEG) is the joint committee between ISO/IEC JTC 1 and ITU-T Study Group 16 (formerly CCITT) .  The Joint Photographic Experts Group created and maintains the JPEG, JPEG 2000, and JPEG XR standards. "	What does the acronym JPEG represent? Is #1 a coalition of different groups?
433	Mike Tyson	American boxer	Did Mike Tyson train to use the gogoplata?	False	Mike Tyson is a boxer The gogoplata is a chokehold used in mixed martial arts and various submission grappling disciplines	In what sports is a gogoplata used? Did Mike Tyson participate in #1?
434	The Mentalist	American police procedural drama television series (2008-2015)	Was the Mentalist filmed in black and white?	False	The Mentalist first aired in 2008. Black and white television shows were no longer being made in 2008.	When did The Mentalist first air? When did they stop filming black and white television? Was #1 before #2?
435	Ku Klux Klan	American white supremacy group	Would the Ku Klux Klan welcome Opal Tometi into their group?	False	The Ku Klux Klan is an American white supremacist hate group whose primary targets are African Americans, as well as Jews, immigrants, leftists, and homosexuals. Opal Tometi is an African American woman. Opal Tometi is a co-founder of Black Lives Matter. Black Lives Matter (BLM) is a decentralized movement advocating for non-violent civil disobedience in protest against incidents of police brutality and all racially motivated violence against African-American people.	Which groups of people are enemies of the Ku Klux Klan? What is Opal Tometi's ethnicity? Is #2 absent from #1?
436	Emu	Large flightless bird endemic to Australia	Can an emu chase a bogan?	True	Emus are endemic to the continent of Australia Bogan is a pejorative term for certain citizens of Australia	"Where are emus endemic to? Where is a ""bogan"" found? Do areas #1 and #2 overlap?"
437	ABBA	Swedish pop group	Is calling ABBA the Swedish Beatles a preposterous claim?	True	ABBA was a Swedish band that had 1 Billboard number 1 hit and 4 top 10 hits. The Beatles had 20 Billboard number 1 hits and 34 top 10 hits.	How many Billboard number ones did ABBA have? How many Billboard number ones did the Beatles have? Is #1 lower than #2?
438	Hyena	family of mammal	Do hyenas appear in a Broadway musical?	True	Scar is the evil lion in Disney's Lion King. Scar's minions are a group of hyenas. There is a Broadway stage version of Lion King.	Who is the main antagonist in Disney's Lion King? Which animals were #1's minions? Has the Lion King been adapted into a Broadway musical and are #2 hyenas?
439	Jane Austen	English novelist	Did Jane Austen suffer from middle child syndrome?	False	Jane Austen was the second youngest of 8 children. Middle child syndrome is the feeling of exclusion by middle children, due directly to their placement in their family's birth order.	What would a child have to be to suffer from middle child syndrome? What is Jane Austen's position among her siblings? Does being #2 make her #1?
440	Hunting	Searching, pursuing, catching and killing wild animals	Would a pacifist be opposed to hunting?	False	Pacifists are a group opposed to violence and war. Amish people are well known for their pacifism. Amish people hunt for meat and sport.	What is the purpose of hunting? What are Pacifists opposed to? Is #2 listed in #1?
441	Dance	A performing art consisting of movement of the body	Is a person with St. Vitus's Dance likely to win a ballet competition?	False	St. Vitus's Dance, also called Sydenham's chorea, is a disease characterized by sudden jerking movements of the body. Ballet is a performance dance known for elegant and fluid motions.	What are the characteristic movements of St. Vitus' Dance? What are the characteristic movements of well trained ballet dancers? Is #1 the same as #2?
442	Retail	Sale of goods and services from individuals or businesses to the end-user	Would a retail associate envy the retailer's CEO's pay?	True	The average retail CEO makes 14 million yearly. Retail associates typically make between $8 and $13 hourly.	How much does a retail CEO make yearly? How much does a retail associate make yearly? Is #1 greater than #2?
443	Menstruation	Regular discharge of blood and tissue from the inner lining of the uterus through the vagina	Are there people who are men who experience menstruation?	True	Menstruation can occur in any human being who has a uterus and vagina.  People who are born with a vagina may transition socially and/or medically to being male.  Someone with a vagina who has transitioned to being male is a man. 	What body organs are involved in menstruation? Do some men possess #1? 
444	Disc jockey	Person who plays recorded music for an audience	Was disc jockey Jay Thomas enemies with Clayton Moore?	False	Jay Thomas was a radio disc jockey and Emmy winning actor.  Clayton Moore played the Lone Ranger. Jay Thomas was a yearly recurring guest on the Dave Letterman Show every Christmas. Jay Thomas told his Lone Ranger Story every year about a funny encounter he had with Clayton Moore.	Did Jay Thomas appear on the David Letterman Show? Did Jay Thomas tell a story about Clayton Moore who is the Lone Ranger? Is the story a humorous story? Is #1, #2 or #3 a no answer?
445	Cactus	Family of mostly succulent plants, adapted to dry environments	Should cactus soil always be damp?	False	The amount of water a cactus needs depends on the weather and season. When the weather isn't hot, a cactus needs very little water.	What are the factors that determine the amount of water a cactus needs? Are #1 always constant?
446	United States Department of Education	United States government department	Does the United States Department of Education oversee services benefiting undocumented migrants? 	True	The United States Department of Education oversees public education across the United States. Public education is a service. Public education services are given to students of migrant families that may be undocumented.	Which service does the United States Department of Education oversee? Which services could children from undocumented migrant families benefit from? Is #1 included in #2?
447	Pea	species of plant	Does Soylent use Pea for their source of protein? 	False	Soylent is a meal replacement drink that offers 20mg protein. The protein in Soylent is derived from Soy.	What type of protein does Soylent use? Is #1 the same as pea protein?
448	Prime number	Integer greater than 1 that has no positive integer divisors other than itself and 1	Are Brian Cranston and Saoirse Ronan's combined Emmy Awards a prime number?	False	Brian Cranston has won 6 Emmy Awards. Saoirse Ronan has won 0 Emmy awards. 6 is divisible by the following numbers: 1,2,3, and 6.	How many Emmy Awards has Brian Cranston won? How many Emmy Awards has Saoirse Ronan won? What is #1 plus #2? Is #3 not evenly divisible by any other number than 1 and #3?
449	Plastic	material of a wide range of synthetic or semi-synthetic organic solids	Do beeswax alternatives to cling wrap use plsatic?	False	Beeswax food wrapping is typically made of two ingredients. Beeswax food wrap is composed of cotton fabric and beeswax. Neither cotton nor beeswax contains plastic.	What are the components of Beeswax food wrap? Do any among #1 contain plastic?
450	Strawberry	edible fruit	Would an owl monkey enjoy a strawberry?	True	Owl monkeys are frugivores, and they prefer small, ripe fruit when available. Strawberries vary in size but are generally under 2 inches across and an inch in diameter. Strawberries are a kind of fruit.	What food group does an owl monkey's diet mainly consist of? Is a strawberry a #1?
451	Doctorate	academic or professional degree	Should you be skeptical of a 21 year old claiming to have a doctorate?	True	The average age that someone gets their doctorate at is 33.  A doctorate takes an average of 8.5 years.	What is the average age at which people get their doctorate? Is 21 very much less than #1 ?
452	Richard Dawkins	English ethologist, evolutionary biologist and author	Would Richard Dawkins hypothetically refuse an offering of the Last rites?	True	Richard Dawkins is known as an outspoken atheist, well known for his criticism of creationism and intelligent design. The Last rites, in Catholicism, are the last prayers and ministrations given to an individual of the faith, when possible, shortly before death.	Which religious beliefs are the Last rites affiliated with? What was Richard Dawkins' belief regarding religion? Would a #2 refuse to practice #1?
453	Christopher Columbus	Italian explorer, navigator, and colonizer	Did Christopher Columbus condone multiple deadly sins?	True	The seven deadly sins are:  pride, greed, wrath, envy, lust, gluttony, and sloth. Under Columbus, every native of fourteen years of age or upward was to pay a large hawk's bell of gold dust or cotton and those who could not pay were punished.  in just two years under Columbus's governorship, over 125,000 of the 250,000–300,000 natives in Haiti were dead.	What are the deadly sins? What were Christopher Columbus's actions in the New World? Did #2 include more than one of #1?
454	Disneyland Paris	Theme park resort in France owned by The Walt Disney Company	Would an American feel lost due to language barriers at Disneyland Paris?	False	All Disneyland Paris cast members are required to know and speak English. Travelers from England go to Disneyland Paris often without issue.	What language do Americans mainly speak? At Disneyland Paris, what languages are workers required to know? Is #1 the same as #2?
455	Snake	limbless, scaly, elongate reptile	Can a snake swallow an M60 Patton?	False	An M60 Patton is an army tank that weighs several tons. One of the largest animals a snake ate was an impala that weighed 130 pounds.	What is the largest animal that a snack has ever swallowed? How much does #1 weigh? How much does a M60 Patton weigh? Is #3 less than #2?
456	Celery	species of plant	Could you make the kitchen 'holy trinity' without celery?	False	The 'Holy Trinity' in cooking is a base used for soups, stews, and more. The ingredients of the Holy Trinity base are onions, bell peppers, and celery.	What ingredients are part of the culinary holy trinity? Is celery absent from #1?
457	Rurouni Kenshin	1994 Japanese manga series written and illustrated by Nobuhiro Watsuki	Is Rurouni Kenshin from same country as lead character in Nobunaga's Ambition?	True	Rurouni Kenshin is a manga series that comes from Japan. Nobunaga's Ambition is a video game series based on the experiences of Oda Nobunaga. Oda Nobunaga was a Japanese feudal lord.	Where is Rurouni Kenshin from? Where was Oda Nobunaga from? Is #1 the same as #2?
458	Aldi	Germany-based supermarket chain	Should you bring your own bags to Aldi?	True	Unlike most grocery stores, Aldi charges customers for use of paper bags. Aldi does not supply shopping carts without a deposit, so shopping bags are a good alternative.	In US Aldi stores, how do customers get shopping bags? How do customers get shopping carts? Do #1 and #2 cost money or value?
459	Conan O'Brien	American television show host and comedian	Would most children be up past their bedtime if they were watching Conan O'Brien?	True	Conan O'Brien airs at 11 PM.  It is recommended that children are in bed before 10PM.	When does Conan O' Brian air? What is the recommended bedtime for children? Does #1 occur after #2?
460	Stroke	Medical condition where poor blood flow to the brain causes cell death	Did Dale Jr.'s father crash his car due to a stroke?	False	Dale Earnhardt Jr. is his late father's namesake. Dale Earnhardt died in a crash during a NASCAR race.  Dale Earnhardt's car spun out of control after it tapped the car of another driver. Dale Earnhardt's death was a Basilar skull fracture.	Who was Dale Jr's father? What was the cause of the car crash that killed #1? Is #2 a stroke?
461	Governor of New Jersey	head of state and of government of the U.S. state of New Jersey	Was latest Republican governor of New Jersey as of 2020 heftiest politician ever?	False	Chris Christie was the latest Republican governor of New Jersey as of 2020. Chris Christie weighed around 322 pounds. President William Howard Taft weighed between 335 and 350 pounds.	Who was the latest Republican governor of New Jersey as of 2020? How much does #1 weigh? How much did President William Howard Taft weigh? Is #2 greater than #3?
462	Fever	common medical sign characterized by elevated body temperature	Will a person survive a fever of NY's highest recorded temperature?	False	The highest recorded temperature in NY was 108 degrees Fahrenheit. A temperature of 104 degrees Fahrenheit is life threatening and requires immediate medical attention.	What was NY's highest recorded temperature? Above what temperature will a fever become life-threatening? Is #1 less than #2?
463	Glucose	A simple form of sugar	4 Krispy Kreme glazed doughnuts exceed AHA  daily sugar allowance?	True	Glucose is a form of sugar that humans need in order to live. The AHA (American Heart Association) recommends no more than 38g of sugar a day. One Krispy Kreme glazed doughnut has 10g of sugar.	What does the AHA recommend as the maximum amount of sugar a day? How much sugar is in a Krispy Kreme glazed doghnut? What is #2 multiplied by 4? Is #3 greater than #1?
464	Immanuel Kant	Prussian philosopher	Did Immanuel Kant ever meet the 14th president of the United States?	False	Immanuel Kant died on Feb 12, 1804 Franklin Pierce was the 14th president of the United States Franklin PIerce was born Nov 23, 1804	On what date did Immanuel Kant die? Who was the 14th president of the United States? On what date was #2 born? Is #3 before #1?
465	Camel	Genus of mammals	Could a camel fit in a dog house?	False	"Camels are approximately 5.5 to 6 feet tall. The largest dog ever was 3'8"" tall. Dog houses are built to fit dogs."	How large are camels? How large is a dog house? Is #1 less than or equal to #2?
466	Durian	genus of plants	Would Columbus have discovered Durian trees during his 1492 expedition?	False	Columbus ended up in the Americas Durian only exists in Southeast Asia	Which country did Columbus discover on his 1492 experdition? Which countries could you find Durian on? Is there any overlap between #1 and #2?
467	Chief Justice of the United States	Presiding judge of the U.S. Supreme Court	Is the current Chief Justice of the United States forbidden from buying alcohol?	False	The current Chief Justice of the United States is John Roberts. John Roberts is 65 years old. You have to be at least 21 years old to purchase alcohol in the United States.	How old do you have to be to buy alcohol legally in the United States? How old is John Roberts? Is #2 larger than #1?
468	Mexican Revolution	major nationwide armed struggle in Mexico between 1910 and 1920	Could Barron Trump have lived through the Mexican Revolution?	True	The Mexican Revolution took place over a period of ten years Barron Trump is 14 years old	How long did the Mexican Revolution last? How old has Barron Trump already lived as of 2020? Is #2 greater than or equal to #1?
469	Martin Luther	Saxon priest, monk and theologian, seminal figure in Protestant Reformation	Did Martin Luther believe in Satan?	True	Martin Luther was a Protestant. Satan is also known as the devil. Protestants traditionally have believed in the devil as a being. 	What religion was Martin Luther? Do #1's believe in the existence of a non-human evil being (Satan, Beelzebub, the devil, etc)?
470	Snoopy	cartoon dog	Does Snoopy look like Chance from Homeward Bound?	False	Chance from Homeward Bound is a golden retriever.  Snoopy is black and white. Golden Retrievers are yellow in color.	What kind of animal is Chance from Homeward Bound? What color is Snoopy? What color is #1 typically? Is #2 the same as #3?
471	Canidae	family of mammals	Were any members of Canidae in Aesop's Fables?	True	Canidae is a family of mammals that includes dogs, foxes, and coyotes. Aesop's Fables was a collection of stories with animals as the main characters. One of the most famous stories involves a fox and a lion.	Which animals were typical characters in Aesop's Fables? Do any of #1 belong to the family Canidae?
472	United States Air Force	Air and space warfare branch of the United States Armed Forces	Would United States Air Force consider Return of the Jedi's Han Solo bad hypothetical candidate?	True	Han Solo is an ace pilot ally in the Star Wars universe. The US Air Force requires candidates to be between 18 and 35 years old. Return of the Jedi's Han Solo is 36 years of age. The US Air Force requires a candidate to be an American citizen. Han Solo is from the planet Corellia in a galaxy far, far, away.	What requirements does the US Air Force demand of potential candidates? What are the characteristics of character Han Solo as featured in Return of the Jedi? Does #2 fail to satisfy all of #1?
473	DC Comics	U.S. comic book publisher	Would Avengers Comics be out of place in a DC Comics store?	True	The Avengers are a comic produced by Marvel. Marvel and DC are rival companies, each having their own line of products and merchandise. 	Who produces the Avengers Comics? Are #1 and DC Comics rival companies?
474	Easter	Major Christian festival celebrating the resurrection of Jesus	Would Jesus understand the Easter Bunny?	False	During the time of Jesus, Easter was not a holiday yet. Rabbits were not of any profound significance to Jesus.	When did Easter become a holiday? In what year did Jesus die? Did #1 occur before #2?
475	Greek alphabet	script that has been used to write the Greek language	Is the Greek alphabet as common as Sumerian cuneiform?	False	The Greek alphabet is still commonly used Sumerian cuneiform is not used contemporarily 	Does the Greek Alphabet still have widespread present-day use/application? Does the Sumerian cuneiform still have widespread present-day use/application? Are #1 and #2 the same?
476	Sainsbury's	chain of supermarkets in the United Kingdom	Could Sainsbury's buy Tesco?	False	Sainsbury is a business worth £29.007 billion in 2019. Tesco is a business worth £63.911 billion in 2019. 63 billion is more than 29 billion. A business needs to have enough revenue to buy another business.	What is the total value of Sainsbury's? What is the total value of Tesco? Is #1 greater than #2?
477	Twin	One of two offspring produced in the same pregnancy. Use with P31 on items for one twin	Are all twins the same gender?	False	Identical twins are always the same gender. However, identical twins are very rare. Most twin cases are formed from two different fertilizations during the same conception event. Non-identical twins can be opposite gender or same gender.	Which kind of twins are usually of the same gender? Are there other kind(s) of twins apart from #1? Are #2 also usually of the same gender?
478	Rosemary	species of plant, rosemary	Are looks the easiest way to tell rosemary from lavender? 	False	Before blooming, lavender and rosemary look remarkably similar. Rosemary has a pine-like scent. Lavender has a lighter, more floral scent.	What does rosemary look like? What does lavender look like? Are there significant differences between #1 and #2?
479	Nicole Kidman	Australian-American actress and film producer	Does Nicole Kidman despise Roman Josi?	False	Nicole Kidman supports the Nashville Predators and has been photographed almost nightly throughout the season. Roman Josi is a Swiss professional ice hockey defenceman who currently serves as captain of the Nashville Predators.	Does Nicole Kidman hate the Nashville Predators players? Does Roman Josi play for the Nashville Predators? Is #2 the same answer as #1?
480	Fairy	mythical being or legendary creature	Is a fairy more prevalent in world myths than a valkyrie?	True	Valkyries are female figures that choose heroes to bring to Valhalla. Valkyries are exclusive to Norse mythology. A fairy is a mystical magical being that can be found in Celtic, Slavic, German, English, and French folklore.	In what myths do the Valkyries appear? Do fairies appear in more myths than #1?
481	YMCA	Worldwide organization founded in 1844 on principles of muscular Christianity	Can you get Raclette in YMCA headquarters city?	True	YMCA is headquartered in Geneva, Switzerland. Raclette is a melted cheese and potato dish. Raclette is one of several foods Geneva, Switzerland is famous for.	Where is the YMCA headquartered? What foods is #1 famous for? Is raclette in #2?
482	Asteroid	Minor planet that is not a comet	Can I build a house on an asteroid?	False	Building a house requires gravity to hold the house to the surface. The largest asteroid in our Solar System is Ceres, 583 miles across. Asteroids are not large enough to create noticeable gravity.	What do you need to hold a house to the surface of an asteroid? Are asteroids large enough to produce #1?
483	Maya Angelou	American poet, author, and civil rights activist	Would someone in CHE101 require a Maya Angelou book?	False	CHE101 is short for Chemistry 101, a basic college class. Maya Angelou's writings are suited for classes in history and literature. 	What class is CHE101 Are Maya Angelou books suitable for #1?
484	Diarrhea	Loose or liquid bowel movements	Can too many oranges cause diarrhea?	True	Oranges are very high in fiber and sugar. Too much fiber can cause diarrhea.	What high-level nutritional values do oranges have? Can excess of any of #1 cause diarrhea?
485	Europa (moon)	The smallest of the four Galilean moons of Jupiter	Could the surface of Europa fry an egg?	False	Europa is known for having an icy surface. For an egg to become firm, the ground must be at least 158 degrees Fahrenheit.  Ice forms at 32 degrees Fahrenheit. Europa's temperatures are all in the negatives on the Fahrenheit scale.	At what temperature will an egg become fried? What is the temperature on the surface of Europa? Is #2 greater than or equal to #1?
486	August	eighth month in the Julian and Gregorian calendars	Can I ski in Steamboat Springs, Colorado in August?	False	Skiing requires snow.  Snow melts at temperatures higher than 0 degrees Celsius.  Average temperature for Steamboat Springs, Colorado in August is 27.3 degrees Celsius.	What is the average temperature in Steamboat Springs, CO in August? What is the melting point of snow? Is #1 lower than #2?
487	Dopamine	chemical compound	Is dopamine snorted nasally by drug users?	False	Dopamine is a hormone and a neurotransmitter. Neurotransmitters are produced endogenously by the body and are not consumed externally.	What kind of substance is dopamine? Are #1 usually taken through the nose by drug users?
488	Moustache	Facial hair grown on the upper lip	Is it common for women to have moustaches?	False	Facial hair doesn't normally grow on women like it does on men. A little bit of hair can grow between the upper lip and nose but it's a very small amount and generally not enough to be noticeable.	Which gender grows sizable moustaches more commonly? Is #1 the same as women?
489	Michael	male given name	Is Michael an unpopular name in the United States?	False	More boys were named Michael in the United States than any other name between 1954 and 1998. Michael and its foreign variants were within the top 20 names in Canada, Australia, UK, and Europe in the 2010s.	What are the most popular names in the USA? Is Michael absent from #1?
490	Central Park Zoo	Zoo in Central Park, Manhattan, New York City	Is Central Park Zoo located on an island?	True	Central Park Zoo is located in Manhattan. Manhattan is an island.	Where is the Central Park Zoo located? Is #1 an island?
491	Cosmic microwave background	Universe events since the Big Bang 13.8 billion years ago	Can food be cooked in the cosmic microwave background?	False	The cosmic microwave background is faint electromagnetic radiation in space that is a remnant of the Big Bang. Food can be cooked in a microwave oven, but not in the remnants of space radiation.	What kind of radiation is used in microwave ovens? What kind of radiation is produced in the cosmic microwave background? Is #1 the same as #2?
492	Parachuting	action sport of exiting an aircraft and returning to Earth using a parachute	Is coal needed to practice parachuting?	True	Parachuting requires a parachute. Parachutes are made from nylon. Nylon is made from coal. 	What is one of the most important items that you need to go parachuting? What is #1 made out of? Is #2 originally made from coal?
493	Cactus	Family of mostly succulent plants, adapted to dry environments	Would an oil painter avoid reds from scale insects that live on a cactus?	True	Carmine is the product of an insect that lives on some cacti Carmine is not stable in oil paints and its usage has been discontinued Carmine is red	What red pigments are made from insects? What scale insects live on cacti? What pigments overlap with #1 and #2? Is #3 unstable in oil paint?
494	New York Public Library	Public library system in New York City	Could you go to New York Public Library and the Six Flags Great Escape in the same day?	True	Six Flags Great Escape is located in Lake George, NY. New York Public Library is located in New York City. Lake George is 3.5 driving hours from New York City.	Where is Six Flags Great Escape located? Where is The New York Public Library located? How long does it take to drive from #1 to #2? Is #3 less than 24 hours?
495	Himalayas	Mountain range in Asia	Did any of religions in which Himalayas are sacred originate in 19th century?	False	The Himalaya mountains are sacred to three religions: Hinduism, Buddhism, and Jainism. Hinduism was first synthesized around 500 BC. Jainism began in the 6th century BC. Buddhism originated around the 5th century BC.	Which religions believe that the Himalayas are sacred? When did #1 originate? Are any of #2 equal to the 19th century?
496	Goofy	Disney cartoon character	Did brother of Goofy creator's employer commit an excommunicable offense?	True	Goofy was created by Art Babbitt who worked for Walt Disney. Walt Disney's brother, Roy Disney, was a member of the Freemasons. The Catholic Church has a litany of offenses that can get someone excommunicated. Being initiated to Freemasonry, is listed as an excommunicable offense.	Who created the character Goofy? Who did #1 work for? Who are #2's siblings? Are any of #3 Freemasons? Is #4 a reason for excommunication?
497	Toyota Supra	A sports car and grand tourer manufactured by Toyota Motor Corporation	Can a Toyota Supra make a vlog?	False	"A vlog is a ""video blog"" about one's experience A Toyota Supra does not have consciousness to recount any experiences"	What is a vlog? Who makes #1? What is a Toyota Supra? Is #3 the same as #2?
498	New Testament	Second division of the Christian biblical canon	Was Daniel thrown into the lion's den in the New Testament?	False	The Book of Daniel is a book in the Old Testament of the Bible. The Bible is divided into the Old Testament and the New Testament. The New Testament focuses on four Gospels regarding the life of Jesus.	Which book of the Bible has the story of Daniel in the lions' den? Is #1 in the New Testament of the Bible?
499	Citrus	genus of fruit-bearing plants (source of fruit such as lemons and oranges)	Would someone on antidepressants need to be cautious of some citrus fruits?	True	Grapefruit is a citrus fruit. Grapefruit can cause some medications to reach unintentionally high levels in the body.  SSRI's are a medication type that can be affected by grapefruit.	Which fruits can affect antidepressant medications? Is #1 a citrus fruit?
500	Diarrhea	Loose or liquid bowel movements	Do people take laxatives because they enjoy diarrhea?	False	People take laxatives to relieve constipation and associated pain. People with eating disorders take laxatives to lose weight.	What is the primary reason for taking laxatives? Is #1 to induce diarrhea?
501	Durian	genus of plants	Could Durian cause someone's stomach to feel unwell?	True	Durian has a pungent odor that many people describe as being similar to feet and onions. Unpleasant smells can make people feel nauseous. 	What would some people describe durian's smell as? Would #1  cause some people to feel unwell?
502	Swallow	family of birds	Did the swallow play a role in a famous film about King Arthur?	True	Monty Python and the Holy Grail was a famous film about King Arthur In Monty Python and the Holy Grail, swallows are mentioned several times	What Monty Python film is about King Arthur? Are swallows mentioned several times in #1?
503	Persian Gulf	An arm of the Indian Ocean in western Asia	Can the Persian Gulf fit in New Jersey?	False	The Persian Gulf has an area of 96,912 square miles. New Jersey has a land area of 7,417 square miles.	How much area does the Persian Gulf cover? How much area does New Jersey cover? Is #2 greater than #1?
504	Pan (god)	Ancient Greek god of the wilds, shepherds, and flocks	Does the Boy Who Cried Wolf hypothetically have reason to pray to Pan?	True	Pan is the ancient Greek god of the wild, shepherds and flocks. The Boy Who Cried Wolf, from Aesop's Fables, was a shepherd boy.	What is the profession of The Boy Who Cried Wolf? What profession is Pan the god of? Is #1 the same as #2?
505	Balkans	Geopolitical and cultural region of southeastern Europe	Are there enough people in the Balkans to match the population of Japan?	False	There are approximately 55 million people in the Balkans There are more than 125 million people in Japan	What is the population of the Balkans? What is the population of Japan? Is #1 more than #2?
506	Surveying	The technique, profession, and science of determining the positions of points and the distances and angles between them	Would you hire someone with dyscalculia to do surveying work?	False	Dyscalculia is a learning disability in math. People with dyscalculia have trouble with math at many levels.  Surveyors work with elements of geometry, trigonometry, regression analysis, physics, engineering, metrology, programming languages, and the law.  Geometry and trigonometry are types of advanced mathematics.	What do people with dyscalculia struggle with? What skills are necessary to be a competent surveyor? Is #1 not listed in #2?
507	Conducting	Directing a musical performance by way of visible gestures	Is a paraplegic suitable for conducting an orchestra?	True	Musical conductors use their hands to wave a baton and guide the orchestra. Paraplegics are people that are paralyzed from the waist down. Paraplegics are able to play sports that involve their upper body, such as basketball.	What part(s) of the body is/are needed to conduct an orchestra? Which portion of a paraplegic's body is paralyzed? Are #1 separate from #2?
508	Nicole Kidman	Australian-American actress and film producer	Is Nicole Kidman ideal choice to play Psylocke based on height and weight?	True	Psylocke is a Marvel super hero whose real name is Betsy Braddock. Betsy Braddock is 5'11 and 155 lbs. Actress Nicole Kidman is 5'11 and weighs 137 lbs. Actresses gain weight all the time for roles, such as Charlize Theron who gained 30 pounds for the movie Monster.	What is Psylocke's height? What is Psylocke's wieght? Does Nicole Kidman have similar attributes as #1 and #2?
509	Satanism	group of ideological and philosophical beliefs based on Satan	Is Capricorn the hypothetical zodiac sign of Satanism?	True	Satanism is a group of beliefs based on Satan and has numerous symbols. Satan (The Devil) is often depicted as the deity Baphomet, a Sabbatic Goat with a human body and goat head. The Capricorn is the zodiac sign symbolized by the goat. The Tarot card attributed to the Zodiac sign Capricorn is The Devil.	What animal represents the zodiac sign Capricorn? What are some symbols in Satanism? Is #1 among #2?
510	Sesame	species of plant	Would a sesame seed be mistaken for a wood frog egg?	False	A sesame seed is a flat 3 to 4 mm size seed. Wood frog eggs are globe looking masses about 2 to 5 inches in diameter.	What shape and size is a sesame seed? What is the shape and size of a wood frog egg? Are #1 and #2 the same?
511	Easter	Major Christian festival celebrating the resurrection of Jesus	Does Adam Sandler skip celebrating Easter?	True	Adam Sandler is Jewish. Jewish religious people do not celebrate Easter.	Easter is usually celebrated by people of which religion? What is Adam Sandler's religion? Is #1 different from #2?
512	Alcatraz Island	United States historic place	Is there historic graffiti on Alcatraz?	True	Native Americans occupied the island of Alcatraz in 1969. Wall writings from the Native American occupation has been preserved and in some cases, restored completely.	Who were the occupants of the island of Alcatraz in 1969? Did #1 make wall writings?
513	Jean-Paul Sartre	French existentialist philosopher, playwright, novelist, screenwriter, political activist, biographer, and literary critic	Did Queen Elizabeth I read the works of Jean-Paul Sartre?	False	Jean-Paul Sartre was born in 1905. Queen Elizabeth I died in 1603.	When did Queen Elizabeth I die? When was Jean-Paul Sartre bron? Is #2 before #1?
514	Ancient Greece	Civilization belonging to an early period of Greek history	Did Polar Bears roam around in Ancient Greece?	False	Polar Bears live in the Arctic, with temperatures that can get as low as -35 degrees celsius. Ancient Greece had an average temperature of 24 degrees celsius.	Where do polar bears live? What is the average temperature of #1? What was the average temperature of Ancient Greece? Is #3 the same as #2?
515	United Airlines	Airline in the United States	Was United Airlines blameless in worst crash in history?	True	The Tenerife Airport disaster is the deadliest crash in aviation history. The Tenerife Airport disaster involved a Boeing plane and a Pan Am plane. Pan Am airlines competed with United Airlines and other US companies. Boeing is an American multinational corporation that designs and sells airplanes, rockets, satellites,and missiles.	Which aviation accident is considered the worst in aviation history? Is United Airlines excluded from #1?
516	New York Harbor	harbor in the New York City, U.S.A. metropolitan area	Does New York Harbor sit on a craton without volcanic activity?	False	New York Harbor is located on Laurentia craton.  The southwestern portion of Laurentia contains numerous large volcanic eruptions.	What craton is New York Harbor on? Is #1 devoid of volcanic activity?
517	Bohai Sea	The innermost gulf of the Yellow Sea and Korea Bay on the coast of Northeastern and North China	Would Statue of Liberty be visible if submerged in Bohai Sea?	True	The Bohai Sea is 230 feet deep. The Statue of Liberty is 305 feet tall.	How deep is the Bohai Sea? How tall is the Statue of Liberty? Is #2 greater than #1?
518	Fake news	Hoax or deliberate spread of misinformation	Have Jamie Lee Curtis been the subject of fake news?	True	Fake news is a hoax that is circulated and spreads to get people to believe a falsehood. Jamie Lee Curtis is an American actress known for the Halloween series. Rumors have been spread about Jamie Lee Curtis that she was born a hermaphrodite.	What is fake news? Has Jamie Lee Curtis ever been the victim of #1?
519	Golden Gate Bridge	suspension bridge on the San Francisco Bay	Will the Stanford Linear Accelerator fit on the Golden Gate Bridge?	False	The Golden Gate Bridge is a famous suspension bridge in the San Francisco bay area. The Golden Gate Bridge is 1.7miles long. The Stanford Linear Accelerator is part of a particle physics lab in Menlo Park, California.  The Sanford Linear Accelerator is 2miles long.	What is the length of the Golden Gate Bridge? How long is the Stanford Linear Accelerator? Is #1 greater than or equal to #2?
520	JPMorgan Chase	American multinational banking and financial services holding company	Could JPMorgan Chase give every American $10?	True	JPMorgan Chase has total assets of US$2.687 trillion. As of November 8, 2018, the United States is estimated to have a population of 328,953,020. One trillion is equal to 1,000 billions. One billion is equal to 1,000 millions.	How much are the total assets of JPMorgan Chase? What is the population of the United States? Is #2 times $10 less than #1?
521	The Matrix	1999 science fiction action film directed by the Wachowskis	Is the Matrix a standalone movie?	False	The Matrix ends in a cliffhanger. The story is then resolved in two sequels, making a trilogy. There are also supplemental works adding to the story, such as a video game and the Animatrix.	How many movies are in The Matrix franchise? Is #1 equal to one?
522	Noah's Ark	the vessel in the Genesis flood narrative	Is Noah's Ark an upgrade for Golden Age of Piracy pirates?	True	The Golden Age of Piracy took place between 1650 and 1720 and had many famous pirates including Blackbeard. Noah's Ark had dimensions in feet of 450 x 75 x 45. Blackbeard's ship, Queen Anne's Revenge, had a length of 103 feet. William Kidd's ship, Adventure Galley, was 124 feet long.	Which pirates were famously known during the Golden Age of Piracy? What were the dimensions of Noah's Ark? Is #2 greater than the dimensions of the ships of most of #1?
523	Nikola Tesla	Serbian American inventor	Has Nikola Tesla's name inspired multiple brands?	True	Nikola Tesla was a famous inventor born in 1856. The electric car company Tesla was named after Nikola Tesla. The hard rock band Tesla is named after Nikola Tesla.	How many brands are named after Nikola Tesla? Is #1 much more than one?
524	Metropolitan Museum of Art	Art museum in New York City, New York	Could Bernie Sanders visit the Metropolitan Museum of Art twenty times for under two hundred dollars?	False	Bernie Sanders is a senior citizen Senior citizens from outside NY, NJ, or CT must pay $17 per visit	What age group would Bernie Sanders be classifed as? How much must #1 pay to enter the Metropolitan Museum of Art? Is seventeen times #2 less than 200? 
525	Wednesday	Day of the week	Are all Wednesdays in a year enough to read Bible 15 times?	True	There are 52 Wednesdays in a year. There are 1,248 hours over all the Wednesdays in a year. The Old Testament of the Bible takes an average of 52 hours to read. The New Testament of the Bible takes an average of 18 hours to read.	How many Wednesdays are there in a year? What is #1 multiplied by 24? How long does it take to read the old testament? How long does it take to read the new testament? Is #2 greater than or equal to: #3 plus #4?
526	Bicycle	Pedal-driven two-wheel vehicle	Do children's bicycles often have extra wheels?	True	Training wheels are a set of two wheels to attach to bicycles of new bike riders for additional support. Training wheels are marketed primarily at children.	What types of bicycles have more than two wheels? Are any of #1 customarily bought for children?
527	Groundhog Day	Traditional method of weather prediction	Would most school children in New York be wearing jackets on groundhog day?	True	Groundhog day takes place on February second. New York is typically very cold in February.	What month does Groundhog day occur? What is the season in #1? Do people typically wear jackets during #2?
528	Thirty Years' War	War between 1618 and 1648; with over 8 million fatalities	Could a white cockatoo have lived through the entire Thirty Years' War?	True	The Thirty Years' War lasted 30 years White cockatoos have been reported to live between 40-60 years in captivity	How long did the Thirty Years' War last? How long can white cockatoos live? Is #2 greater than or equal to #1?
529	Railroad engineer	person who operates a train on a railroad or railway	Did Jesus go to school to study railroad engineering?	False	The steam locomotive to drive a train was invented in the 19th century. Jesus lived around 0 AD. 	When was the steam locomotive invented? When did Jesus die? Was #1 before #2?
530	Arnold Schwarzenegger	Austrian-American actor, businessman, bodybuilder and politician	Can Arnold Schwarzenegger deadlift an adult Black rhinoceros?	False	Arnold Schwarzenegger deadlifted 710 pounds in a competition. The world deadlift record is 1,104 pounds, set by Game of Thrones actor Hafthor Bjornsson. The weight of an adult Black rhinoceros is between 1,800 – 3,100 pounds.	How much can Arnold Schwarzenegger deadlift? How much does an adult Black rhino weigh? Is #1 greater than #2?
531	Palace of Westminster	Meeting place of the Parliament of the United Kingdom,	Can the Palace of Westminster tell time in the dark?	True	The Palace of Westminster has Big Ben, a striking clock tower Big Ben communicates the time via bells	What is the clock tower of the Palace of Westminster? What does #1 use to communicate time? Can #2 work without light?
532	Herpes simplex virus	Species of virus	Can Planned Parenthood tell your University that you have Herpes simplex virus?	False	Planned Parenthood specializes in reproductive healthcare. Planned Parenthood practitioners are bound by HIPAA to not disclose any patient information. 	Who works at Planned Parenthood? Are #1 bound by any laws in regards to patient information? Does #2 allow for patient information to be disclosed?
533	Prime number	Integer greater than 1 that has no positive integer divisors other than itself and 1	Can a prime number be represented by the number of days in a week?	True	There are seven days in a week. Seven is a prime number.	How many days are there in a week? Is #1 a prime number?
534	Reformation	Schism within the Christian Church in the 16th century	Would a tool used for Martin Luther's Reformation opening salvo aid in a crucifixion?	True	Martin Luther began the Reformation with the defiant act of nailing 95 grievances to the door of the Wittenberg church. Roman crucifixions required several tools including nails and wooden beams.	What did Martin Luther begin his Reformation with? What tools were used in #1? What are the tools required to preform Roman crucifixions? Is there any overlap between #2 and #3?
535	Achilles	Greek mythological hero	Would Achilles dominate Legolas in a hypothetical fight?	False	Achilles was a Greek hero that was killed by an arrow to the heel. Legolas is an elf archer from Lord of the Rings that can shoot arrows incredibly fast. Achilles's companions included human warriors such as Ajax and Odysseus. Legolas's companions include Gandalf who is a high level wizard, capable of casting many deadly spells.	What is Achilles weakspot? What is Legolas strength? Will #1 easily dominate #2
536	Horror fiction	genre of fiction	Is Edgar Allan Poe obscure in the world of horror fiction?	False	Edgar Allan Poe's writing has endured for over 150 years.  Edgar Allan Poe's horror writing has been included in classroom curriculum for decades.  	How long have Edgar Allan Poe's writings remained in common use? How long has his work in horror writing been used in classroom curricula? Is #1 or #2 less than a decade?
537	Shooting sports	sports involving firearms used to hit targets	Do all shooting sports involve bullets?	False	Paintball is a shooting sport that uses paint pellets in lieu of bullets.  Crossbow is a shooting sport that uses 'bolts' or arrows instead of bullets.	What are some common projectiles used in shooting sports? Are all of #1 bullets?
538	Ahura Mazda	highest deity of Zoroastrianism	Will Ahura Mazda have to look down to see Abaddon's dwelling??	True	Abaddon is a demon that is said to dwell in a bottomless pit below the earth that is a realm of the dead. Ahura Mazda is the chief deity of Zoroastrianism. Ahura Mazda is the Supreme Being located in heaven, high above the sky.	Where does Abaddon dwell? Where is Ahura Mazda known to reside? Is #2 located physically above #1?
539	Alaska Purchase	1867 sale of Alaska to the USA by Russia	Was Alaska part of the Northern Army during the Civil War?	False	The Civil War was from 1861 - 1865. The Northern Army consisted of soldiers from states north of the Mason-Dixon line. Alaska did not become part of the United States until 1867.	When did the American Civil War take place? When did Alaska become part of the United States? Is #2 before #1?
540	Bing (search engine)	Web search engine from Microsoft	Do Bing (search engine) searches earn the searcher more than competitors do?	True	Bing (search engine) has a search rewards program that gives the user points, from conducting searches, to redeem for prizes. Bing (search engine) has several competitors such as Google, and DuckDuckGo. Google and DuckDuckGo do not have search rewards programs.	What does Bing give to people who use the search engine? Who are Bing's major competitors? What do the companies in #2 give people for using their service? Is #1 of greater value than #3?
541	Bucharest	Capital of Romania	Is Bucharest located south of Egypt?	False	Bucharest, Romania is located in Eastern Europe. Egypt is located in Africa. Most of Africa is south of Europe.	What country is Bucharest located in? Is #1 south of Egypt?
542	Loudspeaker	a microphone which contains the Bluetooth as at the moment as the microphone is contained the energy; expected energy cooling expect that early in the alphabet (early out of it contains one of these earlier)	Would a loudspeaker be useful for most Gallaudet students?	False	Gallaudet is a school for the deaf in the USA. Most deaf students would not be able to accurately use or rely on information conveyed via loudspeaker.	What disability do Gallaudet students suffer from? What does a loudspeaker do? Would #2 be beneficial for people who have #1?
543	Amtrak	Intercity rail operator in the United States	Would three newborn kittens fit on a standard Amtrak coach seat?	True	"Newborn kittens are small enough to fit in an average human hand. The average human hand is 7 inches. An Amtrak coach seat is 39"" x 23""."	What is the size of a newborn kitten? How big would #1 times three kittens be? How large is an Amtrak coach seat? Is #2 smaller than #3?
544	Atmosphere of Earth	Layer of gases surrounding the planet Earth	Will a rock float in the atmosphere of Earth?	False	Things only float if they are less dense than the surrounding material. Rocks are denser than air. The atmosphere of Earth is made up of air.	Which substance does the earth's atmosphere contain? What is the average density of #1? What is the average density of rocks? Is #3 less than #2?
545	Horseradish	species of plant	Could a newborn look over the top of a fully grown horseradish plant?	False	A fully grown horseradish plant can reach a height of 4.9 feet. Newborn children are typically between 14-20 inches tall in first world countries.	How tall are newborn babies on average? How tall is the average horseradish plant? Is #1 greater than #2?
546	Red Sea	Arm of the Indian Ocean between Arabia and Africa	Does the Red Sea have biblical significance? 	True	During the biblical Exodus, the Israelite had to cross the Red Sea. Moses parted the Red Sea to allow the Israelite group to escape from the Egyptians. 	What bodies of water are important to Biblical stories? Is the Red Sea among #1?
547	Chinatown, Manhattan	Neighborhood of Manhattan in New York City	Would moon cakes be easy to find in Chinatown, Manhattan?	True	Moon cakes are a Chinese traditional desert. Chinatown offers many 'tastes of home' to Chinese locals and travelers. 	What cuisine are moon cakes from? Does Chinatown, Manhattan sell food products of #1?
548	Bugs Bunny	Warner Bros. cartoon character	Is Bugs Bunny known for carrying a root vegetable around with him?	True	Bugs Bunny carries a carrot around with him. Carrots are considered root vegetables.	What does Bugs Bunny carry around with him? Is #1 a root vegetable?
549	Cricket (insect)	small insects of the family Gryllidae	Would someone buying crickets be likely to own pets?	True	Reptiles are a popular pet for people. Reptiles enjoy eating crickets.  Crickets are sold at many pet stores.	What are some common animal classes that people keep as pets? Do any of #1 usually eat crickets?
550	Christianity in China	Religious community	Are some adherents to Christianity in China historic enemies of Catholic Church?	True	Christianity in China is comprised of several different groups including: Protestants, Catholics, Evangelicals, and Orthodox Christians. Catholics have been at war with Protestants throughout history. The 1572 St. Bartholomew's Day Massacre saw thousands of Protestants killed by Catholic mobs. English Protestant rulers killed many Irish Catholics during the Reformation.	Which Christian denominations are historic enemies of the Catholic Church? Do any of the denominations in #1 currently have adherents in China?
551	Oval Office	office of the U.S. President	Can a Kia Rio fit inside the Oval Office?	True	The Oval Office is 35' long and 29' wide. A Kia Rio is 14.3' long and 5.6' wide. 	How large is the Oval Office? How large is a Kia Rio? Is #1 greater than or equal to #2?
552	War in Vietnam (1945–46)	Prelude to the Indochina Wars	Were veterans of the War in Vietnam (1945–46) given free education by the Soviet Union?	False	The Soviet Union provided free education to children of those who died in the Vietnam War with America. The War in Vietnam (1945–46) was twenty years before the Vietnam War with America.	The Soviet Union gave free education to children of people who died in which war? When did #1 end? When did the War in Vietnam (1945-46) end? Was #3 before #2?
553	Easter Bunny	Folkloric figure and symbol of Easter	Is the Easter Bunny popular in September?	False	The Easter Bunny is a symbol of the Christian holiday of Easter Easter occurs in March or April each year	What holiday does the Easter Bunny symbolize? Is #1 celebrated in September?
554	Rhinoceros	family of mammals	Have rhinoceroses been killed to improve human sex lives?	True	Rhinoceros horns are used for folk treatment of sexual impotency. Rhinoceroses are killed to remove their horns.	Which part of the Rhinoceros do most poachers hunt and kill it for? What are some common traditional uses of #1? Is treatment of sexual impotency included in #2?
555	United States Army Rangers	Elite military formation of the United States Army	Is Mozambique Drill an easy shot for United States Army Ranger?	True	The Mozambique Drill is a close quarters combat technique involving firing two shots to the body and one to the head. United States Army Rangers are equipped with M4A1 guns. M4A1 guns can fire up to 600 meters.	What is the The Mozambique Drill? What guns are United States Army Rangers equipped with? What is the shooting range of #2? Would a gun with the range of #3 be helpful in #1?
556	Rainbow	meteorological phenomenon	Is lunch on the beach a good activity to spot the full circle of a rainbow?	False	The full circle of a rainbow cannot usually be seen from ground level Sometimes the full circle of a rainbow can be seen from a high building or aircraft You can see more of a rainbow the closer to the horizon the sun is Lunch occurs at midday when the sun is likely high in the sky	At what point in the sky is the sun most likely to create a full circle rainbow? At what altitudes are full rainbows more likely to be seen? Is lunchtime at the beach relatively close to conditions #1 and #2?
557	ABBA	Swedish pop group	Does ABBA have similar gender configuration to The Mamas & The Papas?	True	ABBA was a Swedish pop group composed of four members. The Mamas & The Papas was an American band composed of four members. The members of ABBA are Björn Ulvaeus (male), Benny Andersson (male), Agnetha Fältskog (female), and Anni-Frid Lyngstad (female).. The members of The Mamas & The Papas are John Phillips (male), Denny Doherty (male), Cass Elliot (female), and Michelle Phillips (female).	How many men and women each make up the Mamas and the Papas? How many men and women each make up ABBA? Is #1 equal to #2?
558	Mona Lisa	Painting by Leonardo da Vinci	Is the Mona Lisa based on a real person?	True	There are two main theories about the origin of the Mona Lisa. The first is that a wealthy noblewoman, the wife of one of Leonardo's friends, sat as the model. Another popular theory is that Leonardo painted her as a cross-gendered self portrait.	Who was the Mona Lisa painting based on? Is #1 a real person?
559	Johann Sebastian Bach	German composer	Did Johann Sebastian Bach leave his first wife for his second wife?	False	Johann Sebastian Bach was married to Maria Barbara Bach from 1707–1720. Johann Sebastian Bach was married to Anna Magdalena Bach from 1721–1750. Maria Barbara Bach died suddenly in 1720.	What dates was Johann Sebastian Bach married to Anna Magdalena Bach? When did Maria Barbara Bach die? Is #2 included in #1?
560	Cheeseburger	hamburger topped with cheese	Could Eddie Hall hypothetically deadlift the world's largest cheeseburger?	False	The largest cheeseburger ever made weighed 2,014 pounds. Eddie Hall is the former world record deadlift holder, lifting 1,102 pounds under strongman rules.	What is Eddie Hall's record deadlist? What is the weight of the world largest cheeseburger? Is #1 larger than #2?
561	Justin Timberlake	American singer, record producer, and actor	Has Justin Timberlake ever written a song about Britney Spears?	True	Justin Timberlake and Britney Spears dated in 1999. In 2002, Justin Timberlake released a music video for his breakup song 'Cry Me A River' and featured an actress who resembled his then ex Britney Spears.	Who did Justin Timberlake date in 1999? Who was the song 'Cry Me A River' by Justin timberlake about? Is #1 and #2 the same?
562	Head coach	Senior coach or manager of a sports team	Do most high school head coaches make as much as the Head Coach at NCSU?	False	The average high school makes about $41,000. The head coach for NCSU makes about $1.8 million dollars.	What is the average salary for a high school head coach? What is the salary of the head football coach at NCSU? Is #1 within 5% of #2?
563	Christopher Columbus	Italian explorer, navigator, and colonizer	Did Christopher Columbus break the fifth commandment in Christianity?	True	The fifth commandment states that Thou Shalt Not Kill. Christopher Columbus ordered a brutal crackdown in which many natives were killed, and then paraded their dismembered bodies through the streets.	What is the fifth commandment in Christianity? What activities did Christopher Columbus subject Native Americans too? Is the activity in #1 also in #2?
564	Transport	Human-directed movement of things or people between locations	Can you transport a primate in a backpack?	True	Primates include lemurs, monkeys, apes, and humans. A Capuchin is a type of monkey that are an average height of twelve inches and weighs nine pounds. A school ruler is twelve inches. One school textbook can weigh up to six pounds.	What is the average size and weight capacity of a backpack? What are some common primates? Is any of #2 such that its size and weight is less than or equal to #1?
565	King Arthur	legendary British leader of the late 5th and early 6th centuries	Was King Arthur at the beheading of Anne Boleyn?	False	King Arthur was a legendary British leader who, according to medieval histories and romances, led the defence of Britain against Saxon invaders in the late 5th and early 6th centuries. Anne Boleyn was beheaded May 19, 1536.	When is King Arthur thought to have died? When was Anne Boleyn born? Is #2 before #1?
566	Uppsala	Place in Uppland, Sweden	Can the city of Miami fit inside Uppsala?	False	Miami measures 55.25 mi². Uppsala has an area of 18.83 mi². 	What is the area of Miami? What is the area of Uppsala? Is #1 less than or equal to #2?
567	Samsung Galaxy	series of Android mobile computing devices	Does Iphone have more iterations than Samsung Galaxy?	False	As of 2020 the latest Iphone is Iphone 11. As of 2020 the latest Samsung Galaxy phone is the Samsung Galaxy S20.	How many models of the iPhone have been released as of 2020? How many models of the Samsung Galaxy have been released as of 2020? Is #1 greater than #2?
568	Hanuman	The divine monkey companion of Rama in Hindu mythology	Is Hanuman associated with a Norse god?	False	Hanuman is a companion of the god Rama. Rama is an avatar of the god Vishnu in Hindu mythology.	Which god is Hanuman associated with? Is #1 in Norse mythology?
569	Sonnet	form of poetry with fourteen lines; by the thirteenth century it signified a poem of fourteen lines that follows a strict rhyme scheme and specific structure	Did a Polish poet write sonnets about Islamic religion?	True	Adam Mickiewicz was a Polish poet.  Adam Mickiewicz 's sonnet sequence focuses heavily on the culture and Islamic religion of the Crimean Tatars.	What were the major focus of Adam Mickiewicz's sonnets? Is #1 about Islamic religion? Was Adam Mickiewicz a Polish poet? Are #2 and #3 positive?
570	Bugs Bunny	Warner Bros. cartoon character	Can you find Bugs Bunny at Space Mountain?	False	Space Mountain is an attraction at Disney theme parks Bugs Bunny is a Warner Bros. character Warner Bros. characters appear at Six Flags theme parks	Where is Space Mountain located? Which animation studio created Bugs Bunny? Which entertainment company is #1 related to? Is #2 part of #3?
571	Brazilian Navy	Naval warfare branch of Brazil's military forces	Could modern Brazilian Navy have hypothetically turned the tide in Battle of Actium?	True	The Battle of Actium saw Mark Antony's army lose to Octavian. Octavian's army had 400 ships, 16000 infantry, and 3,000 archers. The Brazilian Navy has over 80,000 personnel, including 16,000 marines. Several Brazilian Navy ships are armed with explosive torpedoes. 	What was the result of the Battle of Actium? In #1, how many resources did the Octavian's army have?  How many resources does the Brazilian Navy have?  Is #3 significantly more than #2?
572	Jason	Greek mythological hero	Could the children of Greek hero Jason hypothetically fill a polo team?	True	The Greek mythological hero is known for his quest to obtain the Golden Fleece. The Greek mythological hero had four children: Euneus, Nebrophonus, Mermerus, and Pheres. Polo is a sport played between two teams of 4 players.	How many children did Greek mythological hero Jason have? How many people are needed to make a polo team? Is #1 equal to or more than #2?
573	Miami		Can you swim to Miami from New York?	False	The longest distance swam by a person is 139.8 miles. It is over 1,000 miles from New York to Miami.	What is the longest distance that a human has ever swum? How far does one need to swim to get from New York to Miami? Is #1 more than #2?
574	ABBA	Swedish pop group	Could ABBA play a mixed doubles tennis game against each other?	True	ABBA contained two male and two female members. Mixed doubles tennis games consist of two teams of one man and one woman on each.	How many men and women are required to participate in a mixed doubles tennis game? How many men and women are members of the ABBA group? Is #2 at least equal to #1?
575	Aloe	genus of plants	Is material from an aloe plant sometimes enclosed in petroleum-derived products?	True	Aloe vera gel is sometimes kept in plastic packaging. Plastic packaging is derived from petroleum.	What kind of products are derived from petroleum? What products are made from aloe plants? Is #2 ever be packaged inside #1?
576	Hurricane Harvey	Category 4 Atlantic hurricane in 2017	Could Hurricane Harvey catch a Peregrine falcon?	False	Hurricane Harvey had maximum winds of 130 MPH. The Peregrine falcon is the fastest animal on Earth. A Peregrine falcon can reach a maximum speed of 240 MPH.	What was the top speed of Hurricane Harvey? What is the top speed of a Peregrine falcon? Is #1 greater than #2?
577	Hanging	execution or suicide method involving suspension of a person by a ligature	Do bodies movie during hanging?	True	Electrochemical nerve signals are fired after death that can cause a body to twitch. If death by hanging is accomplished due to asphyxia, the victim may attempt to free themselves or may appear to struggle.	What does death by hanging usually induce in victims? What processes could occur in the nervous system immediately after death? Do #1 or #2 result in body movement?
578	Little Women	1860s novel by Louisa May Alcott	Would the author of Little Women have remembered the ratification of the 13th Amendment?	True	The 13th Amendment was ratified in 1865. Louisa May Alcott died in 1888.	When was the 13th Amendment ratified? Who wrote Little Women? What years was #2 alive? Did #1 occur sometime during #3?
579	Benito Mussolini	Fascist leader of Italy	Would Benito Mussolini hypothetically play well in the NBA?	False	Height is an important factor in playing basketball at a high level. The average NBA player is 6 feet 7 inches tall. Benito Mussolini was 5 feet 6.5 inches tall.	What is the height of Benito Mussolini? On average, what is the height of an NBA player? Is #1 comparable to #2?
580	Western honey bee	Species of insect	Does US brand Nice depend on Western honey bee?	True	US brand Nice creates a number of products including honey. The Western honey bee can be found on every continent except Antarctica. The Western honey bee is the most common pollinator in US, making it the most important bee to domestic agriculture.	Which insect does US brand Nice need to obtain the honey they sell from? Is the Western honey bee a common example of #1 that can be found in the US?
581	Hulk	Superhero appearing in Marvel Comics publications and related media	Can Hulk's alter ego explain atomic events?	True	Hulk's alter ego is Dr. Robert Bruce Banner Dr. Robert Bruce Banner is a nuclear physicist.  Nuclear physics is the field of physics that studies atomic nuclei and their constituents and interactions. 	Who is the Hulk's alter ego? What is the profession of #1? What do people in #2 have a knowledge of? Is atomic events included in #3?
582	Firewall (computing)	Software or hardware-based network security system	Can a firewall protect against a short circuit?	False	A firewall is a computer program that protects unwanted attacks from penetrating a computer. Firewalls are installed on computers and conduct routine background maintenance. A short circuit is an electrical failure resulting from wires unable to conduct currents. Short circuits, especially during updates can lead to the dreaded Windows Blue Screen of Death in which a computer is unable to restart.	What kind of threats does a firewall protect a computer system against? What are the possible causes and results of a short circuit as concerning computers? Is any of #2 included in #1?
583	Swiss Guard	Military of Vatican City	Would Swiss Guard defeat the Marines?	False	The Swiss Guard is the military of Vatican City and consists of 135 members. There are 186,000 active duty Marines as of 2017.	How many people are in the Swiss Guard? How many people are in the US Marine Corp? Is #1 greater than or equal to #2?
584	Conservatism	Political philosophy focused on retaining traditional social institutions	Does conservatism repulse Blaire White?	False	Blaire White is a Youtuber. Blaire White posts content that leans towards conservative politics.	What is Blaire White's political orientation as evidenced by her expressions? Is #1 completely devoid of conservatism?
585	Hair	protein filament that grows from follicles found in the dermis, or skin	Do skeletons have hair?	False	Hair grows from the skin. Skeletons are a structure of multiple bones. Bones do not grow hair. 	Where does hair grow from? What are skeletons made out of? Does #2 have #1?
586	Cosmic ray	High-energy particle, mainly originating outside the Solar system	"Did H.G. Wells' ""War of the Worlds"" include cosmic rays?"	False	"The book ""War of the Worlds"" was published in 1898. Cosmic rays were not discovered until 1912."	When was the War of the Worlds published? When were cosmic rays discovered? Did #2 come before #1?
587	Reddit	Online news aggregator	Are the majority of Reddit users familiar with the Pledge of Allegiance?	True	55% of the Reddit user base comes from the United States. Congressional sessions open with the recital of the Pledge, as do many government meetings at local levels, and meetings held by many private organizations. All states except California, Hawaii, Iowa, Vermont, and Wyoming require a regularly scheduled recitation of the pledge in public schools.	What country do most Reddit users come from? What country is the Pledge of Allegiance associated with? Is #1 the same as #2?
588	50 Cent	American rapper, singer, songwriter, actor, television producer, entrepreneur and investor	Does 50 Cent get along with Jeffrey Atkins?	False	"Jeffrey Atkins is a rapper better known as Ja Rule. Ja Rule released the diss track ""Loose Change"" in April 2003, where he attacks 50 Cent. In 2018 50 cent responded to a Ja Rule diss by purchasing and vacating the first 4 rows of Ja Rule's concert."	What artists was Jeffrey Atkins critical of in his song Loose Change? Is 50 Cent outside the group of #1?
589	YMCA	Worldwide organization founded in 1844 on principles of muscular Christianity	Is it normal for people to sing when the YMCA is mentioned?	True	"The YMCA was written about in a widely popular song by ""The Village People"" The Village People's song ""YMCA"" had an easy to do and very popular dance routine that went with it.  The song ""YMCA"" is extremely well known."	In what song was the YMCA written about? Is #1 a very popular song?
590	Infantry	military personnel who travel and fight on foot	Do members of NFL teams receive infantry training?	False	Members of NFL teams play football Infantry training is provided to members of the US armed forces	Which group(s) are entitled to infantry training? Are members of the NFL team one of #1?
591	Quran	The central religious text of Islam	Do most religious people in Quebec refer to the Quran?	False	Christianity is the major religion in Quebec. Christians refer to the Bible as their book of reference.	What is the dominant religion in Quebec? Do adherents of #1 commonly refer to the Quran?
592	Gulf of Mexico	An Atlantic Ocean basin extending into southern North America	Is a Halloween cruise in the Gulf of Mexico likely to be safe from storms?	False	Hurricanes often strike the Gulf of Mexico Hurricane season in the gulf lasts until the end of November Halloween is October 31	Which storms are a common occurrence in the Gulf of Mexico? What time of the year is Halloween celebrated? According to known patterns, are any of #1 likely to happen during #2?
593	Porsche	automotive brand manufacturing subsidiary of Volkswagen	Can Billie Eilish afford a Porsche?	True	Billie Eilish is a famous female singer. Billie Eilish is 18 years old and has a net worth of $25 Million.  A Porsche Boxster is a car that starts at $59,000. $25,000,000 is greater than $59,000.	What is Billie Eilish's net worth? How much does a Porsche cost? Is #1 greater than #2?
594	Formula One	Auto racing championship held worldwide	Did Secretariat win a Formula One championship?	False	Secretariat is a famous race horse Formula One is an auto racing championship	What is Secretariat? What is #1's top speed? What is the top speed for a Formula One car? Is #2 greater than #3?
595	Robert Downey Jr.	American actor	Does Robert Downey Jr's Marvel Cinematic Universe character survive the Infinity War?	False	Robert Downey Jr. plays Iron Man in the MCU. At the end of Avengers: Endgame, Iron Man uses the Infinity Stones against Thanos. The stones are too powerful for his human body to handle, so he dies after using them.	What is Robert Downey Jr's character in Infinity War? Does #1 survive to the end of Infinity War?
596	Astronomer	Scientist who studies celestial bodies	Does James Webb Space Telescope fail astronomer in locating planet Krypton?	True	The James Webb Space Telescope is the most powerful telescope created. Krypton is a planet in the fictional Superman comic book series.	Which universe does the planet Krypton exist in? Does the James Webb Space Telescope as we know it exist in a universe different from #1?
597	Crustacean	subphylum of arthropods	Do all crustaceans live in the ocean?	False	The woodlice family of crustaceans is terrestrial. There are also many crustacean species living in fresh water rivers and lakes.	What are some common families of crustaceans? Is there any of #1 that lives in a terrestrial habitat? Do any of #1 that are aquatic also live in freshwater? Are #2 and #3 negative?
598	South Pole	Southern point where the Earth's axis of rotation intersects its surface	Do children send their Christmas letters to the South Pole?	False	Children send Christmas letters to Santa Claus. Santa Claus is fabled to live in the North Pole.	Who do children send their Christmas letters to? Does #1 supposedly live in the South Pole?
599	Warsaw Ghetto	Ghetto in Nazi occupied Poland	Did the population of the Warsaw Ghetto record secret police on cell phones?	False	The Warsaw Ghetto existed during the second world war. Cell phones with video recording capability did not exist until the 2000s.	When was the Warsaw Ghetto in existence? When was the first cell phone capable of recording developed? Is #2 before the end of #1?
600	John Lennon	English singer and songwriter, founding member of the Beatles	Was John Lennon known to be a good friend to Sasha Obama?	False	John Lennon died in 1980. Sasha Obama was born in 2001.	When was Sasha Obama born? When did John Lennon die? Is #1 before #2?
601	Eggplant	plant species Solanum melongena	Can spiders help eggplant farmers control parasites?	True	The potato tuber moth is a parasite that targets the plant family Solanaceae, including eggplant  Selenops radiatus is a spider genus in South Africa that effectively controls the potato tuber moth	Which major parasite insect are eggplants host plants to? What are the natural enemies of #1 that farmers can use to control them? Is any of #2 a spider?
602	Darth Vader	fictional character in the Star Wars franchise	Does Darth Vader's character resemble Severus Snape?	False	Darth Vader is portrayed as a man who always appears in black full-body armor and a mask. Severus Snape is portrayed as a white man with long, greasy black hair who often wears a cloak. 	What type of clothing does Darth Vader wear? What type of clothing does Severus Snape wear? Are there any significant similarities between #1 and #2?
603	Organ transplantation	moving of an organ from one body or body region to another	Can a carrot receive an organ transplant?	False	Organs are groups of tissues that perform a similar function. The whole of a carrot is a root. A root is a plant organ. You cannot transplant the entire carrot into another carrot.	What part of the plant is the carrot? Does #1 have organs?
604	Memory	information stored in the mind, or the mental processes involved in receiving, storing, and retrieving this information	Do people with DID have a good memory?	False	DID is an abbreviation for 'Dissociative Identity Disorder.' DID is characterized by gaps in memory, as well as altered states or 'personalities' during these dissociative moments.	What does DID stand for? What is #1 characterized by? Would be with #2 have good memory?
605	Pandora	Mythological figure	Were items released from Pandora's box at least two of the names of Four Horsemen?	True	Pandora was a mythical figure that opened a box and released several ills on the world including famine, sickness, and death. The Four Horsemen of the Apocalypse are: Pestilence, War, Famine, and Death.	What items were released from Pandora's box? What were the names of the Four Horsemen Is there any overlap between #1 and #2?
606	Scientific Revolution	Beginnings of modern science that occured in Europe towards the end of the Renaissance	Did the iPhone usher in the scientific revolution?	False	The scientific revolution took place in the 16th and 17th centuries. The iPhone came out in the 21st century.	When did the Scientific Revolution begin? When did the iPhone come out? Did #2 occur before #1?
607	Nature	Hominin events for the last 10 million years	Would someone go to San Francisco for a nature escape?	False	San Francisco is a major US city with over 800,000 people. San Francisco is known for mass transit and being a metropolitan area.	What kind of developed human settlement is San Francisco? Are #1's known for nature?
608	Parsley	species of plant, herb	Does parsley sink in milk?	False	Items sink if they are denser than the surrounding material. Parsley has a density of 0.26 g/cm^3 when fresh. Milk has a density of 1.026 g/cm^3.	What is the density of parsley? What is the density of milk? Is #1 greater than #2?
609	1912 United States presidential election	Election of 1912	Did anyone in the 1912 election take a majority of the popular vote?	False	Woodrow Wilson took 41% of the vote. Theodore Roosevelt took 27% of the vote. William Howard Taft took 23% of the vote. Eugene Debs took 6% of the vote. A majority is more than 50%.	What percentage of votes would constitute a majority? What percentage of votes did the winner of the 1912 presidential election receive? Does #2 fall within the range of #1?
610	Amoeba	polyphyletic group including different eucariot taxons	Could amoebas have played a part in the Black Death?	True	The Black Death is a bacterial disease called bubonic plague. Yersinia pestis has been found to grow and thrive inside amoebas. Bubonic plague is caused by Yersinia pestis.	Which disease is referred to as the Black Death? Which specific organism is responsible for #1? Could #2 be hosted by amoeba?
611	P. G. Wodehouse	English author	Did P. G. Wodehouse like the internet as a child?	False	P. G. Wodehouse was born in 1881. The internet was not conceived of until 1965. 	When was P. G. Wodehouse born? When was the internet invented? Did #1 come before or during #2?
612	The Invisible Man	1897 science fiction novella by H. G. Wells	 Is The Invisible Man more prevalent in films than Picnic at Hanging Rock?	True	H.G. Wells's book The Invisible Man has been adapted into more than 7 films. Joan Lindsay's book Picnic at Hanging Rock was adapted into one film and one TV series.	"How many films have been made of ""The Invisible Man"" How many films have been made of Picnic at Hanging Rock? Is #1 larger than #2?"
613	Disco	music genre	Is ABBA's 1970's genre still relevant today?	True	"ABBA was a 1970's music group that specialized in Disco music. Pop artist Dua Lipa's 2020 album, Future Nostalgia, was described by Rolling Stone as , ""The Disco Liberation We Need."" Magnetic Magazine released an article in 2020 entitled, ""The Best Disco and Funk Tracks of 2020."""	What genre of music did music group ABBA specialize in in the 1970's? Are #1 still relevant today?
614	Cactus	Family of mostly succulent plants, adapted to dry environments	 Is cactus fruit an important menu item for a restaurant based on Cuauhtémoc?	True	The Aztecs cultivated cacti for the fruit Tenochtitlan was the capital of the Aztec empire Cuauhtémoc was the last king of Tenochtitlan 	Where city was Cuauhtémoc the king of? What empire was #1 the capital of? Did people in #2 eat cacti?
615	Euphoria	mental and emotional condition in which a person experiences intense feelings of well-being, elation, happiness and excitement	Did Rumi spend his time in a state of euphoria?	True	Euphoria is a state in which people experience intense feelings that overwhelm their body. Rumi was a 13th century Persian poet that was also a dervish. Dervishes participated in ceremonies in which they experienced religious ecstasy. Religious ecstasy is an altered state of consciousness characterized by visions and emotional (and sometimes physical) euphoria.	What religious practices did Rumi engage in? What emotional experiences are associated with #1? Is euphoria among #2?
616	Silicon	Chemical element with atomic number 14	Is silicon important in California?	True	There is a region in California called the Silicon Valley. Silicon Valley is home to a large number of technology corporations. Silicon Valley was originally named after the large number of corporations there that manufactured silicon-based circuit chips.	Which industrial area in California is named after silicon? What kind of companies are prevalent in #1? What kind of products do #2 make? Is silicon an important raw material for #3?
617	Lord Voldemort	Fictional character of Harry Potter series	Would Lord Voldemort have been barred from Hogwarts under his own rules?	True	Lord Voldemort wanted to rid the wizarding world of half blood wizards. Lord Volemort was born a half blood, part muggle part wizard.	What kinds of people did Lord Voldemort want to prohibit from Hogwarts? What was Lord Voldemort born as? Is #1 the same as #2?
618	Central processing unit	Central component of any computer system which executes input/output, arithmetical, and logical operations	Would a modern central processing unit circuit chip fit on a housekey?	False	A CPU circuit chip is about an inch across. A housekey is generally less than a half-inch across.	What is the size of a CPU Circuit chip across? How long is an average house key? Is #1 less than #2?
619	Pancake	Thin, round cake made of eggs, milk and flour	Are pancakes a bad snack for cats?	True	Pancakes contain the dairy product milk as one of the main ingredients. After 6 months cats lose the enzyme lactase that breaks down lactose, which makes them lactose intolerant. Cats that drink milk can suffer from upset stomach and vomiting.	What are the three major ingredients of pancake? Which substance do cats lose the ability to break down after six months? Does any of #1 contain #2?
620	Maroon 5	American pop punk band	Did Maroon 5 go on tour with Nirvana?	False	Maroon 5 formed in 2001. Nirvana's final performances were in 1994.	When was Maroon 5 formed? What span of years was the rock band Nirvana active? Is #1 before or within #2?
621	Lunch	meal, usually served at midday	Are all students guaranteed lunch at school in the US?	False	Schools across the US have been struggling with school lunch debts. News articles have been published about students being turned away from the cafeteria due to outstanding debts for lunches.	How effectively have schools across the US been managing lunch debts? According to news articles, how are students with lunch debts treated at the cafeteria? Does 'excellently' describe #1 and #2?
622	Methane	Simplest organic molecule with one carbon atom and four hydrogen	Can methane be seen by the naked eye?	False	Methane is a gas. Methane is colorless. Methane is odorless.	What is the color of methane? Can #1 gases be seen by the naked eye?
623	Evander Holyfield	American boxer	Would an Evander Holyfield 2020 boxing return set age record?	False	Evander Holyfield will turn 58 years old at the end of 2020. Steve Ward holds the world's oldest boxer title at age 59.	How old will Evander Holyfield be at the end of 2020? What is the oldest age a boxer won a title bout? Is #1 greater than #2?
624	Alcatraz Island	United States historic place	Could an escapee swim nonstop from Alcatraz island to Siberia?	False	Alcatraz Island was a San Francisco Bay prison. Siberia is over 5,217 miles away from San Francisco. The longest continuous swim record was 139 miles.	How far is Alcatraz from Siberia? How far is the record longest swim? Is #2 equal to or greater than #1?
625	Ice	water frozen into the solid state	Is there a popular Disney character made from living ice?	True	Olaf is a popular character in Disney's Frozen series. Olaf is a snowman, accidentally enchanted to life by Elsa while she magically builds her ice tower.	Which popular Disney character did Elsa accidentally enchant to life while building her ice tower? Was #1 made of snow/ice?
626	Onion	vegetable	Would a blooming onion be possible with a shallot?	False	"A blooming onion is a dish for sharing, featuring a sliced and deep fried onion made to resemble petals. A shallot is very small and would only make a few ""petals"""	What characteristics of onions are important when making blooming onion dish? Do the characteristics of shallot match with all of #1?
627	Friday	day of the week	Did goddess Friday is named after despise felines?	False	Felines are a species of animals that include lions, tigers, and domestic cats. Friday is named after the Norse goddess Freya.  Freya is often depicted in art with cats. Freya had two cats that pulled her magical chariot.	Which goddess is Friday named after? Which animals pulled #1's chariots? Are felines excluded from #2?
628	Gunpowder	explosive most commonly used as propellant in firearms	Did the Gunpowder plot eliminate Mary, Queen of Scots bloodline?	False	Mary, Queen of Scots was the queen of Scotland whose rivalry with Elizabeth I led to her beheading. Mary, Queen of Scots son became King of England as James I. The Gunpowder plot was a 1605 plot to blow up Parliament and King James I. The Gunpowder plot failed and the conspirators were executed. King James I was succeeded by his son, Charles I of England.	In what year did the Gunpowder Plot happen? Of the descendants of Mary, Queen of Scots, what is the birth year of the person who died most recently? Is #1 within the range of #2?
629	Onion	vegetable	Does Sockington enjoy onions?	False	Sockington is a domestic cat Onions can cause toxicity in cats by breaking down their red blood cells	What kind of creature is Sockington? Are onions harmless to #1?
630	Monarch	Person at the head of a monarchy	Would Hapshetsut be considered a monarch?	True	A monarch is the head of a monarchy and was appointed for life. Hapshetsut was the second known female pharaoh. Pharaohs ruled for life and their wealth was even buried with them to take into the afterlife.	What kind of leader was Hatshepsut? What was the nature of the leadership of a #1? What is the nature of a monarch's rule? Is #2 very similar to #3?
631	Rand Paul	American politician, ophthalmologist, and United States Senator from Kentucky	Can a New Yorker get their eyes checked by Rand Paul legally?	False	Rand Paul is a senator from Kentucky. Rand Paul was an ophthalmologist in Kentucky with ABO certification. The National Board of Ophthalmology does not recognize ABO certification. Kentucky does not require ophthalmologists to be certified. NY ophthalmologists must have approved application for licensure certifications.	What certifications does NY require of ophthalmologists? Does Rand Paul have #1?
632	Hulk	Superhero appearing in Marvel Comics publications and related media	Hypothetically, will an African elephant be crushed by Hulk on its back?	False	The Hulk is a Marvel comics character. The Hulk is said to be around 8 feet tall and weigh around 1400 pounds. An African elephant can carry up to 9,000 kg, or 19,841 pounds.	How big is the Hulk? How much can an African elephant carry? Is #1 greater than #2?
633	Post Malone	American singer, rapper, songwriter, and record producer	Does Post Malone have a fear of needles?	False	Post Malone's body is covered with many tattoos. The most common method of tattooing in modern times is the electric tattoo machine, which inserts ink into the skin via a single needle or a group of needles that are soldered onto a bar, which is attached to an oscillating unit.	What is Post Malone known for having on his body and face? Does getting #1 not involve the use of needles?
634	Spanish–American War	Conflict in 1898 between Spain and the United States	Did US President during Spanish-American War suffer similar demise to Abraham Lincoln?	True	The Spanish-American War lasted from April 21, 1898 to August 13, 1898. William McKinley was President of the United States from March 4, 1897 to September 14, 1901. William McKinley died from gun related injuries after an assassination attempt. Abraham Lincoln died shortly after being shot by John Wilkes Booth.	What years were the Spanish–American War? Who was the US President during #1? How was #2 killed? How was Abraham Lincoln killed? Is #3 the same as #4?
635	Suicide	Intentional act of causing one's own death	Would Modafinil be effective in completing a suicide?	False	Modafinil is a powerful wakefulness drug, typically prescribed at 100mg or 200mg per day doses. Suicide attempts with up to 5,000mg of Modafinil have been unsuccessful. 	What is Modafinil? What are the effects of taking too much #1? Would someone who wanted to commit suicide want to #2?
636	Ten Commandments	Set of biblical principles relating to ethics and worship, which play a fundamental role in the Abrahamic religions	Were the Ten commandments the part of the bible that Jewish people do not believe in?	False	The Jewish religion regards the Old Testament as their holy book. The New Testament of the bible is not acknowledged by Jewish religious people. The Ten Commandments are in the Old Testamanet.	What parts of the Bible do Jews not accept? What part of the Bible are the Ten Commandments in? Is #2 also listed in #1?
637	Dr. Seuss	American children's writer and illustrator	Did the death of Helen Palmer have a significant effect on Dr. Seuss?	True	Dr. Seuss's real name was Theodor Geisel. Theodor Geisel was married to Helen Palmer at the time of her suicide. Theodor Geisel is quoted having said he considered suicide after the death of his wife.	What relatives did Helen Palmer have when she died? What is Dr. Suess's real name? Is #2 one of #1?
638	Federal Reserve	Central banking system of the United States	Is the Federal Reserve a quick walk from Space Needle?	False	The Federal Reserve building is headquartered in Washington, D.C. The Space Needle is located in Seattle, Washington. There are over 2700 miles from Seattle, Washington to Washington, D.C.	Where is the Space Needle located? Where is the headquarters of Federal Reserve located? Can the distance between #1 and #2 be covered quickly by walking?
639	Eric Clapton	English musician, singer, songwriter, and guitarist	Would Eric Clapton's mother hypothetically be unable to legally purchase cigarettes in the USA at his birth?	True	Eric Clapton's mother was 16 years old at the time of his birth. As of 2020, federal law required states comply with a minimum age of 21 years for sale/purchase of tobacco products.	How old was Eric Clapton's mom when he was born? How old must you be to legally buy cigarettes in the USA? Is #2 greater than #1?
640	Casio	Japanese electronics company	Could Casio's first invention be worn around the ankle?	False	Casio's first invention was the yubiwa pipe. The yubiwa pipe was a ring worn that held a cigarette in place worn on the finger. Ankles are several inches thicker than fingers.	What was Casio's first invention? Where was #1 worn? What is the largest diameter of #2? What is the smallest diameter of ankle? Is #4 less than or equal to #3?
641	Cousin	any descendant of an ancestor's sibling	Does Zelda Williams have any cousins on her father's side?	False	Robin Williams was the father of Zelda Williams.  Robin Williams was an only child. A cousin is the child of a parent's siblings.  Only children do not have siblings.	Who was Zelda Williams's father? Does #1 have any siblings?
642	Toronto Star	Newspaper in Toronto, Ontario, Canada	Can someone sell their time through the Toronto Star?	True	The Toronto Star has a classifieds section Readers can advertise their own labor or services and thus their time 	What section of the Toronto Star lists things for sale? Can someone's services or labor be sold in #1?
643	Snickers	brand name chocolate bar made by Mars, Incorporated	Is it wise to feed a Snickers bar to a poodle?	False	A Snickers bar contains chocolate. Chocolate is harmful or even toxic to dogs. Poodles are a breed of dog.	What are poodles a breed of? What substances are harmful to #1? What is a Snickers make out of? Is there no overlap between #2 and #3?
644	United Airlines	Airline in the United States	Does United Airlines have a perfect operation record?	False	An airline with a perfect operation record has no crashes or other damaging incidents. United Airlines has had over 30 crash incidents over several decades.	What must an airline avoid if they want a perfect operation record? Is United Airlines free of #1?
645	Sea otter	A species of marine mammal from the northern and eastern coasts of the North Pacific Ocean	Does Long John Silver's serve sea otter?	False	Sea Otters are endangered marine mammals. Long John Silver's is an american fast food chain that serves seafood. Long John Silver's does not serve meat from mammals.	What classes of animals does Long John Silver's serve food from? To which class of animals does the sea otter belong? Is #2 listed in #1?
646	Parachuting	action sport of exiting an aircraft and returning to Earth using a parachute	Would Matt Damon be afraid of parachuting?	True	Parachuting involves jumping from high places or airplanes. Matt Damon is afraid of heights. 	What is Matt Damon afraid of? Does parachuting involve #1?
647	Marlboro (cigarette)	cigarette brand	Are the colors on Marlboro package found on French flag?	False	The colors of the Marlboro package are red, white, and black. The French flag has the colors red, white, and blue.	What are the colors of a Marlboro package? What are the colors of the French flag? Is #1 identical to #2?
648	Richard Wagner	German composer	Did Richard Wagner compose the theme songs for two television series?	False	Richard Wagner died in 1883. Televisions started to be developed in the 1920s.	When did the television first become available? When did Richard Wagner die? Is #1 before #2?
649	Börek	Stuffed phyllo pastry	Would Recep Tayyip Erdoğan be unfamiliar with börek?	False	Turkey enjoys a wide variety of regional variations of börek among the different cultures and ethnicities composing it. Börek is very popular in the cuisines of the former Ottoman Empire, especially in North Africa and throughout the Balkans. Recep Tayyip Erdoğan is the current president of Turkey and he was born and raised there.	Where was Recep Tayyip Erdoğan born? In which regions is börek part of the normal cuisine? Is #1 not part of #2?
650	Naruhito	Emperor of Japan	Are Naruhito's ancestors the focus of Romance of the Three Kingdoms?	False	Naruhito is the Emperor of Japan. Romance of the Three Kingdoms was a 14th century historical novel about the Three Kingdoms Period. The Three Kingdoms Period was the division of China among the states of Wei, Shu, and Wu.	Where are the ancestors of Naruhito from? What country is the novel Romance of the Three Kingdoms set in? Are #1 and #2 the same?
651	Felicity Huffman	American actress	Would Felicity Huffman vote for Mike DeWine?	False	Mike DeWine is Governor of Ohio Felicity Huffman is a resident of California	What elected office is held by Mike DeWine? What state is Mike DeWine #1 of? What state does Felicity Huffman live in? Are #2 and #3 the same state?
652	The Colbert Report	US satirical news commentary TV program	Would the host of The Colbert Report be likely to vote for Trump?	False	The host of the Colbert report is Stephen Colbert. Stephen Colbert has spoken against Donald Trump multiple times on various platforms.	Who is the host of The Colbert Report show? Has #1 said more positive things than negative things about Trump?
653	Panic of 1907	three-week financial crisis in the United States	Was the father of social security system serving in the white house during the Panic of 1907?	False	The father of social security system is Franklin D. Roosevelt.  Franklin D. Roosevelt was in Columbia Law School in 1907. 	Who is the father of the social security system? What position serves in the White House? When did #1 serve as #2? Is 1907 in the range of #3?
654	Cancer	group of diseases	Do all cancer patients get disability?	False	All forms of cancer qualify as diagnoses that can result in disability. Disability is not determined by diagnosis, but by degree of impairment. Some cancer patients do not experience major impairment.	What is disability determined by? Do all patients of cancer have the same degree of #1?
655	Harry Potter and the Philosopher's Stone	1997 fantasy novel by J. K. Rowling	Did children read Harry Potter and the Philosopher's Stone during the Albanian Civil War?	True	Harry Potter and the Philosopher's Stone was a 1997 children's fantasy book. The Albanian Civil War, also called the Albanian Civil Unrest, happened in 1997.	What year was Harry Potter and the Philosopher's Stone published? What year was the Albanian Civil War? Did #1 not after #2?
656	Arnold Schwarzenegger	Austrian-American actor, businessman, bodybuilder and politician	Would Arnold Schwarzenegger have a hard time picking up a red fox in 1967?	False	In 1967, Schwarzenegger won the Munich stone-lifting contest, in which a stone weighing 508 German pounds (254 kg / 560 lb) is lifted between the legs while standing on two footrests. Red foxes weigh between 2.2–14 kg (5–31 lb).	How much could Arnold Schwarzenegger life in 1967? What is the typical weight of a Red Fox? Is #2 more than #1?
657	Six-Day War	1967 war between Israel and Egypt, Jordan, and Syria	Could an NBA game be completed within the span of the Six-Day War?	True	The Six-Day War took place between June 5th-June 10th, 1967. There are 24 hours in a day. An NBA game consists of four quarters that are 12 minutes long and a 15 minute long halftime. There are 60 minutes in an hour.	How long did the Six-day War last? How long does a basketball game last? Is #1 longer than #2?
658	Mount Emei	mountain	Would it be difficult for Kami Rita to climb Mount Emei?	False	Kami Rita has climbed Mount Everest 24 times. Mount Everest has an elevation of 8,848 m (29,029 ft). Mount Emei has an elevation of 3,099 metres (10,167 ft).	What is the highest mountain Kami Rita has climbed? What is the height of #1? What is the height of Mount Emei? Is #3 greater or equal to #2?
659	Scottish independence	political aim for Scotland to be independent from the UK	Is Alistair Darling in favor of Scottish independence?	False	Alistair Darling was the chair of the Better Together Campaign. Better Together was the principal campaign for a No vote in the 2014 Scottish independence referendum, advocating Scotland continuing to be part of the United Kingdom. 	What was the main purpose of the Better Together Campaign? Was #1 against independence of Scotland? Was Alistair Darling the chair of the campaign? Is #2 or #3 negative?
660	Maya Angelou	American poet, author, and civil rights activist	Did any of Maya Angelou's children follow in her footsteps?	True	Maya Angelou was a civil rights activist and author. Maya Angelou had a son named Guy Johnson in 1945. Guy Johnson is an author that has written over twenty books and essays. Guy Johnson's books explore many civil rights themes.	What was Maya angelou's profession? Who is Maya Angelou's son? Did #2 do #1?
661	Sarah	Biblical character	Did Methuselah live at least 800 years as long as Sarah?	True	The biblical Sarah lived to the age of 127. The biblical Methuselah lived to 969 years of age.	At what age did Methuselah die? At what age did Sarah die? What is the difference between #1 and #2? Is #3 at least 800?
662	Rosemary	species of plant, rosemary	Is Rosemary outclassed as plant found in most song titles?	True	Rosemary appears in a few popular song titles such as Love Grows (Where My Rosemary Goes) and Randy Newman's Rosemary. Rose appears in many song titles including: Kiss From a Rose, The Rose, Desert Rose, Beauty of the Rose, and I Never Promised You a Rose Garden.	"How many songs have ""rosemary"" in the title? How many songs have the plant ""rose"" in the title? Is #1 fewer than #2?"
663	Spanish–American War	Conflict in 1898 between Spain and the United States	Did Switzerland support the United States in the Spanish–American War?	False	The Spanish–American War was an armed conflict between Spain and the United States in 1898. Switzerland avoids alliances that might entail military, political, or direct economic action and has been neutral since the end of its expansion in 1515. Its policy of neutrality was internationally recognised at the Congress of Vienna in 1815.	What is Switzerland's major policy in terms of foreign relations and international institutions? Considering #1, is it likely that Switzerland would have supported the US in the Spanish–American War?
664	Bill Gates	American business magnate and philanthropist	Is Bill Gates the wealthiest of the Baby Boomers?	False	The Baby Boomers are the generation born between the years 1946-1964. Bill Gates was born on October 28, 1955 and has a net worth of 108 billion as of 2020. Jeff Bezos was born on January 12, 1964 and has a net worth of 160 billion as of 2020.	Which of the present billionaires are baby boomers? Who is the wealthiest among #1? Is #2 the same as Bill Gates?
665	Ammonia	Chemical compound of nitrogen and hydrogen	Is it safe to use Ammonia with Clorox?	False	Clorox is a brand name of a line of bleach products. Ammonia and bleach react together to produce toxic gas.	What is the main ingredient in Clorox? What happens when you mix ammonia and #1 together? Is #2 dangerous?
666	Tony Bennett	American singer	Did Tony Bennett have more children than he had wives?	True	Tony Bennett had four children. Tony Bennet has had three wives.	How many children has Tony Bennett had? How many wives has Tony Bennett had? Is #1 greater than #2?
667	Greyhound	Dog breed used in dog racing	Would a greyhound be able to outrun a greyhound bus?	False	A greyhound bus can travel speeds upward of 60 mph. A greyhound dog can run at speeds up to 45 mph.	What is the top speed of a Greyhound bus? What is the top speed of a greyhound dog? Is #2 greater than #1?
668	Bonanza	1959-1973 American western/cowboy television series	Would Bonanza marathon end before WWE Heat marathon?	False	Bonanza had a total of 431 episodes. WWE Heat had a total of 513 episodes. The average run time of WWE Heat was 45 minutes. The average run time of Bonanza was 49 minutes.	How many episodes exist of Bonanza? How many episodes exist of WWE Heat? How long is each episode of Bonanza? How long is each episode of WWE Heat? Is #1 times #3 less than #2 times #4?
669	Futurama	American animated sitcom for the Fox Broadcasting Company and Comedy Central	Will Futurama surpass the number of episodes of The Simpsons by the end of 2020?	False	Futurama was cancelled in 2013. The Simpsons is still creating new episodes as of May 2020. Futurama aired 140 total episodes. The Simpsons has aired over 600 episodes.	How many episodes of Futurama have been produced to date? How many episodes of the Simpsons has been produced to date? Is #1 greater than #2?
670	Ariana Grande	American singer, songwriter, and actress	Was Ariana Grande inspired by Imogen Heap?	True	"Ariana Grande's song 'Goodnight And Go' uses a sample from a track of the same name. ""Goodnight and Go"" is originally an Imogen Heap song."	Who was the original singer of Ariana Grande's cover 'Goodnight and Go' Is #1 Imogen Heap?
671	Communist Party of the Soviet Union	Ruling political party of the Soviet Union	Can the Communist Party of the Soviet Union get a perfect all kill?	False	The Communist Party of the Soviet Union is a political party A perfect all kill occurs when a South Korean recording artist hits number one simultaneously on every music chart	Who can get a perfect all kill? Is the Communist Party of the Soviet Union a kind of #1?
672	Eve	Biblical figure	Was Eve involved in an incestuous relationship?	True	God made Eve from a bone he removed from Adam. Since Eve was made from Adam, they would have had similar DNA and been considered twins or at least siblings. As the only humans at the time, they ended up starting a family together.	Who did Eve have intercourse with? How was Eve related to #1? Can it be concluded that they are family based on #2?
673	Cantonese	Standard dialect of Yue language that originated in the vicinity of Guangzhou (Canton) in southern China	Did George W. Bush grow up speaking Cantonese?	False	George Bush grew up primarily in Texas. English is the primary language spoken in Texas. Cantonese is the primary language spoken in certain parts of China.	Where did George Bush spend the first few years of his life? Which language is primarily spoken in #1? Is #2 the same as Cantonese?
674	Thesis	document submitted in support of candidature for an academic degree	Would a thesis paper be unusual to assign to kindergartners? 	True	Kindergartners are usually between 4 and 6 years of age. Kindergartners are tasked with learning the alphabet and how to write their own names.	What skill set is required to create a thesis paper? What skill set do kindergartners possess? Are all the skills in #1 also found in #2?
675	Henry Ford	American businessperson	Do people still see Henry Ford's last name often?	True	Henry Ford is the founder of Ford Motor Company. Every Ford vehicle still bears Henry's last name on the brand logo.	What company did Henry Ford create? What does #1 produce?  Does #2 have Henry's name on it?
676	Harvey Milk	American politician who became a martyr in the gay community	Could a cow produce Harvey Milk?	False	Harvey Milk was a human being. Cows are not human beings. Only human beings can produce offspring which are also human beings.	What products can be derived from cows? Is Harvey Milk a kind of any of #1?
677	Funeral	ceremony for a person who has died	Is it unusual to play Happy hardcore music at a funeral?	True	Happy hardcore is a music genre of hard dance. Happy hardcore emerged both from the UK breakbeat hardcore rave scene, and Belgian, German and Dutch hardcore techno scenes. A funeral is traditionally a somber event. Funerals typically do not involve dancing. Raves are typically energetic and upbeat places and are not somber like a funeral.	What type of music is usually played at funerals? What are the characteristics of Happy Hardcore music? Do any of #1 have the characteristics of #2?
678	Lil Wayne	American rapper, record executive and actor from Louisiana	Lil Wayne similar real name rapper has over quadruple Wayne's Grammy awards?	True	Lil Wayne was born Dwayne Michael Carter. Jay-Z was born Shawn Corey Carter. Lil Wayne has won 5 Grammy awards. Jay-Z has won 22 Grammy awards.	What is Lil Wayne's real name? What rapper has a real name that is similar to #1? How many Grammy awards does Lil Wayne have? How many Grammy awards does #2 have? Is #4 divided by #3 greater than 4?
679	Communist Party of the Soviet Union	Ruling political party of the Soviet Union	Would Communist Party of the Soviet Union hypothetically support Trickle Down Economics?	False	The Communist Party of the Soviet Union believed in the main aspects of Communism. Communism believes that no private ownership of property should be allowed.  Trickle Down Economics, popularized by Ronald Reagan, involved rich businesses getting tax breaks so they could supposedly pass the wealth to the poor. Trickle Down Economics required rich business owners to have control over the means of production and property.	Under Leninism, which class led the Communist Party of the Soviet Union? Under Trickle-down economics, which economic class gains wealth and power? Are #1 and #2 the same?
680	Brazilian jiu-jitsu	martial art focusing on grappling and ground fighting, originally based on Kodokan judo newaza taught by Japanese judoka, that developed independently in Brazil from experimentation and adaptation by Carlos and Hélio Gracie, Luiz França, et al.	Could a white belt defeat Jon Jones in a Brazilian jiu-jitsu match?	False	A white belt is the lowest ranking in Brazilian jiu-jitsu. Jon Jones has a purple belt in Brazilian jiu-jitsu under Roberto Alencar. A purple belt is the second highest ranking in Brazilian jiu-jitsu. Jon Jones is one of the greatest combat sports athletes to ever live.	What color belt does Jon Jones have in Brazilian jiu-jitsu? In belt color ranking in Brazilian jiu-jitsu, where is #1?  In belt color ranking in Brazilian jiu-jitsu, where is white belt? Is #2 higher than #3?
681	Bull shark	Species of fish	Does bull shark bite hurt worse than crocodile bite?	False	The bull shark has the highest weight for weight bite of all cartilaginous fish at 5,914 newtons. Crocodile slam their jaws shut with 3,700 pounds per square inch (psi), or 16,460 newtons, of bite force.	What is the weight bite of a bull shark? What is the weight bite of a Crocodile? Is #1 less than #2?
682	1936 Summer Olympics	games of the XI Olympiad, celebrated in Berlin in 1936	Is 1936 Summer Olympics venue too small for a Superbowl crowd?	False	The 1936 Summer Olympics was held at the Olympiastadion Berlin. The Olympiastadion Berlin has a capacity of over 74,000 people. The 2020 Superbowl was attended by 62,417 fans.	At which venue did the 1936 Summer Olympics take place? What is the spectator capacity of #1? How many people attended the 2020 Superbowl? Is #3 greater than #2?
683	Dr. Seuss	American children's writer and illustrator	Was Dr. Seuss a liar?	True	Dr. Seuss was a writer and illustrator of children's books Dr. Seuss first published a children's book under the name of Dr. Seuss in 1937 Dr. Seuss did not actually have a doctorate or equivalent degree until 1956	"When did Dr. Seuss first use the title ""Dr.""? When did he get his doctorate (or equivalent)? Is #1 before #2?"
684	Christopher Columbus	Italian explorer, navigator, and colonizer	Did Christopher Columbus go to Antarctica? 	False	Between 1492 and 1503, Columbus completed four round-trip voyages between Spain and the Americas.  His expeditions, sponsored by the Catholic Monarchs of Spain, were the first European contact with the Caribbean, Central America, and South America. Antarctica is Earth's southernmost continent.	Which areas did Christopher Columbus visit in his voyages? Is Antarctica one of #1?
685	Breakdancing	Style of street dance	Is breakdancing safe for people with tendonitis?	False	Tendonitis is a condition where the joints are inflamed. Strong motions in joints suffering from tendonitis can result in damage to nerves. Breakdancing is a style of dance that involves many vigorous motions. The downrock breakdancing maneuver involves balancing the body weight on the floor using one arm.	What are the symptoms of tendonitis? Which kind of movements are involved in breakdancing? Are #2 safe when experiencing #1?
686	Louvre	Art museum and Historic site in Paris, France	Is the Louvre's pyramid known for being unbreakable? 	False	The Pyramid at the Louvre is made of glass and metal. The Louvre Pyramid glass is 10mm thick. 10mm thick glass is not unbreakable.	What materials is the Louvre made of? Are all the materials in listed in #1 unbreakable?
687	Naruto	Japanese manga and anime series	Did Naruto escape the Temple of Doom?	False	Naruto is a character in a Japanese anime and manga about ninjas The Temple of Doom is a setting from an Indiana Jones movie	Which country was the movie Indiana Jones and the Temple of Doom set in? What is the setting of manga that features Naruto? Are #1 and #2 the same?
688	August	eighth month in the Julian and Gregorian calendars	Is August a winter month for part of the world?	True	August is a summer month in the northern hemisphere. However, the seasons are opposite south of the Equator. August is in the middle of winter for Australia, Antarctica, and parts of Africa and South America.	What season is August a part of in the northern hemisphere? Does #1 correspond to winter south of the Equator?
689	Saddam Hussein	Iraqi politician and President	Would Saddam Hussein hypothetically choose Saladin as ally over Idris I?	True	Saddam Hussein, President of Iraq, was a Sunni Muslim that brutalized many Shiite Muslims. Saladin was the first Sultan of Egypt and was a Sunni Muslim. Idris I was called the founder of Morocco and was a Shiite Muslim.	Which denomination of Islam did Saddam Hussein identify with? Which Islamic denomination did Saladin belong to? Which Islamic denomination did Idris I belong to? Does #1 match #2 and contrast with #3?
690	Apollo	God in Greek mythology	Do Apollo and Baldur share similar interests?	True	Apollo is a Greek god of light. Baldur is a Norse god of light. They are both interested in light.	Apollo is the Greek god of what object? What is Baldur the Norse god of? Is the item in #2 the same as #1?
691	Minor League Baseball	hierarchy of professional baseball leagues affiliated with Major League Baseball	Are any minor league baseball teams named after felines?	True	Felines include cats, tigers, and lions. The Sacramento River Cats are a minor league baseball affiliate of the San Francisco Giants. The Tri-City Valley Cats are a minor league baseball affiliate of the Houston Astros. The Lakeland Flying Tigers are a minor league baseball affiliate of the Detroit Tigers.	What are the names of teams in Minor League Baseball? Which animals are regarded as felines? Does any of #1 include any of #2?
692	Art Deco	Influential visual arts design style which first appeared in France during the 1920s	Did Andy Warhol influence Art Deco style?	False	Art Deco is a visual style that first appeared in the 1920s. Andy Warhol was born in 1928. Andy Warhol started drawing when he was in third grade.	When did Art Deco first appear as a visual style? When was Andy Warhol born? Is #2 before #1?
693	Rupert Murdoch	Australian-born American media mogul	Would Dante Alighieri hypothetically place Rupert Murdoch in 8th Circle of Hell?	True	Dante Alighieri was an Italian poet that wrote Inferno. Inferno depicts several layers of Hell. The 8th Circle of Hell is reserved for liars, bribers, flatterers, and false prophets. Rupert Murdoch was involved in a News International scandal in which police were bribed and phones were hacked. Rupert Murdoch refused to take any responsibility for the actions of his employees in the News International scandal.	Which of Dante Alighieri's works describes hell? According to #1, which sins would cause one to be placed in the 8th circle of hell? Has Rupert Murdoch come under allegations of any of #2?
694	Giant squid	Deep-ocean dwelling squid in the family Architeuthidae	Is capturing giant squid in natural habitat impossible with no gear?	True	Giant squids live between 1,000 and 3,800 feet in the ocean. With a dry dive suit, a scuba tank, gloves, and so on, divers can reach depths of around 1000 feet. Without scuba gear people can safely dive a maximum of 60 feet without feeling the negative risks associated with diving beyond the limit.	At what depths do giant squid live? What is the max depth a person can safely dive without gear? Is #2 less than #1?
695	Harry Potter and the Philosopher's Stone	1997 fantasy novel by J. K. Rowling	Would characters in Harry Potter and the Philosopher's Stone be persecuted as pagans?	True	Pagans are defined as people that hold beliefs other than those of the major world religions (Christianity, Islam, and Judaism). The characters in Harry Potter and the Philosopher's Stone practice magic. Islam explicitly forbid the practice of magic and has harsh consequences for it. Jezebel in Hebrew scripture was a worshiper of pagan Baal and was thrown from a window for her beliefs. Women accused of being witches were burned alive by Christians during the Salem Witch Trials.	What are the characters in Harry Potter and the Philosopher's Stone known to perform? What would performers of #1 be considered by Christians? What have Christians done to #2 in the past? Are #2 pagans and #3 a form of persecution?
696	Aretha Franklin	American singer, songwriter, and pianist	Has Aretha Franklin ever collaborated with a suicidal person?	True	Donny Hathaway was a singer and session musician that worked with Staple Singers, Jerry Butler, Aretha Franklin, the Impressions  and Curtis Mayfield. Donny Hathaway jumped from his 15th floor room and his death was ruled a suicide.	What music artists has Aretha Franklin done collaborations with? Did any of the artists listed in #1 commit suicide?
697	Paramount leader	The highest leader of China, usually the General Secretary or Chairman of Chinese Communist Party.	Did the Paramount leader produce Titanic?	False	The Paramount leader is the highest leader of China Titanic was produced by Paramount Pictures Paramount Pictures is an American film studio	Who is the Paramount leader? Who produced Titanic? Is #1 the same as #2?
698	Nickel	Chemical element with atomic number 28	Would nickel boil in the outer core of the earth?	True	The boiling point of nickel is 3003 Kelvin The temperature of earth's outer core is 3,000–4,500 Kelvin	What is the boiling point of nickel? What the temperature range of the earth's outer core? Is #1 within #2?
699	Muslims	Adherents of Islam	Do Muslims have a different idea of Seraphim than Christians?	False	Seraphim are celestial of heavenly beings. Christians refer to Seraphims as the highest choir of the angelic hierarchy and caretakers of God's throne. Muslims refer to Seraphim as beings created from celestial fire that are part of an exalted assembly.	How is the Seraphim regarded in Christianity? How is the Seraphim regarded in Islam? Does #1 clearly contrast with #2?
700	Julia Roberts	American actress and producer	Did Julia Roberts practice blast beats as a child?	False	Julia Roberts played the clarinet in her school band. Blast beats are a drum beat that originated in hardcore punk and grindcore, and is often associated with certain styles of extreme metal, namely black metal and death metal.	What instrument did Julia Roberts play as a child? What instrument does Blast Beats simulate? Is #1 the same as #2?
701	Muslims	Adherents of Islam	Can a Muslim eat a McRib sandwich?	False	Pork products are haram, or forbidden in Islam. The McRib is a pork-based sandwich.	What foods are Muslims forbidden to eat? What is a McRib made of? Are #1 and #2 different from each other?
702	Mental disorder	Distressing thought or behavior pattern	Are there mental disorders you can hide?	True	"Many people do not notice depression in their friends or loved ones.  ""Masking"" is a phrase used to describe concealing the effects of one's personality, including mental disorder."	Do any mental disorders have symptoms/effects that can be hidden?
703	Porsche	automotive brand manufacturing subsidiary of Volkswagen	Was Dorothea Wendling from same place Porsche originated?	True	Dorothea Wendling was a singer born in Stuttgart, Germany. Porsche was founded in 1931 in Stuttgart, Germany.	Where was Dorothea Wendling born? Where was Posche founded? Is #1 the same as #2?
704	Underworld	The mythic Relm of the Dead, located far underground (aka, Hades; Underworld)	Does Hades have a loose grip on the Underworld?	False	Hades alone can allow passage out of the Underworld. Hades created a terribly difficult task for Orpheus to complete to bring Eurydice from the Underworld.  The subjects of Hades in the Underworld are under his complete control.	In whose power is it solely within to allow passage out of the underworld? Whose rule are the subjects in the Underworld under? Is #1 or #2 not Hades?
705	Surfing	sport that consists of riding a wave	Was Surfing popular when pogs came out?	True	Pogs came out in the 1990's. The 90's saw a rise in 'Big Wave Culture', a practice involving finding the largest possible waves to surf on.	When were Pogs released? Did surfing experience a growth in popularity in #1?
706	Upload	sending of data from a local system to a remote system	Can Centurylink max internet plan upload 1000GB in a fortnight?	True	A fortnight refers to a period of two weeks. Centurylink's max internet plan speed is 1,000MB per second. 1000GB takes 2.5 hours to upload for every 1000MB speed.	How long is a fortnight? What is Centurylink's max internet plan speed? With #2, how long would it take to upload 1000GB? Is #3 less than #1?
707	Solomon	king of Israel and the son of David	Did Solomon make up bigger percentage of Islamic prophets than Kings of Judah?	False	According to The Quran, Solomon was one of 25 prophets. According to some Islamic hadiths, there have been as many as 124,000 prophets. Solomon was one of 20 Kings of Judah.	According to the Quran, how many prophets were there? How many Kings of Judah were there? What is 1 divided by #1? What is 1 divided by #2? Is #3 greater than #4?
708	Billy Joel	American singer-songwriter and pianist	Has Billy Joel sold out Astana Arena?	False	Astana Arena is a 30,000 seat football stadium in Kazakhstan. Billy Joel, who has performed concerts all over the world, has never been to Kazakhstan.	Which country is the Astana Arena located in? Has Billy Joel ever been to #1?
709	Good	Term in religion, ethics, and philosophy	In star rating systems, is 5 stars considered good?	True	Most star rating systems are composed of 5 stars. In star rating, most people want to avoid a 1 star review.	What is the highest rating possible in most star rating systems? Is #1 equal to five stars?
710	Geometry	Branch of mathematics that studies the shape, size and position of objects	Does Siri know geometry?	True	Geometry is the study of size, shape and distance of objects. Determining location requires geometry. Siri can determine your location.	What are some basic user information that Siri can determine? What mathematical concepts must be known in order to determine the location of a point? Is location included in #1 and geometry in #2?
711	Coca	group of plant varieties cultivated for coca production	Is a Coca plant farm likely to be found in Yakutsk?	False	Coca is a plant originating in South America and used as a cash crop. Yakutsk is a city in east Siberia. The Coca plant grows in a humid tropical climate. Siberia has an extremely cold subarctic climate.	What kind of climate does the Coca plant grow in? What country is Yakutsk located on? What is the climate of #2? Is #1 the same as #3?
712	Butter	dairy product	Does butter industry survive cow extinction?	True	Butter is a dairy product made from milk. Cows are the predominant source of milk in the US. Goats, sheep, buffalo, and other mammals produce milk. Goat butter, made from 100% Goat's Milk, is an excellent source of Vitamin A.	What animal product is butter made from? What common livestock animals produce #1? Are animals other than cows included in #2?
713	Chrome OS	Linux-based operating system developed by Google	Is an internet connection essential for someone using Chrome OS?	True	Most Chromebook apps require internet access to function properly. There are apps for the Chromebook that can function properly without internet access. To download any apps onto the Chromebook, including offline apps, one must connect to the internet.	What are the applications needed for essential functions on devices running Chrome OS? Is an internet connection needed for any of #1 to be downloaded or to work properly?
714	Surgery	Medical specialty	Can surgery prevent an existential crisis?	False	Surgery is used to correct medical problems or make physical alterations to the body An existential crisis is a metaphysical affliction	What is an existential crisis? What kinds of ailments can be treated with surgery? Is #1 included in #2?
715	The Godfather	1972 film directed by Francis Ford Coppola	Was a USB flash drive used in The Godfather?	False	USB flash drives first appeared on the market in late 2000. The Godfather was released in 1972.	When did USB flash drives become available? When was The Godfather released? What time-span was setting of The Godfather based on? Is #1 before or within #2 or #3?
716	Goofy	Disney cartoon character	Would Goofy hypothetically enjoy Nylabone?	True	Goofy is a popular Disney cartoon character that is a dog. Nylabone is a popular dog bone brand. Dogs chew bones for the taste, and to exercise the muscles of the jaw.	What kind of animal does Goofy portray? What kind of animal are Nylabones made for? Are #1 and #2 both dog?
717	Software engineer	Practitioner of software engineering	Can a software engineer work during a power outage?	False	Software engineers require computers to do their work. Computers do not work without electricity. A power outage is the temporary lack of electrical power.	What is the main equipment software engineers need to do their job? What is a power outage? Can #1 work without #2?
718	Gallic Wars	Wars in which the Roman Republic conquered Gaul	Would Roman Gallic Wars army struggle to build the pyramids faster?	False	The pyramids were built by an estimated 30,000 workers. The Roman Gallic war army had around 75,000 soldiers.	How many people worked on the pyramids? How many soldiers were in the Roman Gallic war army? Is #1 greater than or equal to #2?
719	Telescope	Optical instrument that makes distant objects appear magnified	Can telescopes hear noise?	False	Telescopes are used to view things far away. Telescopes are an optical instrument. 	What are the uses of a telescope? Does #1 include detecting noise?
720	Al-Farabi	Philosopher in 10th century Central Asia	Was Al-Farabi a student of the Great Sheikh?	False	The Great Sheikh was the name for Avicenna Avicenna was born in 980 Al Farabi died around 950 	What other name was the Great Sheikh known by? When was #1 born? When did Al-Farabi die? Is #3 more recent than #2?
721	Chlorine	Chemical element with atomic number 17	Is it dangerous to consume chlorine when mixed with sodium?	False	Chlorine mixed with sodium is sodium chloride, also known as table salt. Table salt is one of the most commonly consumed seasonings among all cultures.	What do you make when you mix Chlorine with sodium? What is another name for #1? Is #2 dangerous to consume?
722	Palace of Westminster	Meeting place of the Parliament of the United Kingdom,	Are Big Ben's bells currently rung on their normal schedule at the Palace of Westminster?	False	Big Ben is currently under a four year renovation project. The bells have been silenced for the duration of the work due to safety. They are only rung on certain holidays, until the construction finishes in 2021.	What is the status of Big Ben right now? When will #1 be completed? Until #2, is it safe for the bells to ring at Big Ben?
723	The Hobbit	Fantasy novel by J. R. R. Tolkien	Would a Drow tower over The Hobbit's hero?	True	The hero of the Hobbit is Bilbo Baggins. Bilbo Baggins is a hobbit, which is a race resembling very short humans with furry feet. Halfling is another term for hobbits, and halflings are described as being half the size of a human. The Drow are a race of dark elves described as being around five feet in height.	Who is the hero of The Hobbit What is a Drow? Is #2 taller than #1?
724	March	third month in the Julian and Gregorian calendars	Does March begin on the same day of the week as February during leap years?	False	During normal years, February has exactly 28 days, so March begins on the same day of the week as February. However, on leap years, February has an extra day, so March begins the next day of the week from whichever day started February.	How many days are in February in a non-leap year? How many days are in February in a leap year? Does #1 mean that March will begin on the same day as February? Given that #3 is positive, will #2 make no difference to this outcome?
725	QWERTY	"keyboard layout where the first line is ""QWERTYUIOP"""	Can first letter row of QWERTY keyboard spell a palindrome?	True	The first letter row of the QWERTY keyboard contains: QWERTYUIOP A palindrome is a word that can be spelled the same backwords and forwards such as racecar and rotor.	"What letters are on the first line of a QWERTY keyboard? What vowels are listed in #!? What consonants are listed in #1? Could a word be formed by repeating the following process: Pick a consonant from #3 then select a vowel from #2. Construct a string of letters from those 2 elements such that the first and third letters are the selected consonant and the second is the vowel. If #4 is ""no"" then using the process in Step 4 insert a second occurrence of the same vowel adjacent to the first then choose a consonant from #3 and insert it between the repeated vowel. Is a word formed?"
726	British royal family	Family consisting of close relatives of the monarch of the United Kingdom	Have any members of the 2020 British royal family allegedly committed a felony?	True	The 2020 British royal family includes Queen Elizabeth II and her children. Prince Andrew is the son of Queen Elizabeth II. Prince Andrew was accused of sexual abuse in 2019. Sexual assault is classified as a felony.	Which royal family does Prince Andrew belong to? What is Prince Andrew accused of? What type of crime is #2? Does #1 have a member accused of #3?
727	Brazilian jiu-jitsu	martial art focusing on grappling and ground fighting, originally based on Kodokan judo newaza taught by Japanese judoka, that developed independently in Brazil from experimentation and adaptation by Carlos and Hélio Gracie, Luiz França, et al.	Did Brazilian jiu-jitsu Gracie founders have at least a baker's dozen of kids between them?	True	A baker's dozen refers to 13 of anything. Brazilian jiu-jitsu was founded by Carlos and Helio Gracie.   Helio Gracie had 9 children. Carlos Gracie had 11 children.	Who were the founders of Brazilian jiu-jitsu? How many children do #1 have altogether What is the number represented by the baker's dozen? Is #2 greater than or equal to #3?
728	John Kerry	68th United States Secretary of State	Did any Golden Globe winners attend John Kerry's alma mater?	True	John Kerry graduated from Yale University. Jennifer Connelly attended Yale University in the late 1980s. Jennifer Connelly won a Golden Globe award for the film A Beautiful Mind,	What is John Kerry's alma mater? Who has won a Golden Globe? Have any of #2 attended #1?
729	Dolce & Gabbana	Italian fashion house	Did Mozart ever buy anything from Dolce & Gabbana?	False	Dolce & Gabbana was founded in 1985. Wolfgang Amadeus Mozart died in 1791.	When was Dolce & Gabbana established? Was Mozart still alive as at #1?
730	Breathing	Process of moving air into and out of the lungs	Is snoring a sign of good breathing while sleeping?	False	Snoring can be a sign of sleep apnea. Snoring can cause a variety of symptoms ranging from low energy to high blood pressure.	What medical condition can snoring be a sign of? Is #1 considered good?
731	Clown	A comic performer often for children's entertainment	Would Stephen King fans be likely to own an image of a clown?	True	"Stephen King wrote a popular book called ""It"" about an evil clown. ""It"" has been made into two major films and has been merchandised. "	Who is the antagonist of popular Stephen King's book 'It'? Is #1 a clown?
732	Secretary	occupation	Is the US Secretary of State similar to an administrative secretary of an office?	False	An administrative secretary of an office is hired to handle routine and calendar scheduling for a superior. The US Secretary of State is the head of the Department of State. The US Secretary of State is analogous to a foreign minister of other countries.  The US secretary of state can have administrative assistants.  Another name for administrative secretary is administrative assistant. 	What kind of duties are assigned to an administrative secretary? What are the duties and nature of the position of the US Secretary of State? Is #2 in accordance with #1?
733	Burning Man	annual experimental festival based in Nevada, United States	Would it be impossible to get to Burning Man on the Mayflower?	True	The Mayflower was a seafaring vessel Burning Man is held in Black Rock Desert There are no bodies of water flowing into the Black Rock Desert	What was the Mayflower? What environment does #1 work in? What kind of environment is The Burning Man? Is #2 different from #3?
734	Hippopotamus	A large, mostly herbivorous, semiaquatic mammal native to sub-Saharan Africa	Are hippos dangerous to humans?	True	Hippos are large and have large teeth. If threatened, they aggressively defend themselves.	How do hippopotami respond to perceived threats? Considering #1 and their prominent physical features, could they hurt humans?
735	Sniper	Highly trained marksman	Can a sniper shoot a fish past Bathypelagic Zone in ocean?	False	The Bathypelagic Zone extends 4000 meters down in the ocean. The longest recorded sniper kill is 3,540 meters.	How deep is the bathypelagic zone? How far can snipers shoot? Is #2 greater than or equal to #1?
736	Holy Grail	Cup, dish or stone with miraculous powers, important motif in Arthurian literature	Has the Holy Grail been featured in at least five films?	True	1981's Excalibur film features King Arthur and his knights looking for the Holy Grail. Monty Python and the Holy Grail spoofs Arthurian legend. Indiana Jones and the Last Crusade features a search for the Holy Grail. Prince Killian and the Holy Grail focuses on retrieval of the grail. The Silver Chalice focuses on a man that has to sculpt the Holy Grail.	What movies have featured the Holy Grail? Are at least 5 movies listed in #1?
737	Autumn	one of the Earth's four temperate seasons, occurring between summer and winter	Does American Independence Day occur during autumn?	False	Autumn runs from about September 20 to about December 20. American Independence Day is July 4, over two months before autumn begins.	When does autumn occur in North America? When is American Independence Day celebrated? Is #2 within the range of #1?
738	Communist Party of China	Political party of the People's Republic of China	Did Karl Marx influence the communist party of China?	True	Communist ideology is the foundation of communist party of China. Marx produced a political pamphlet that has since come to be commonly known as the communist manifesto. 	What does the communist party of China stand to represent? What were the political activities of Karl Max? Does any of #1 have a source/origin in #2?
739	Great Lakes	System of interconnected, large lakes in North America	Are the Great Lakes part of an international border?	True	The lakes are bordered on the north by Canada. The lakes are bordered on the south by United States. Canada and United States are two different countries.	What borders the great lakes to the north? What borders the great lakes to the south? Are #1 and #2 different countries? 
740	Curiosity (rover)	American robotic rover exploring the crater Gale on Mars	Can Curiosity (rover) kill a cat?	True	Cats weigh on average between 7 to 10 pounds. Curiosity (rover), a space vehicle that explores Mars, weighs 1,982 pounds. As mass falls, it picks up acceleration and adds to the force of impact.	How much does a cat weigh? How much does Curiosity (rover) weigh? Is #2 more than #1?
741	Albany, Georgia	City in Georgia, United States	Is Albany, Georgia the most populous US Albany?	False	Albany, Georgia had a population of 75,249 in 2018. Albany, New York had a population of 97,279 in 2018.	Which places are known as Albany in the United States? What are the respective populations of #1? Is the population of Albany, Georgia the greatest of #2?
742	Eiffel Tower	Tower located on the Champ de Mars in Paris, France	Was King Kong climbing at a higher altitude than Eiffel Tower visitors?	True	The Eiffel Tower is 984 ft high, and the visitor platform is 906 ft high. King Kong climbed up to the top of the Empire State Building. The Empire State Building is 1230 ft high.	How high is the visitor platform at the Eiffel Tower? What is the height of the Empire State Building? Is #2 higher than #1?
743	Constitution of the United States	Supreme law of the United States of America	Would Constitution of the United States paper offend PETA?	True	The Constitution of the United States is written on parchment. Parchment is  writing material made from specially prepared untanned skins of animals. PETA is an organization that advocates for the ethical treatment of animals.	What is the US Constitution written on? What is #1 made of? What does PETA hate? How is #2 acquired? Is there an overlap between #3 and #4?
744	Cream	Dairy product	If you bottle your own milk, would there be cream on top of it?	True	Milk that has been bottled straight from a cow has not been homogenized.  Homogenization causes the fats in milk to become emulsified. Non-homogenized milk will feature fats that separate and float to the top. The fats in non-homogenized milk are cream.	When milk is taken directly from a cow, what appearance and position do the fats assume? Is #1 cream and at the top?
745	Nine Inch Nails	American industrial rock band	Is Nine Inch Nails's lead singer associated with David Lynch?	True	David Lynch is a director that created the television show Twin Peaks. Trent Reznor is the lead singer of Nine Inch Nails. Trent Reznor appeared on Twin Peaks: The Return in 2017. David Lynch directed the music video for Nine Inch Nail's Came Back Haunted.	Who is the lead singer of Nine Inch Nails? What works has #1 appeared in? What are the works of David Lynch? Is there overlap between #2 and #3?
746	Pan (god)	Ancient Greek god of the wilds, shepherds, and flocks	Is Pan a symbol of virtue and virginity in women?	False	"Pan is famous for his sexual powers. Women who had had sexual relations with several men were referred to as ""Pan girls."""	What was the nature of Pan's relation with women? Is #1 not sexual?
747	Black Sea	Marginal sea of the Atlantic Ocean between Europe and Asia	Do people put creatures from the Black Sea on their pizza?	True	Pizza toppings include pepperoni, sausage, bacon, meatball, and anchovies. The Black Sea is home to many animals including dogfish, jellyfish, and anchovies.	What creatures are native to the Black Sea? What are common pizza toppings? Do any of #1 appear in #2?
748	Wool	Textile fibre from the hair of sheep or other mammals	Should wool be hand washed only?	True	Felting is a process through which wool is shaped and shrunken through agitation in soapy water.  Felting will often occur if you put a wool item in the washer.	What is felting? Will washing wool cause #1?
749	Paratrooper	Military parachutists functioning as part of an airborne force	Are paratroopers good at mountain rescue?	True	A paratrooper is a member of a military unit that deploys parachutes.  A PJ is the acronym name for a military parachute jumper. PJs are an elite mountain rescue unit. 	What military unit do paratroopers belong to? Do #1 use equipment that makes them suitable for mountain rescue?
750	Berlin University of the Arts	public art school in Berlin, Germany	Is the Berlin University of the Arts a Baroque period relic?	True	The Berlin University of the Arts is a German school created in 1696. The Baroque period lasted in Europe from 1600 to 1750.	In which year was the Berlin University of the Arts established? When the Baroque period start and end? Does #1 fall within #2?
751	French people	People from France	Can a student from Smithtown's Cleary School understand the speech of a French person?	False	French is a romance language that originated in France. The Cleary School in Smithtown New York is a school for the deaf.	The Cleary School in Smithtown, New York is for students with which disability? Can a person with #1 perceive or understand speech?
752	Nostradamus	16th-century French apothecary and reputed seer	Would Dante have hypothetically placed Nostradamus in 3rd Circle of Hell?	False	Nostradamus was a famous seer and court astrologer. Dante's 3rd Circle of Hell is reserved for gluttons. The 8th Circle of Hell is reserved for frauds. Astrology was seen as a valuable skill during Dante's lifetime. Dante places the mystic and prophet Joachim of Flora in the heaven of the sun.	What type of people did Dante put in the 3rd Circle of Hell? Is there evidence Nostradamus was #1?
753	Rabbi	teacher of Torah in Judaism	Can a rabbi save the soul of a Christian?	True	Rabbis are spiritual leaders of the Jewish community. Baptism is a necessary Christian ritual for salvation. Any non-Christian can perform an emergency baptism if someone's life is in danger.	What are Rabbis's role in the Jewish community? What is a Christian ritual that is needed for salvation? In an emergency, can #1 perform #2?
754	Seven Years' War	Global conflict between 1756 and 1763	Could the Austrian casualties from Seven Years' War fit in Indianapolis Motor Speedway?	True	There were 373,588 Austrian casualties during the Seven Years' War. The infield seating at the Indianapolis Motor Speedway raises capacity to an approximate 400,000 people.	How many casualties did the Austrian's have in the Seven Year War? What is the seating capacity for the Indianapolis Motor Speedway? Is #1 less than #2?
755	Butler	male domestic worker in charge of all the male household staff	Did the butler Eugene Allen retire the same year a centuries-old war ended?	True	Eugene Allen was a butler at the White House for 34 years until 1986 The United Kingdom and the Kingdom of the Netherlands ended the Three Hundred and Thirty Five Years' Warnin 1986	In what year did Eugene Allen retire? Which war ended in #1? How many years did #2 last? Is #3 greater than 100?
756	Van Morrison	Northern Irish singer-songwriter and musician	Does title of Van Morrison's most played song apply to a minority of women worldwide?	False	Van Morrison's most played song was the hit Brown Eyed Girl. Between 55 to 79 percent of people worldwide have brown eyes. Brown is the most common eye color.	What is Van Morrison's most played song? What percentage of women worldwide meet the description in #1? Is #2 less than 50%?
757	Hanuman	The divine monkey companion of Rama in Hindu mythology	Does Hanuman have some of the same duties as Athena?	True	Hanuman, the divine Hindu monkey, is a god of strength, knowledge, and victory. Athena was the Greek goddess of war, and wisdom.	 Hanuman said to be the deity of what subjects? Athena said to be the deity of what subjects? Is at least one subject listed in both #1 and #2?
758	Nissan	Japanese automobile manufacturer	Do workers at Nissan's headquarters eat with chopsticks?	True	Nissan's headquarters are located in Yokohama, Japan. It is customary to eat with chopsticks in East Asian countries. Japan is a country in East Asia.	Where is Nissan's headquarters located? Do people living in #1 usually eat with chopsticks?
759	Edward II of England	14th-century King of England and Duke of Aquitaine	Would Edward II of England have been born without Vikings?	False	Edward II was King of England from 1307-1327. Rollo was a Viking who became the first ruler of Normandy. William the Conqueror was the first Norman King of England and the great-great-great-grandson of Rollo. Edward II is related to William the Conqueror through Rollo's granddaughter's line (Empress Matilda).	What descendant of Vikings conquered England? What realm did #1 hail from? Who was the first ruler of #2? Is Edward II of England descended from #3?
760	Black swan	species of bird	Do black swan cygnets typically know both of their genetic parents?	False	Up to one-quarter of monogamous black swan pairs are same-sex, with males taking over a female's nest to raise her young without her One-third of monogamous black swan pairs show extra-pair paternity, with the male aiding the female in raising another male's offspring  A cygnet is a juvenile swan	What kinds of adults take on the responsibility of raising black swan cygnets? Is there an insignificant chance of #1 not being both genetic parents of the cygnets they raise?
761	Painting	Practice of applying paint, pigment, color or other medium to a surface	Is the most recent Democrat President in the US known for his painting practice?	False	George W. Bush is a former Republican President of the US. George W. Bush posts photos of his paintings online. Barack Obama succeeded George W. Bush as a Democrat President. Barack Obama doesn't post photos of paintings he has made.	Who is the most recent Democrat President in the US? Was #1 well known for painting?
762	Pickled cucumber	Cucumber pickled in brine, vinegar, or other solution	Could pickled cucumbers from 1,000 years ago be good still?	False	Pickled foods disintegrate over time. Pickling and preserving technology from 1,000 years ago was not airtight or made for longevity.	What happens to picked foods over time? Was technology available 1000 years ago to prevent #1?
763	Royal Society	National academy of science in the United Kingdom	Can numerologists become members of Royal Society?	False	The royal society fulfills a number of roles: promoting science and its benefits, recognizing excellence in science, supporting outstanding science, providing scientific advice for policy. Numerology is a superstition and a pseudoscience that uses numbers to give the subject a veneer of scientific authority.	What is the primary basis for being selected as a member of the Royal Society? What do numerologists do? Is #2 included in #1?
764	Cream	Dairy product	If someone is lactose intolerant, do they have to avoid cream?	True	People with lactose intolerance are unable to fully digest the sugar (lactose) in milk. Cream is a dairy product composed of the higher-fat layer skimmed from the top of milk before homogenization Cream contains milk.	What do people who are lactose intolerant have to avoid? Does cream contain #1?
765	United States Naval Academy	The U.S. Navy's federal service academy	Could Jamie Brewer have attended the United States Naval Academy?	False	Jamie Brewer is a famous actress with down syndrome. Individuals with down syndrome are disqualified from military service.	What genetic disorder does Jamie Brewer have? Are individuals with #1 allowed to be in the US Naval Academy?
766	Apartheid	System of institutionalised racial segregation that existed in South Africa and South West Africa (Namibia) from 1948 until the early 1990s	Did Elle Fanning play an essential part in ending apartheid?	False	Apartheid lasted from 1948 until the early 1990s. Actress Elle Fanning was born on April 9, 1998.	When was Actress Elle Fanning born? Through which period did the Apartheid last? Is #1 before or within #2?
767	Twenty-third Amendment to the United States Constitution	Grants residents of Washington, D.C. the right to vote in U.S. presidential elections	Did the 23rd amendment give Puerto Ricans the right to vote for president?	False	The 23rd Amendment to the Constitution gave residents of Washington D.C. the right to vote in presidential elections. Puerto Rico is an American territory, not a state, and does not have the right to vote for president. Puerto Rico is not Washington D.C.	Which US state was given the right to vote by the 23rd Amendment? Is Is Puerto Rico a US state or the same as #1?
768	Edward Snowden	American whistleblower and former National Security Agency contractor	Could Edward Snowden join MENSA?	True	Snowden scored above 145 on two separate IQ tests. The minimum accepted IQ score for MENSA on the Stanford–Binet is 132, while for the Cattell it is 148.	What is the minimum accepted IQ score to be admitted to MENSA? What is Edward Snowden's IQ? Is #2 greater than or equal to #1?
769	French people	People from France	Were French people involved in the American Civil War?	True	The French General Lafayette allied with the American Revolutionaries. Lafayette's army scored several key victories for the rebels.	Which allies did the American Revolutionaries have during the war? Which of #1 scored many important victories for them? Are any of #2 French?
770	Helium	Chemical element with atomic number 2	Is helium the cause of the Hindenburg explosion?	False	The Hindenburgh was filled with hydrogen. Helium is considered a noble, inert gas that doesn't react. Hydrogen is highly flammable. 	What gas was the Hindenburg filled with? Is #1 helium?
771	Bulk carrier	merchant ship specially designed to transport unpackaged bulk cargo	Does Southwest Airlines use bulk carriers?	True	Southwest Airlines requires jet fuel, which is brought in by bulk carrier transport. Southwest Airlines requires glycol for de-icing their planes, which is brought in by bulk transport.	Which vehicles does Southwest Airlines use to provide their services? What are some common products needed for the running and maintenance of #1? Would Southwest Airlines require #2 in quantities large enough for bulk carriers?
772	Pelvis	lower part of the trunk of the human body between the abdomen and the thighs (sometimes also called pelvic region of the trunk	Is dysphoria around one's pelvis treatable without surgery?	True	For individuals experiencing dysphoria around having a vagina, packers can relieve symptoms. For people experiencing dysphoria about having a penis, there are tucking underwear and comfort gaffs available.	Which dysphoria could be experienced around the pelvis/genitals? What are the ways of treating #1? Are there others apart from surgery included in #2?
773	Keyboard layout	any specific mechanical, visual, or functional arrangement of the keys of a keyboard or typewriter	Is the QWERTY keyboard layout meant to be slow?	True	The QWERTY keyboard layout was made for use on typewriters. Typewriters could not be used too quickly, or they would jam. 	What machine was QWERTY keyboard layout created for? Why was QWERTY keyboard layout created for #1? Will typing slow solve the problem of #2?
774	Longitude	A geographic coordinate that specifies the east-west position of a point on the Earth's surface	Can I find my home with latitude and longitude?	True	My home is a location on earth where I live.  Latitude and Longitude are geographic coordinate systems that identify east/west and north/south locations. Specific Latitude and Longitude coordinates can be used to pinpoint specific locations.  Every point on the earth has a corresponding latitude and longitude coordinate. 	What are the uses of latitude and longitude? What is the range of latitude and longitude? Does #1 and #2 make it possible to locate most people's homes?
775	Robotics	Design, construction, operation, and application of robots	Did the Wall Street Crash of 1929 hurt the stocks of robotics companies?	False	The first robotics company was formed in the 1950s The crash of 1929 was a single event, not one that lasted decades	When did the first robotic company form? When did the crash of 1929 last till? Is there any overlap between #1 and #2?
776	Snoopy	cartoon dog	Could Snoopy transmit rabies?	False	Snoopy is a fictional dog. Fictional animals cannot transmit diseases to real people.	What can transmit rabies? What is Snoopy? Is #2 included in #1?
777	Messiah (Handel)	Oratorio by Handel	Would Bruce Gandy be an odd choice for Messiah (Handel)?	True	Messiah (Handel) is a 1741 Oratorio by George Frideric Handel. Messiah (Handel) requires the following instruments: 2 trumpets; timpani; 2 oboes; 2 violins; and a viola. Bruce Gandy is a world renowned bagpipe player.	What instruments are used in Messiah (Handel)? What instrument is played by Bruce Gandy? Is #2 listed in #1?
778	Popular science	Interpretation of science intended for a general audience	Is popular science used to peer review papers?	False	Popular science is a simplified version of scientific work. Peer review uses detailed scientific information to verify papers. 	What is popular science? What types of documents does peer review use to verify papers? Is #1 the same as #2?
779	Egyptian pyramids	Ancient pyramid-shaped masonry structures located in Egypt	Do the Egyptian pyramids look the same from outside as they did when new?	False	When originally built, the Great Pyramids had a thin surface of limestone covering the bricks, making them shine in the sun. Over the centuries, the limestone layer has been removed by thieves and erosion, exposing the more common stone bricks underneath.	When originally built, what was the outer layer of the Great Pyramids covered in? Is #1 able to withstand erosion over time?
780	Ku Klux Klan	American white supremacy group	Would an average American Public University be welcoming to Ku Klux Klan members?	False	American Universities are known for being liberal in their demographics. Groups like the Ku Klux Klan are condemned by liberal groups, as they advocate for human equality.	What political party is the majority in American Universities? Is the Ku Klux Klan welcomed by #1?
781	Lullaby	soothing song, usually sung to young children before they go to sleep	Would a lullaby be enough to wake Hellen Keller up?	False	Lullabies can be sung or played via instrument. Hellen Keller was deaf. 	How are lullabies played? What did Hellen Keller suffer from? Would a person with #2 be able to hear #1?
782	Accountant	practitioner of accountancy or accounting	Is accountant a difficult profession for a person suffering from Dyscalculia?	True	Accounting is a math intensive profession in which a person keeps or inspects financial accounts. Dyscalculia is a math learning disability that impairs an individual's ability to represent and process numerical magnitude in a typical way.  Common symptoms of Dyscalculia include: difficulty with number sense. difficulty with fact and calculation Dyscalculia is sometimes called “number dyslexia” or “math dyslexia.”	What skills does dyscalculia impair? What skills are necessary to be an accountant? Are some parts of #2 also in #1?
783	German Shepherd	Dog breed	Would Robert Wadlow tower over a German Shepherd?	True	German Shepherds have a height between 22 and 26 inches. Robert Wadlow was the tallest man ever, reaching a height of 8 ft 11.1 inches at his death.	What is the typical height range of German Shepherds? How tall was Robert Wadlow? Is #2 greater than #1?
784	Judge	official who presides over court proceedings	Would an Orthodox Presbyterian object to 1700s judge's attire?	True	Judges in the 1700s wore powdered wigs and large robes during court proceedings. Many Orthodox Presbyterians argue that the Bible prohibits adornment such as wigs and jewelry. The 1 Timothy 2:8-9 Bible verse warns against adorning oneself with objects.	What attire did judges in the 1700's wear? What things are prohibited by Orthodox Presbyterians? Are some elements of #1 also found in #2?
785	Cherokee	Native American people indigenous to the Southeastern United States	Did the Cherokee people send a delegation to oppose allotment?	True	The Four Mothers Society or Four Mothers Nation is a religious, political, and traditionalist organization of Muscogee Creek, Cherokee, Choctaw and Chickasaw people. The Four Mothers Society sent a delegation to Congress in 1906 to oppose the Curtis Act and the Dawes Act. With the passage of the Curtis Act in 1898 and Dawes Act, allotment became US policy and the various tribal governments were forced to allot land.	Which acts cause allotment to become US policy? Who sent as a delegate to congress to oppose #1? Is #2 related to the Cherokee people?
786	Moscow Kremlin	fortified complex in Moscow, Russia	Can the Moscow Kremlin fit inside Disney Land?	True	The Moscow Kremlin is a fortified complex in the middle of Moscow Russia. The Kremlin takes up sixty eight acres. Disney Land is an amusement park in California.  Disney Land occupies eighty five acres.	What is the area of Moscow Kremlin? What is the size of Disney Land? Is #1 smaller than #2?
787	Euphoria	mental and emotional condition in which a person experiences intense feelings of well-being, elation, happiness and excitement	Is euphoria associated with drug addiction?	True	Euphoria is a state of unusually extreme happiness. Several drugs are known to artificially induce this reaction including cannabis and opium.	What is euphoria? Do some drugs create the feeling of #1?
788	Agnosticism	view that the existence of any deity is unknown or unknowable	Does Billy Graham support agnosticism?	False	Bill Graham was a prominent American evangelical leader. In Christianity, evangelism is the commitment to or act of publicly preaching (ministry) of the Gospel with the intention to share the message and teachings of Jesus Christ.  Agnosticism is the belief that humanity is unsure if God exists. Evangelical Christians share the belief that God exists.	What religion does Billy Graham subscribe to? Does #1 allow for the uncertainty of God's existence?
789	Milky Way	Spiral galaxy containing our Solar System	Is Ganymede in the Milky Way galaxy?	True	Ganymede is a moon of Jupiter. Jupiter is the largest planet in our solar system. The solar system is part of the Milky Way galaxy.	What does Ganymede orbit? What larger astronomical system is #1 part of? Is #2 located in the Milky Way?
790	Internet troll	Person who sows discord on the Internet	Can you avoid internet trolls on reddit?	False	Internet Trolls flock to any popular platform on the internet. Reddit is the 19th most popular website online.	What types of sites do internet trolls go to? What is the popularity ranking of Reddit compared to other websites Would #1's be likely to go to a site ranked #2 in popularity? 
791	Giraffe	Tall African ungulate	Could Javier Sotomayor jump over the head of the average giraffe?	False	Fully grown giraffes stand 4.3–5.7 m (14.1–18.7 ft) tall. Javier Sotomayor is the current world record holder in the long jump, with a personal best of 2.45 m (8 ft 1/2 in).	How tall are giraffes? What is Javier Sotomayor's personal record in the high jump? Is #2 greater than or equal to #1?
792	Goofy	Disney cartoon character	Could Goofy have counted nine planets in his first year?	True	Goofy was created in 1932 Pluto (the celestial object) was discovered in 1930 and labeled a planet	When was Goofy first created? What year was the ninth planet found? Was #1 after #2?
793	Douglas Adams	British author and humorist	Did Douglas Adams use email as a child?	False	Douglas Adams was born in 1952. Modern email did not emerge until 1977.	When was Douglas Adams born? What year did email begin? Is #2 before #1?
794	Kurt Cobain	American singer, composer, and musician	Would Kurt Cobain have benefited from Project Semicolon?	True	Project Semicolon is an American nonprofit organization known for its advocacy of mental health wellness and its focus as an anti-suicide initiative. During the last years of his life, Cobain struggled with heroin addiction and chronic health problems such as depression. Cobain died at the age of 27 from apparent suicide by gunshot.	What problems does Project Semicolon work to solve? Did Kurt Cobain have any of the problems listed in #1?
795	Arctic Ocean	The smallest and shallowest of the world's five major oceans, located in the north polar regions	Could the Eiffel Tower be completely submerged at the Arctic Ocean's deepest point?	True	The deepest point in the Arctic Ocean is 18,210 feet below the surface. The Eiffel Tower is 1,063 feet tall.	How deep is the deepest point in the Arctic Ocean? How tall is the Eiffel Tower? Is #2 smaller than #1?
796	Haiku	very short form of Japanese poetry	Is Lines on the Antiquity of Microbes briefer than any haiku?	True	A haiku is a short Japanese poem that follows a 5, 7, 5 syllable structure. Lines on the Antiquity of Microbes, also known simply as Fleas is said to be the shortest poem written. Lines on the Antiquity of Microbes is made of one brief phrase: Adam. Had 'em.	How long is a haiku? How long is Lines on the Antiquity of Microbes? Is #2 shorter than #1?
797	Goblin shark	Deep-sea shark	Would a goblin shark eat at Crossroads Kitchen?	False	Goblin sharks are carnivores that subsist on other fish, cephalopods and crustaceans Crossroads Kitchen is a vegan restaurant in Los Angeles Vegans do not consume any animal products	What is the goblin shark's diet-based classification? What kind of food is served at Crossroads Kitchen? Would a #1 typically consume #2?
798	Jalapeño	Hot pepper	Is jalapeno heat outclassed by Bhut jolokia?	True	The Scoville scale measures how hot peppers are. The jalapeno pepper has a Scoville scale rating of between 3,500 and 3,600 SHU (Scoville Heat Units). The Bhut jolokia (ghost pepper) has a Scoville scale rating of 1 million SHU (Scoville Heat Units).	How many Scoville units does a Jalapeno have? How many Scoville units does a  Bhut jolokia have? Is #2 greater than #1?
799	Linux	Family of free and open-source software operating systems based on the Linux kernel	If you're running focal fossa, are you using linux?	True	Focal Fossa is the most recent Ubuntu release. Ubuntu is a Linux distribution. 	Which operating system was codenamed focal fossa? Is #1 a Linux distribution?
800	Badminton	racquet sport	Are birds important to badminton?	True	Badminton is played with racquets and a shuttlecock. A shuttlecock is a projectile made of feathers attached to a cork base. Birds have feathers covering their body.	What are the equipment needed to play badminton? Is any of #1 made with a bird product?
801	Banana	edible fruit	Would you buy bananas for tostones?	False	Tostones are a Latin American twice fried dish made of plantains. Plantains resemble bananas, but are not bananas.	What ingredients are used to make tostones? Are bananas included in #1?
802	Dungeons & Dragons	Fantasy role-playing game	Is Dungeons and Dragons a game well suited for solo play?	False	"Dungeons and Dragons requires one person to act as the ""Dungeon Master"" to construct the world for the other players to roleplay in. Dungeons and Dragons cannot work without at least one DM and two players."	How many basic roles must be accounted for in order to play a game of Dungeons and Dragons? Is #1 equal to one?
803	The Matrix	1999 science fiction action film directed by the Wachowskis	Do the directors of The Matrix advocate for transgender rights?	True	"Lilly Wachowski is a trans woman who was a director of The Matrix. Lena Wachowski is a trans woman who was a director of The Matrix. The Wachowski sisters speak actively about viewing their films through a ""lens of transness"""	Who directed The Matrix? Are #1 transgender rights advocates?
804	Chickpea	species of plant	Would vegans consider chickpeas for a tuna substitute?	True	"Vegans do not eat any animal products, including milk, eggs, meat, and cheese.  Vegan alternatives for things like mayo exist.  There are vegan recipes for ""tuna"" online that include chickpeas as the main component."	What kinds of foods do vegans avoid? What are replacements for #1 in vegan diets called? What are some #2 for tuna? Are chickpeas included in the recipes of any of #3?
805	Giant panda	species of mammal	Does giant panda have colors that differ from yin yang?	False	The giant panda is a mammal that is black and white in color. Yin yang is an ancient Chinese concept represented by the colors black and white.	"What colors does the concept "" yin and yang"" represent? What are colors of adult giant pandas? Is any of #2 excluded from #1?"
806	Nine Inch Nails	American industrial rock band	Did Nine Inch Nails inspire Aretha Franklin's sound?	False	Nine Inch Nails is a industrial heavy rock band. Aretha Franklin was a soul and R&B singer. Aretha Franklin began singing in a gospel choir. Nine Inch Nails lyrics have been described as profane and anti-God.	What genre are Nine Inch Nails' music? What genre of songs does Aretha Franklin sing? Is #1 the same as #2?
807	Hundred Years' War	Series of conflicts and wars between England and France during the 14th and 15th-century	Was Hundred Years' War a misnomer?	True	A misnomer is a wrong or inaccurate name. The Hundred Years' War lasted for longer than one hundred years. The Hundred Years' War lasted from 1337-1453.	How many years the the Hundred Years' War actually last? Is #1 greater or less than 100?
808	Northern fur seal	The largest fur seal in the northern hemisphere	Would a northern fur seal pass a driving test?	False	A driving test measures the ability to drive according to traffic laws. The northern fur seal does not have the ability to legally drive.	What does a driving test require one to do? Does a northern fur seal have the ability to accomplish all of #1?
809	Sicilian Defence	Chess opening	Would Lee Sedol understand the complexities of the Sicilian Defence?	False	Lee Sedol is a former South Korean professional Go player of 9 dan rank. Go has a different rule set than chess. It would not be worthwhile to spend time understanding the complexities of a game that you don't play professionally.	What is Lee Sedol's profession? The Sicilian defense is a tactic of which game? Would #1 typically invest time in learning about #2?
810	Starbucks	American multinational coffee company	Would menu at Chinese Starbucks be familiar to an American?	False	American Starbucks sells a number of coffee beverages like Lattes and Cappucino. The Chinese Starbucks menu focuses on teas such as Blackcurrant Raspberry Juiced Tea and Iced Shaken Mango Herbal Juiced Tea. Mooncakes, Chinese bakery products traditionally eaten during the Mid-Autumn Festival, are popular items at Chinese Starbucks.	What is on the typical American Starbucks' menu? What is on the typical Chinese Starbucks' menu? Are most things in #2 not found in #1?
811	Saturn	Sixth planet from the Sun in the Solar System	Are Saturn's famous rings solid?	False	The rings are made mostly of dust and particles. The ring matter is constantly in orbital motion around Saturn.	In what form do Saturn's famous rings exist in? Can #1 be considered solid?
812	Taco Bell	American fast-food chain	Will more people go in and out of Taco Bell than a Roy Rogers each year?	True	Taco Bell has over 7,072 restaurants as of 2018. Roy Rogers had over 600 restaurants at its peak. Roy Rogers has 48 locations as of 2019.	How many restaurants does Taco Bell have? How many restaurants does Roy Rogers have? Is #1 significantly greater than #2?
813	Noah	Biblical figure	Was Noah associated with a dove?	True	Noah sailed his Ark when the world was flooded. After the flood, he sent his dove to find land.	Which famous bible story was Noah associated with? Which creatures were the important characters in #1? Is any of #2 a dove?
814	Achilles	Greek mythological hero	Was Achilles a direct descendent of Gaia?	True	Achilles was the son of a Nereid.  The Nereids were the 50 daughters of Nereus. Nereus was the eldest son of the union between Gaia and Pontus.	Who were Achilles' parents? Who were the children of Gaia? Were any of #1 the children of #2?
815	Starbucks	American multinational coffee company	Do any Islamic dominated countries have a Starbucks?	True	Starbucks is a coffee shop found in numerous countries including USA, China, and the United Arab Emirates. The United Arab Emirates has a Starbucks in Dubai. Islam is the largest and the official state religion of the United Arab Emirates. Pew Research estimates state that over 76% of the citizens of the United Arab Emirates are Islamic.	Which countries does Starbucks have branch(es) in? Is any of #1 an Islamic dominated country?
816	Days of Our Lives	American daytime soap opera	Is a thousand dollars per Days of Our Lives episodes preferred to other soaps?	False	Days of Our Lives has aired around 13,900 episodes as of 2020. General Hospital aired their 14,000th episode on February 23, 2018.	How many episodes of 'Days of Our Lives' are there as of 2020? How many episodes of 'General Hospital' have been aired as of 2020? Is #1 greater than #2?
817	Pickled cucumber	Cucumber pickled in brine, vinegar, or other solution	Is pickled cucumber ever red?	True	Koolickles are a variety of pickled cucumber made with brine and red kool-aid. Korean cucumber kimchi is flavored with korean pepper powder. Korean pepper powder is red in color. 	What are the Koolickles made from? What is Korean cucumber kimchi flavored with? Are any of #1 or #2 red in color?
818	Acetylene	chemical compound	Does welding with acetylene simulate the temperature of a star?	True	Acetylene is used for oxyacetylene welding  An acetylene/oxygen flame burns at about 3,773 K  The star Betelgeuse has a surface temperature of 3,500 K	What temperature is reached when welding with acetylene? What temperature can stars reach? Are #1 and #2 similar in magnitude?
819	Sandal	Type of footwear with an open upper	Is it comfortable to wear sandals outside Esperanza Base?	False	Sandals are a type of footwear that leave parts of the foot exposed Esperanza Base is located in Antarctica Average temperatures in Antarctica range from -10.5C to 1.4C	Where is Esperanza Base Located? What are the average temperatures in #1? What are the defining characteristics of sandals? Would #3 make a person's feet comfortable in #2 temperatures?
820	Art dealer	person that buys and sells works of art	Would an art dealer prize a print of a Van Goh? 	False	Van Goh painted many valuable pieces of artwork in his lifetime. Prints of Van Goh's artwork are readily available at a low price.	What kind of art do art dealers typically look for? What is the cost of a typically Van Goh print? Is something priced as #2 considered #1?
821	Lentil	Species of plant	Would Jean Harris's victim have avoided lentils?	True	Jean Harris spent 12 years in jail for killing her lover Herman Tarnower. Herman Tarnower was the creator of the Scarsdlae Diet. The Scarsdale Diet focuses on a simplified diet plan and forbids corn, beans, potatoes, lentils, and any beans except green beans.	Who was Jean Harris' victim? What is #1 famous for? What foods are forbidden in #2? Are lentils listed in #3?
822	The Doctor (Doctor Who)	fictional character from Doctor Who	Would Marvel's Gateway be envious of the Doctor (Doctor Who)'s TARDIS machine?	False	The Doctor (Doctor Who) used the TARDIS, a largely unreliable time traveling machine, to travel through time and space. Gateway is a Marvel comic character linked to the X-Men comics. Gateway has the power to create wormholes that allow him to travel through time and space.	What is the TARDIS's special power? What is Gateway's special power? Is #1 different than #2?
823	The CW	American broadcast television network	Did Supernatural break 2001 CW debuting shows seasons record?	True	Smallville debuted on the CW in 2001. Smallville had the record of most CW seasons for a show with 10. Supernatural concluded its run with its record breaking 15th season on the CW.	What was the debuting shows in a seasons record as of 2001 for CW? What was Supernatural's highest debuting shows in a season? Is #2 higher than #1?
824	Internet slang	Slang languages used by different people on the Internet	Did Alfred Hitchcock include internet slang in his films?	False	Alfred Hitchcock died in 1908. The internet began developing slang in the 1990's.	What year did Alfred Hitchcock die? When did internet become available for people? Is #1 after #2?
825	Norman, Oklahoma	City in Oklahoma, United States	Is Norman Oklahoma named after a viking?	False	The Normans invaded England in 1066 and were originally vikings from Scandinavia. Norman Oklahoma was first surveyed by land surveyor Abner Norman in the 1800s. 1066 is said to be the end of the Viking Era.	Who was the city of Norman, Oklahoma named after? Was #1 a viking?
826	Pi	Ratio of the circumference of a circle to its diameter	Can every digit in Pi be memorized?	False	The digits of Pi are infinite.  The human mind cannot hold an infinite amount of information.	How many digits are in Pi? Can the human mind memorize #1 amount of information?
827	Red Sea	Arm of the Indian Ocean between Arabia and Africa	Would it be unusual to find a yellow perch in the Red Sea?	True	The Red Sea is one of the saltiest bodies of water in the world. The yellow perch is a freshwater perciform fish native to much of North America.	What type of water do yellow perches usually live in? What type of water is present in the red sea? IS #2 the same as #1?
828	Greyhound	Dog breed used in dog racing	Do people associate greyhounds with the movie 'Homeward Bound'?	False	The movie homeward bound features a golden retriever.  The movie homeward bound features a pit bull type dog. There are no greyhounds in homeward bound.	What are the two types of dogs that are lost in Homeward Bound? Is a greyhound listed in #1?
829	Alan Turing	British mathematician and computer scientist	Did Alan Turing suffer the same fate as Abraham Lincoln?	False	Alan Turing committed suicide via cyanide poisoning. Abraham Lincoln was killed by a gunshot wound to the head.	What did Alan Turing die of? What did Abraham Lincoln die of? Is #1 the same as #2?
830	Game (hunting)	animal hunted for sport or for food	Does meat from cows fed only grass taste more like wild game?	True	The food an animal eats throughout its lifetime affect the way the meat from it will taste.  Grass-fed cows produce meat that tends to taste more mineral-dense. Wild game is known for a grassy, mineral taste.	What is wild game known to taste like? What does meat from grass-fed cows typically taste like? Is #1 similar to #2?
831	Great Pyramid of Giza	Largest pyramid in the Giza Necropolis, Egypt	Can 200 men end to end cover Great Pyramid of Giza's base?	True	The base of the Great Pyramid of Giza is 756 feet long. The average height of a man is 5 foot 9.	What is the height in inches of the average man? What is length in inches of the base of The Great Pyramid of Giza? What is 200 times #1? Is #3 more than #2?
832	Samsung Galaxy S4	Android smartphone	Would General Zod prefer an iPhone over a Samsung Galaxy S4?	False	General Zod is a villain. Apple does not allow moviemakers to give villains iPhones.	What movie is General Zod from? What is General Zod's role in #1? Does Apple allow moviemakers to give #2 iPhones?
833	Alan Turing	British mathematician and computer scientist	Would World War II have been the same without Alan Turing?	False	During WW2, the German Military used something called the Engima device to send messages secretly.  Alan Turing broke the Enigma code, allowing German messages to be understood and intercepted.	What code did Alan Turing discover during World War II? Without #1, would we have been able to beat the Germans?
834	JPMorgan Chase	American multinational banking and financial services holding company	Could every citizen of Samoa send a letter to a unique JPMorgan Chase employee?	True	JPMorgan Chase had a total of 256,981 employees in the fourth quarter of 2019. The estimated population of Samoa as of July 1st, 2019 is 200,874.	How many employees does JPMorgan Chase have? What is the population of Samoa? Is #2 less than or equal to #1?
835	East India Company	16th through 19th-century British trading company	Would East India Company prefer China's modern trade?	False	China accounts for 4.6 trillion or 12.4% of global trade. The East India Company took part in half of the world's trade from the 16th to 19th century.	What percent of the world's trade passed through the East India Company between the 16th and 19th centuries? What percent of the world's trade is accounted for by China presently? Is #2 greater than #1?
836	Arithmetic	Elementary branch of mathematics	Did Neanderthals use arithmetic?	False	The earliest written records indicate the Egyptians and Babylonians used all the elementary arithmetic operations as early as 2000 BC. Neanderthals are an extinct species or subspecies of archaic humans who lived in Eurasia until about 40,000 years ago.	The earliest records of arithmetic use date back to when? When did the Neanderthals become extinct? Is #1 before #2?
837	Folk music	Music of the people	Is metal a type of folk music?	False	Folk music tends to be simple in structure, played on traditional acoustic instruments. Groups can be large but the song is designed to be playable by solo acts or small groups. Metal music is designed to be as loud and epic-sounding as possible, often with complex structures and almost always with electric instruments.	What are the basic characteristics of folk music? What are the characteristics of metal music? Does #2 exactly match #1?
838	Lexus	luxury vehicle division of Toyota	Did George Washington drive a Lexus?	False	Lexus was established in 1989 George Washington died in 1799	In what year did George Washington die? What year was Lexus founded in? Is #1 after #2?
839	Funeral	ceremony for a person who has died	Are there special traffic laws associated with funerals?	True	Many funerals have a religious ceremony held in a chapel separate from the cemetery. The corpse and all the attendees have to move from the memorial site to the cemetery. Everyone at the funeral lines up their cars into a procession and follow special rules as they drive to keep the line assembled in transport.	What circumstances require special laws for the flow of traffic? Are funerals among #1?
840	Chinese mountain cat	Small wild cat	Can Chinese mountain cat survive in the orbit? 	False	Chinese mountain cat needs to breathe oxygen for survival.  There is not enough oxygen for breathing in the orbit.	What does a Chinese mountain cat breathe? Is there enough #1 in space?
841	Ham	Pork from a leg cut that has been preserved by wet or dry curing, with or without smoking	Can ham make a cut seal up quicker?	True	Salt helps cleanse the skin by displacing bacteria in a cut. 1 Cup of ham contains 1.684 mg of sodium. Salt is a mineral made up mostly of sodium chloride.	Which substances can be used to cleanse skin around a cut? Which elements make up salt? Does ham contain any of #2 in considerable quantities and salt included in #1?
842	Operation Barbarossa	1941 German invasion of the Soviet Union during the Second World War	Was 1941 Operation Barbarossa related to The Crusades?	True	Operation Barbarossa referred to the 1941 German invasion of the Soviet Union. Frederick Barbarosa was the Holy Roman Empire that drowned while marching his army to The Crusades. The Holy Roman Empire was a medieval empire that ruled over lands including what became modern Germany.	What historic figures were named Barbarosa? Of #1, which lived during the medieval period? Were any of #2 active during the Crusades?
843	Prime number	Integer greater than 1 that has no positive integer divisors other than itself and 1	Would an actuary be confused about what prime numbers are?	False	Actuaries must go through college and rigorous studies in mathematics to obtain their jobs. Prime numbers are introduced in basic high school mathematics. 	Which subjects do actuaries study in college before getting their jobs? Which subject are prime numbers taught in? Is #2 included in #1?
844	Hound	dog type	Was animal in You're a Good Sport, Charlie Brown, hypothetically a hound?	True	A hound is a type of hunting dog used to track prey. Hounds include Basenjis, Dachsunds, and Beagles, among others. Snoopy is the dog in the Charlie Brown movies and books. Snoopy is a Beagle.	"What animals fall under the classification of ""hound""? What kind of animal was Snoopy? What kind of #2 was Snoopy? Is #3 included in #1?"
845	J. K. Rowling	English novelist	Are any of J.K. Rowling's books in the genre of And Then There Were None?	True	And Then There Were None was a mystery novel written by Agatha Christie. J.K. Rowling is best known for her wizard fantasy series Harry Potter. Robert Galbraith is the author of the Cuckoo's Calling, a mystery crime fiction novel. Robert Galbraith is the pseudonym that J.K. Rowling writes under.	What genre is the book And Then There Were None? What genre are Rowling's fiction Cormoran Strike series? Is #1 same as #2?
846	Yale University	Private research university in New Haven, Connecticut, United States	Can Ford F-350 tow entire Yale University student body?	False	The Yale University student body consists of 12,385 people according to a 2015 poll. The average US male weighs 195 pounds. The average US female weighs 168 pounds. The maximum towing capacity of the Ford F-350 is 15,000 pounds.	What is the maximum towing capacity of the Ford F-350? How much people attend Yale each year? What is the average weight of an adult? Is #2 times #3 less than #1?
847	Chuck Norris	American martial artist, actor, film producer and screenwriter	Could Chuck Norris ride a horse?	True	Chuck Norris is a person. Horses are bigger than people. People can ride horses. 	Who could ride a horse? Is Chuck Norris #1?
848	Salmon	Family of fish related to trout	Do salmon mate in the Caspian Sea?	False	Salmon reproduce in freshwater The Caspian Sea is a saltwater lake	What kind of water do salmon reproduce in? Is the Caspian Sea salt or freshwater? Is #1 the same as #2?
849	United States Army Rangers	Elite military formation of the United States Army	Would Michael J Fox qualify for the Army Rangers?	False	Michael J Fox has Parkinson's disease.  Parkinson's disease is a brain disorder that leads to shaking, stiffness, and difficulty with walking, balance, and coordination. To qualify for the Army Rangers,  you must complete a 12-mile march with a 35-pound rucksack and weapon in less than three hours.	What must you do to qualify for the Army Rangers? What condition does Michael J Fox have? What are some symptoms of #2? Could someone experiencing #3 complete #1?
850	Model (person)	person employed to display, advertise and promote products, or to serve as a visual aid	Would a model be appropriate to star in a LA Femme Nikita remake?	True	La Femme Nikita is a French movie about a beautiful female assassin. Models are known for their beauty and height. Peta Wilson and Maggie Q have played the lead role in La Femme Nikita spinoffs. Peta Wilson and Maggie Q have both done extensive modeling work.	What is La Femme Nikita? What is #1 about? Would a model be able to play #2?
851	Rash	skin condition	Is CAS number 8009-03-8 harmful for a rash?	False	Some common substances that help rashes are creams, oils, and petroleum based products. CAS number 8009-03-8 is the identifier number for petroleum jelly.	What is CAS number 8009-03-8 the identifier number for? Is #1 harmful to put on a rash?
852	Jay-Z	American rapper, entrepreneur, record executive, songwriter, producer and investor from New York	Did Jay-Z ever collaborate with Louis Armstrong?	False	Jay-Z was born in 1969. Louis Armstrong died in 1971.	What year did Jay-Z make his first recording? When did Louis Armstrong die? Is #1 before #2?
853	Drew Carey	American actor, comedian, game show host, libertarian and photographer	Is Drew Carey important to the history of wrestling?	True	Drew Carey competed in the 2001 Royal Rumble. The Royal Rumble is one of the Big 4 yearly WWE pay per view events. Drew Carey was inducted into the WWE Hall of Fame in 2011.	What competition did Drew Carey compete in in 2001? Is #1 an important even for the WWE?
854	Iggy Pop	American rock singer-songwriter, musician, and actor	Would Iggy Pop travel with Justin Bieber?	False	Iggy Pop is a famous punk rocker.  Justin Bieber is a famous pop singer. Punk is a music subculture that clashes against mainstream topics, ideals, and subjects. Pop music is a mainstream form of music constructed to appeal to the masses.	What genre of music does Iggy Pop play? What genre of music does Justin Beiber play? Would #1 and #2 go well together?
855	Euro	European currency	Will a Euro sink in water?	True	The smallest Euro paper bill is Five Euro. One Euro is only available as a coin. Coins sink in water.  A metal coin is more dense than water	What is the density of water? What material is an Euro coin made of? Is the density of #2 usually higher than #1?
856	Larry King	American television and radio host	Did Larry King sign the Magna Carta?	False	The Magna Carta was a charter of rights signed by King John in 1215. Larry King was born in 1933.	When was Larry King born? When was the Magna Carta signed? Is #1 before #2?
857	Dolce & Gabbana	Italian fashion house	Did Jackie Kennedy wear Dolce & Gabbana to her husband's inauguration?	False	Jackie Kennedy's husband was John F. Kennedy John F. Kennedy was inaugurated in 1961 Dolce & Gabbana was founded in 1985	Who was Jackie Kennedy married to? When was #1 inaugurated? When was Dolce & Gabbana founded? Was #3 before #2?
858	Memory	information stored in the mind, or the mental processes involved in receiving, storing, and retrieving this information	Do quadragenarian's have little memory capacity?	False	Quadragenarians are people that are in their 40s. As people age, their memory can get worse. Half of people over age 50 have mild to severe memory loss. Ken Jennings was 46 years old when he won Jeopardy! The Greatest of All Time tournament.	How old do people generally get before their memory capacity starts getting limited? Quadragenarians are people within what age-range? Is #1 within or less than the range of #2?
859	Metre	SI unit of length	Are lengths measured in metres in the UK?	True	Metres are part of the metric system. The UK uses the metric system for measurements.	What system of measurement does the UK use? Are meters a unit of measure in #1?
860	Islamophobia	Fear, hatred of, or prejudice against the Islamic religion or Muslims generally,	Was  Godfrey of Bouillon an Islamaphobe?	True	" Godfrey of Bouillon lead troops during the Prince's Crusade. The Prince's Crusade was an attempt by Europeans to ""take back"" the city of Jerusalem from Islamic hands."	Islamaphobe indicates fear of what? What kind of interactions did Godfrey of Bouillon majorly have with Muslims? Is #2 an indication of #1?
861	Skull	bony structure that forms the skeleton of head in most vertebrates	Is the skull formed as one whole bone?	False	The skull forms inwards from the outside. There are fission lines where the multiple pieces of bone came together to form a skull. 	How many bones are found in the skull? Is #1 equal to one?
862	Painting	Practice of applying paint, pigment, color or other medium to a surface	Is The Joy of Painting TV show still producing new episodes?	False	The Joy of Painting is hosted by painter Bob Ross. Bob Ross died in 1995. The episodes currently airing are reruns.	Who was the host of The Joy of Painting? Is #1 still alive?
863	James Watson	American molecular biologist, geneticist, and zoologist	Does James Watson believe that Africans are inferior to Europeans?	True	"James Watson is a geneticist, who believes in his own work. James Watson is quoted as saying that genetic testing ""proves"" that Africans aren't as smart."	What profession is James Watson in? ` As #1, what was James quoted with saying about African Americans? Did James Watson believe in his own work about #2?
864	Eiffel Tower	Tower located on the Champ de Mars in Paris, France	Was the Eiffel tower used as a symbol of the French Revolution?	False	The French Revolution took place 1789-1799. The Eiffel Tower was built a century later in 1888.	When was the French Revolution? When was the Eiffel Tower built? Is #2 before #1?
865	Al Pacino	American actor	Will Al Pacino and Margaret Qualley score same amount of Bacon Number points?	True	The Bacon Number refers to a game in which people find how close a person is to the actor Kevin Bacon based on similar costars. Margaret Qualley was in Novitiate with Julianne Nicholson who was in Black Mass with Kevin Bacon (Bacon Number of 2). Al Pacino was in The Devil's Advocate with Charlize Theron who was in Trapped with Kevin Bacon (Bacon Number of 2). The further away someone is from Kevin Bacon, the more points scored in Bacon Number. Major General William Rufus Shafter is believed to produce the highest Bacon Number score of 10.	What is Al Pacino's Bacon Number? What is Margaret Qualley's Bacon Number? Is #1 equal to #2?
866	Salsa (sauce)	Sauce	Would Carolina Reaper decrease sales if added to all US salsa?	True	On average, Americans prefer milder salsa than Europeans. The Carolina Reaper is the hottest pepper in the world.  The Carolina Reaper is rated as 2,200,000 Scoville Heat Units.	On average, what level of spice do Americans prefer for their salsa? Compared to other peppers, how hot is the Carolina Reaper? Would adding #2 to salsa create a salsa that is #1?
867	HIV	Human retrovirus, cause of AIDS	Would fans of Jonathan Larson be unaware of HIV?	False	Jonathan Larson died of AIDS in 1996. Jonathan Larson produced music and plays about HIV, AIDS, and poverty.	What works did Jonathan Larson produce? Do all of #1 avoid the topic of HIV?
868	Paralympic Games	Major international sport event for people with disabilities	Can Josh Blue participate in Paralympics Games? 	True	Josh Blue has cerebral palsy.  People with cerebral palsy can compete in the Paralympic Games.	What chronic illness does Josh Blue have? What conditions make one eligible to compete in the Paralympic Games? Is #1 included in #2?
869	Macaque	genus of Old World monkeys	Can you hide a pet macaque under your desk?	True	Macaques grow up to 28 inches in length A typical desk is 29 to 30 inches from the ground	How tall is a macaque? How tall is a typical desk? Is #2 more than #1?
870	Horseradish	species of plant	Does horseradish have a fetlock?	False	Horseradish is a type of plant that is used as a condiment. Fetlock is the common name used for a joint found in horses.	What kingdom is horseradish in? Where is a fetlock found? What kingdom is #2 in? is #1 the same as #3?
871	Diamond	Allotrope of carbon often used as a gemstone and an abrasive	Can a diamond float on water?	False	Diamonds are formed by extreme heat and pressure being applied to carbon under the earth's crust. The density of a diamond is 3.51 g/cm³. The density of water is 997 kg/m³. A diamond is more dense than water. A diamond will sink in water.	What is the density of a diamond? What is the density of water? Is #1 less than #2?
872	Canon Inc.	Japanese multinational corporation specialised in the manufacture of imaging and optical products	Is Canon Inc. a Kabushiki gaisha?	True	"Canon, Inc. is a large corporation listed on the Tokyo Stock Exchange. Companies are listed on a stock exchange so brokers can buy and sell stock in those companies. Kabushiki gaisha is often translated as ""stock company"", ""joint-stock company"" or ""stock corporation"". "	What is Kabushiki gaisha usually translated as? Is Canon Inc. listed in the appropriate organization to be considered #1?
873	Very Large Telescope	telescope in the Atacama Desert, Chile	Is it possible to get killed walking to the Very Large Telescope?	True	The Very Large Telescope is in the Atacama Desert The Atacama Desert is the driest hot desert in the world.	Where is the Very Large Telescope? How hot is it in #1? Is it possible to die from being somewhere that is #2?
874	June	sixth month in the Julian and Gregorian calendars	Is it possible that June got its name from mythology?	True	June may have been named after Juno. Juno was a Roman goddess and wife of the Roman king of the gods Jupiter.	Who was June possibly named after? Is #1 a figure in mythology?
875	Reza Shah	Shah of Iran, Founder of the Imperial state of iran	Could Reza Shah be related to Queen Elizabeth I?	False	Queen Elizabeth I was from English parents. Reza Shah was Mazanderani. Mazanderani people are indigenous people of Iran. Iran is nearly 4,000 miles from England.	Where are Queen Elizabeth I's parents from? Where is Reza Shah's family from? Is #1 near #2?
876	J. D. Salinger	American writer	Was Anthony Quinn more prolific at making children than J.D. Salinger?	True	Author J.D. Salinger had two children. Actor Anthony Quinn had twelve children.	How many children did J. D. Salinger have? How many children did Anthony Quinn have? Is #2 greater than #1?
877	Menthol	chemical compound	Does menthol make cigarettes less addictive?	False	The addition of menthol to cigarettes does not reduce the amount of nicotine in them. Menthol itself is an addictive chemical.  Nicotine is the primary addictive component of cigarettes.	What is the primary addictive components in cigarettes? Does addition of menthol cause a reduction in #1?
878	French Revolution	Revolution in France, 1789 to 1798	Did France win the French Revolution?	False	The French Revolution was a period of  social and political upheaval in France and its colonies. War is an intense military conflict between two states. The French Revolution involved only France as citizens overthrew the monarchy.	Which parties were involved in the French Revolution? Did #1 involve France and another country or state?
879	Earth Day	Annual event on 22 April	Do people celebrate Earth Day with a ceremonial tire fire?	False	Earth Day is a global holiday to show support for environmental protection. Tire fire is a large quantity of tires burning at once. Smoke from burning tires contain heavy metals and other harmful pollutants. Smoke is harmful to the environment. 	What is the major focus/purpose of the Earth Day holiday? What are the environmental implications of tire fire? Is #2 consistent with #1?
880	Olive	Species of plant	Would you find olives at a heladeria?	False	Olives are fruits of the olive tree used in savory dishes and preparations like olive oil and tapenade A heladeria is an ice cream parlour	What kinds of foods are served at a heladeria? Are olives a type of #1?
881	Pope Alexander VI	Pope of the Catholic Church 1492–1503	Was Pope Alexander VI's origin country least represented in papal history?	False	Pope Alexander VI, born Rodrigo Borgia, was born in a town in eastern Spain. There have been two Popes whose origins are from Spain, including Pope Alexander VI and Pope Callixtus III. Pope John Paul II was born in Poland. Pope John Paul II is the only pope of Polish origin.	What is Pope Alexander VI's home country? How many popes have come from #1? Is it the case that no countries have produced a non-zero number of popes that is less than #2?
882	Newspeak	fictional language in the novel Nineteen Eighty-Four	Is Newspeak considered very straightforward?	False	The vocabulary in Newspeak is extremely restricted. In Newspeak, the Ministry of Truth manufactures lies for the public to consume. In Newspeak, the Ministry of Plenty artificially creates scarcity. To be straightforward is to be uncomplicated and easy to understand.	In Newspeak, how do words relate to the ideas they represent? Is #1 explicit and easy to understand?
883	Myocardial infarction	Interruption of blood supply to a part of the heart	Is myocardial infarction a brain problem?	False	Myocardial infarction is a problem in the heart. The equivalent in the brain would be similar to a stroke.	Which organ in the body does myocardial infarction affect? Is #1 the same as the brain?
884	Northwest Airlines	1926–2010 major airline, merged into Delta Air Lines	Did Northwest Airlines' longevity surpass Betty White?	False	Northwest Airlines lasted 84 years from 1926-2010. Betty White is 98 years old as of 2020.	How many years was Northwest Airlines in business? How old is Betty White? Is #1 greater than #2?
885	Hurricane Maria	Category 5 Atlantic hurricane in 2017	Could you windsurf in Puerto Rico during Hurricane Maria?	False	Hurricane Maria was a deadly category 5 hurricane with wind speed up to 175mph. It is extremely dangerous and impossible to windsurf with wind speed higher than 100mph. 	What wind speed did Hurricane Maria reach? Above what wind speed is windsurf extremely dangerous? Is #2 greater than or equal to #1?
886	Tourism	travel for recreational or leisure purposes	Do tourists prefer Tuvalu to Niue?	False	Tuvalu receives an average of 2,000 annual tourists. Niue receives an average of 10,000 annual tourists.	What is the average number of tourists that visit Tuvalu annually? What is the average number of tourists that visit Niue annually? Is #1 more than #2?
887	Pacific War	Theater of World War II fought in the Pacific and Asia	Were muskets used in the Pacific War?	False	The Pacific War took place between 1941 and 1945. The musket became obsolete in modern warfare starting near 1870.	When was the Pacific War? When did muskets become obsolete? Is #1 before #2?
888	Autopilot	system to maintain vehicle trajectory in lieu of direct operator command	Does autopilot rely on fossil fuels?	True	Autopilot is used in vehicles. Vehicles are powered by engines. Engines rely on fossil fuels to operate.	What uses autopilot? What powers #1? Does #2 rely on fossil fuels to run?
889	Louvre	Art museum and Historic site in Paris, France	Can nitric acid break the Louvre?	True	Parts of the Louvre are built of limestone. Nitric acid dissolves limestone.	What materials were used to build the Louvre? Can any of #1 be destroyed by nitric acid?
890	Durian	genus of plants	Would a Durian be dangerous if it fell on your head?	True	Durian weight 2-7 lbs. Durian have a hard, spiky external shell. There are several reports of injury and death related to falling Durian fruit.	How much does a durian usually weigh? What is the rind of a durian covered with? Is an object with a weight of #1 covered with #2 dangerous?
891	Coen brothers	American filmmakers	Did the Coen brothers ever collaborate with the Brothers Grimm?	False	The Coen brothers were born in 1954 and 1957. The Brothers Grimm died in 1859 and 1863.	In what century were the Coen brothers born? In what century did the Brothers Grimm die? Is #1 before #2?
892	Asian black bear	species of mammal	Can an Asian black bear use chopsticks?	False	Asian black bear are a species of bear found in asia.  Asian black bear don't have opposable thumbs Chopsticks are eating utensils use requires opposable thumbs.	In order to use chopsticks, what body part does one need? Do Asian black bears have #1?
893	Christopher Columbus	Italian explorer, navigator, and colonizer	Did Christopher Columbus sail representing a different country than his original home?	True	Columbus was originally from Genoa in what is now Italy. His expeditions were funded by the Spanish monarchy.	What country was Christopher Columbus born in? What country did Christopher Columbus sail for? Is #1 different than #2?
894	Yin and yang	philosophical concept	Are rainbows devoid of color made by mixing yin and yang colors?	True	Yin and Yang are a philosophical Chinese concept represented by the color black and white. Black and white when mixed together create the color gray. The rainbow contains the colors: red, orange, yellow, green, blue, indigo and violet.	What colors do the 'yin and yang' concept represent? What are the colors of the rainbow? What color would be obtained by mixing #1? Is #3 included in #2?
895	Jerry Seinfeld	American comedian and actor	Does Jerry Seinfeld hang out at the Budweiser Party Deck?	False	The Budweiser Party Deck is a social gathering spot in Yankee Stadium Yankee Stadium is home to the New York Yankees baseball team Jerry Seinfeld is a fan of the New York Mets	Where is The Budweiser Party Deck located? Which sports team is #1 home to? Is Jerry Seinfeld a fan of #2?
896	Gospel	description of the life of Jesus, canonical or apocryphal	Do most fans follow Katy Perry for gospel music?	False	Katy Perry's gospel album sold about 200 copies. Katy Perry's most recent pop albums sold over 800,000 copies.	What type of music is Katy Perry known for? Is Gospel music the same as #1?
897	Eighth Amendment to the United States Constitution	prohibits cruel and unusual punishment and excessive bail	Does the Eighth Amendment to the United States Constitution protect freedom of speech?	False	The Eighth Amendment (Amendment VIII) of the United States Constitution prohibits the federal government from imposing excessive bail, excessive fines, or cruel and unusual punishments. The First Amendment (Amendment I) to the United States Constitution protects freedom of speech.	What changes were made by the Eighth Amendment to the United States Constitution? Is the protection of freedom of speech among #1?
898	Apollo	God in Greek mythology	Could all of the famous Apollo's hypothetically defeat all of the famous D'Artagnan's?	True	The famous D'artagnan was a musketeer based on a count that served Louis XIV There are at least three famous Apollo's: Apollo Creed, Apollo (Greek mythology), and Apollo Crews. Apollo, the Greek god of the sun and healing, is immortal.	Who were the famous D'artagnan? Who were the famous Apollos? What special power did one of the #2's have? Can #1 be defeated by someone who is #3?
899	Family of Barack Obama	List of members of the family of Barack Obama	Can Family of Barack Obama ride comfortably in 2020 Jaguar F Type?	False	Barack Obama has a wife and two children. The 2020 Jaguar F Type is a car that seats two people.	How many people are in Barack Obama's immediate family? How many people can sit in a 2020 Jaguar F Type? Is #2 greater than #1?
900	Student	learner, or someone who attends an educational institution	Do Elementary School students typically need graphing calculators?	False	Elementary schools typically teach K-5th grade. 5th Graders are reaching a point in their education where they are just beginning to understand decimals and fractions. Graphing calculators are used for higher level math work including complex equations and functions. Students are usually introduced to functions in late middle or high school math.	What grades are part of elementary schools? Out of all the grades in #1, what do students in the highest grade learn in math? What topics in math require students to use graphing calculators? Is #2 the same s #3?
901	Composer	person who creates music, either by musical notation or oral tradition	Would King Leonidas have succeeded with an army the size of Mozart's compositions?	False	King Leonidas led 300 Spartans and 700 Thespians against the Persian army at the Battle of Thermopylae. The Persian army had around 150,000 soldiers at the Battle of Thermopylae. Mozart composed 600 works.	How many compositions did Mozart write? How many soldiers did King Leonidas lead? Is #1 larger than #2?
902	Prophet	person claiming to speak for divine beings	Did the leader of Heaven's Gate consider himself a prophet?	True	The leader of Heaven's Gate was Marshall Applewhite. Marshall Applewhite said he was called to be a messenger of the divine.	Who was the leader of Heaven's Gate? What did #1 say he was called upon to do? What is the definition of a prophet? Is #2 the same as #3?
903	The Powerpuff Girls	American animated television series	Are the names of The Powerpuff Girls alliterative? 	True	To be alliterative, words must have the same initial consonant sound. The names of The Powerpuff Girls are Blossom, Buttercup, and Bubbles.	What are the names of The Powerpuff Girls? What features are necessary for a group of words to be considered alliterative? Are #2 present in #1?
904	Soy milk	Beverage made from soybeans	Would Cardi B. benefit from soy milk?	True	Cardi B became lactose intolerant in her early twenties. People who are lactose intolerant cannot have dairy. Soy milk is an alternative to dairy milk.	What food intolerance does Cardi B. suffer from? What must people with #1 avoid? Is soy milk free from #2?
905	Pope John Paul I	263rd Pope of the Catholic Church	Phileas Fogg's around the world would be difficult to achieve during Pope John Paul I's reign?	True	Phileas Fogg is a character in Jules Verne's Around the World in Eighty Days. Phileas Fogg attempts to circumnavigate the globe in 80 days. Pope John Paul I reigned for only 33 days.	How long did it take Phileas Fogg to go around the world? How long did Pope John Paul I reign? Is #1 longer than #2?
906	Music	form of art using sound and silence	Are deaf people left out of enjoying music?	False	Deafness exists on a spectrum of total hearing loss to partial hearing loss. Individuals with total hearing loss can still enjoy the bass and beat of music through vibration. Deaf people with cochlear implants can hear music, albeit in a different way than hearing people.	In what different ways can music be perceived? Does partial or total hearing loss make one unable to detect any of #1?
907	Potato	plant species producing the tuber used as a staple food	Can someone with celiac disease have potato vodka?	True	Celiac disease makes it unsafe for someone to eat gluten. Potato vodka is a gluten free product.	For people with celiac disease, what must they avoid? Does Potato Vodka contain #1?
908	Blue	A primary colour between purple and green	Are blue lips normal?	False	Lips and skin turn blue in response to a lack of oxygen. When oxygen flow is inadequate, someone's health can be in danger. Lips can turn blue due to extreme cold.	What are the possible causes of blue lips? Is any of #1 a natural or normal process?
909	Cucumber	species of plant	Are cucumbers often found in desert?	False	Cucumbers are a kind of vegetable. With the exception of carrot cake, deserts are not typically made with vegetables. Cucumbers are not the vegetable used in carrot cake.	What food group is a cucumber? Does #1 grow in the desert?
910	Lactic acid	group of stereoisomers	Is it bad to have lactic acid in your body?	False	The body naturally produces and uses lactic acid to convert glucose into energy Lactic acid bacteria are particularly good for digestive health.	What are the functions of lactic acid in the human body? Is a majority of #1 harmful to the body?
911	Dermatitis	skin disease	Can someone with dermatitis be a hand model?	False	Dermatitis causes rashes, redness, blisters, cracking of the skin, and scarring.  Hand models tend to have flawless skin and hands.	What does dermatitis cauas a person's skin to look like? What must a hand model's skin look like? Is #1 the same as #2?
912	Tonsure	hairstyle related to religious devotion	Does ancient Olympics crown fail to hide tonsure?	True	Tonsure refers to the religious hairstyle in which hair from the top of the head is shaved off. Winners of the ancient Olympics were given a laurel crown to wear. A laurel crown involves leaves arranged in a circle that cover only the edges of the head.	Which part of the head is affected by tonsure? What kind of crown was given to winners in ancient Olympics? Does #2 cover #1 when worn?
913	Anorexia nervosa	Eating disorder characterized by refusal to maintain a healthy body weight, and fear of gaining weight due to a distorted self image	Did Jon Brower Minnoch suffer from anorexia nervosa?	False	Jon Brower Minnoch was an American man who, at his peak weight, was the heaviest human being ever recorded, weighing 1,400 lb. Anorexia nervosa,Anorexia nervosa is an eating disorder, characterized by low weight, food restriction, fear of gaining weight, and a strong desire to be thin. Many people with anorexia see themselves as overweight even though they are, in fact, underweight.	What are characteristics of anorexia nervosa? How much did Jon Brower Minnoch weigh? Is #2 a weight that would be considered #1?
914	Othello	play by Shakespeare	Would Othello be Shakespeare's play to buy Scheherazade most time with king?	False	Scheherazade was a character in Middle Eastern folklore that delayed her execution by telling the king long stories. Shakespeare's play Othello contained 26,450 words. Hamlet is Shakespeare's longest play consisting of 4000 lines and 30,000 words.	How long is Othello? Are all of Shakespeare's other plays shorter than #1?
915	Dessert	A course that concludes a meal; usually sweet	Can dessert be made with vegetables?	True	A popular desert is carrot cake. Carrot cake is made with carrots. Carrots are a kind of vegetable.	What are some popularly known desserts? Do any of #1 contain vegetables?
916	Baptism	Christian rite of admission and adoption, almost invariably with the use of water	Was Hillary Clinton's deputy chief of staff in 2009 baptised?	False	Huma Abedin was Hillary Clinton's deputy chief of staff in 2009 Huma Abedin is an American Muslim Baptism is a Christian tradition	Who was Hilary Clinton's deputy chief of staff in 2009? What religion does #1 practice? What religion practices baptism? Is #2 the same as #3?
917	Edgar Allan Poe	19th-century American author, poet, editor and literary critic	Was proofreading Edgar Allan Poe works lucrative?	False	Proofreaders get paid a set rate based on the number of words in a document. Edgar Allan Poe wrote many short stories including the Oval Portrait which is two pages in length. Edgar Allan Poe's only complete novel: The Narrative of Arthur Gordon Pym of Nantucket was a mere 166 pages. A book like Jeyamohan's Venmurasu is 11,159 pages.	What is the typical length of each of Edgar Allan Poe's works? Is #1 relatively long?
918	Crane (bird)	family of birds	Is a Cassowary safer pet than a crane?	False	Crane's that are fed by humans can exhibit domestic tendencies and rarely peck at humans. The Cassowary, known as the world's most dangerous bird, becomes very aggressive and has even killed humans and dogs.	What behaviors do cranes have with humans? What behaviors do cassowaries have with humans? Are the behaviors of #2 less violent than #1?
919	Sudoku	Logic-based number-placement puzzle	Can Roman numerals fill the normal number of Sudoku box options?	False	Sudoku boxes can be filled with one of 9 numbers. There are only seven Roman numerals: I, V, X, L, C, D and M	How many symbols are used in the Roman numeral system? How many numbers are employed in Sudoku? Is #1 greater than or equal to #2?
920	Guitarist	person who plays the guitar	Does being good at guitar hero make you a good guitarist?	False	Guitar Hero is a game that features a guitar-shaped controller with buttons that the player must hit in time with a song. Guitars as instruments do not have any buttons, but have strings that must be strummed in a particular way to create sound.	How is a guitar played? How is Guitar Hero played? Do the steps in #1 match those of #2?
921	San Antonio	City in Texas, United States	Did any citizen of San Antonio vote for Boris Johnson?	False	San Antonio is a city in Texas in the United States of America Boris Johnson is the Prime Minister of the UK Only UK and commonwealth citizens may vote in UK elections	Is San Antonio a city in the UK? Is Boris Johnson the Prime Minister of the UK? Are American citizens allowed to vote in the UK elections? Are #1 and #3 the same answer as #2?
922	Justin Bieber	Canadian singer-songwriter and actor	Will Justin Bieber take over Mike Pence's position in 2020?	False	Mike Pence is Vice President of the United States. The Vice President must be a US citizen. The Vice President must be at least 35 years of age. Justin Bieber is a Canadian citizen. Justin Bieber is 26 years old in 2020.	What is Mike Pence's present position? What is the age/nationality requirement to be a #1? What is Justin Bieber's age/nationality by 2020? Does #3 match #2?
923	Richard Wagner	German composer	Was Mozart accused of stealing from Richard Wagner?	False	Mozart died in 1791. Richard Wagner was born in 1813.	When did Mozart die? When was Richard Wagner born? Is #2 an earlier date than #1?
924	Hamburger	Sandwich consisting of buns, a patty, and some other fillings	Do seven McDonald's hamburgers exceed USDA recommended fat allowance?	False	The fat content of one McDonald's hamburgers is 10 grams. The USDA recommends between 44 and 77 grams of fat a day.	How much fat is in a McDonald's hamburger? What is #1 multiplied by 7? How many grams of fat per day does the USDA recommend for the average person? Is #2 greater than the maximum value of #3?
925	Sainsbury's	chain of supermarkets in the United Kingdom	Could you drive from New England to a Sainsbury's?	False	New England is located in the United States of America. The U.K and New England are separated by a large ocean.	What country is Sainsbury located on? What country is New England in? What separates #1 and #2? Can a car drive over #3?
926	Lieutenant	junior commissioned officer in many nations' armed forces	Can children become lieutenants?	True	Lieutenant the second junior-most or in some cases the junior-most commissioned officer in the armed forces, fire services, police, and other organizations of many nations. Many gangs use military rankings to describe their internal heirarchy. Many young children are inducted into gangs with heirarchies. Children can grow up to be whatever they want to be. 	What position in a hierarchical system does lieutenant imply? Would a gang use the system and assign children to #1 positions?
927	Cousin	any descendant of an ancestor's sibling	Could SNL be why Jenny McCarthy does not get along with her cousin?	True	Jenny McCarthy is cousin's with Melissa McCarthy. Melissa McCarthy and Jenny McCarthy are not close and Melissa did not even attend Jenny's wedding. Jenny McCarthy was spoofed in n episode of SNL (Saturday Night Live) for a rant she did on The View. Melissa McCarthy has been a frequent guest on SNL (Saturday Night Live) from 2011-2017. Melissa McCarthy was nominated five times for a Primetime Emmy Award for Outstanding Guest Actress in a Comedy Series for her appearances on SNL.	Who is Jenny McCarthy's cousin? What show has #1 been a frequent guest of? Was Jenny McCarthy made fun of on #2?
928	Winter	one of the Earth's four temperate seasons, occurring between autumn and spring	Would Phineas and Ferb enjoy winter?	False	Phineas and Ferb is a tv show that takes place in the summer time. Phineas and Ferb are students and they get summer break in the summer. They enjoy summer break because of the freetime they have. If it were winter, they would not have summer break.	What is Phineas and Ferb? What season does #1 take place during? Why do Phineas and Ferb enjoy #2? If it were winter, would Phineas and Ferb still have #3?
929	H	letter in the Latin alphabet	Is H's most common two letter pair partner a freebie in Wheel of Fortune bonus round?	True	H forms the most common two letter pair in the English language along with the letter T. The Wheel of Fortune bonus round gives the player six free letters: R, S, T, L, N, E.	What letter forms the most common two letter pair in English along with the letter H? What free letters does the Wheel of Fortune bonus round give players? Is #1 included in #2?
930	Curiosity (rover)	American robotic rover exploring the crater Gale on Mars	Can Curiosity take samples of rocks from Lacus Temporis?	False	Curiosity is a rover exploring Mars Lacus Temporis is located on the moon	Which planet is Curiosity on? Where is Lacus Temporis located? Is #1 the same as #2?
931	P. G. Wodehouse	English author	Would P. G. Wodehouse be taught in second grade?	False	Second graders are often aged seven or eight. The works of Wodehouse are intended for an adult audience.	How old are typical second graders? What age group is P. G. Wodehouse works intended for? Is there any overlap between #1 and #2?
932	Diamond	Allotrope of carbon often used as a gemstone and an abrasive	Is the title of Shirley Bassey's 1971 diamond song a true statement?	False	Shirley Bassey recorded the song Diamonds are Forever in 1971, Over time, diamonds degrade and turn into graphite. Graphite is the same chemical composition found in pencils.	What is the title to Shirley Bassey's 1971 diamond song? Do diamonds last for the time span in #1?
933	Potato	plant species producing the tuber used as a staple food	Can Tame Impala's studio band play a proper game of Hot Potato?	False	Hot Potato is a game in which two or more people toss a potato until the music stops. Tame Impala is a band with one member, multi-instrumentalist Kevin Parker.	How many studio members are in Tame Impala's band? What is the minimum number of people that can play hot potato? Is #1 greater than or equal to #2?
934	Alice's Adventures in Wonderland	book by Lewis Carroll	Is tobacco use made to seem enjoyable in Alice's Adventures in Wonderland?	True	In Alice's Adventures in Wonderland, one of the characters is a caterpillar that smokes hookah. Hookah is a water pipe used to smoke tobacco products. The caterpillar speaks to Alice while making letters out of the smoke he blows.	In Alice's Adventures in Wonderland, what is a caterpillar seen smoking? What do you use #1 to do? Does it seem like the caterpillar enjoys #2?
935	Cell (biology)	The basic structural and functional unit of all organisms; the smallest unit of life.	Can a cell fit inside of a shoebox?	True	The average shoebox is around 14 inches by 10 inches by 5 inches The average eukaryotic cell is between 1 and 100 micrometers in diameter	How big is a cell? How big is a shoebox? Is #1 smaller than #2?
936	U.S. Route 1	highway in the United States	Is US route 1 dominated by historically red states?	False	US route 1 is a highway in the US that spans 15 states. There are 5 historically red states along US Route 1. There are 10 historically blue states along US route 1.	"What states does US Rte. 1 pass through? How many states in #1 are historically ""red states""? How many states in #1 are historically ""blue states""? Is #2 greater than #3?"
937	Lactobacillus	genus of bacteria	Is overfeeding Lactobacillus unwise for people without dental insurance?	True	Lactobacillus species convert sugars they digest to lactic acid  The lactic acid of some Lactobacillus species is associated with tooth decay Dental procedures can be expensive without insurance	What are the products of Lactobacillus? What conditions are caused by #1? What medical procedures would be required to fix #2? Would #3 be more affordable with dental insurance?
938	Simon Cowell	English reality television judge, television producer and music executive	Can Simon Cowell vote for the next Supreme Court judge?	False	The Supreme Court is the highest court in the USA. Simon Cowell is a British talent competition judge. Members of the Supreme Court are appointed, rather than elected.	Who appoints US Supreme Court judges? Is Simon Cowell currently serving as #1?
939	Pikachu	Pokémon species and the mascot of the Pokémon franchise	Does Pikachu like Charles Darwin?	True	Charles Darwin developed the theory of evolution Pikachu is a Pokemon Pokemon rely on evolution in order to transform into stronger forms	How does a Pokemon improve upon itself?  What theory is Charles Darwin best known for? Is #1 and #2 related?
940	Nickel	Chemical element with atomic number 28	Is nickel a better payout than mercury if given a dollar per atomic number?	False	Nickel is a metallic substance with the chemical atomic number of 28. Mercury is a silvery liquid substance with a chemical number of 80.	What is nickel's atomic number? What is Mercury's atomic number? Is #1 greater than #2?
941	Duck	common name for many species in the bird family Anatidae	Would a duck ever need a Caesarean section?	False	A Caesarean section is a medical procedure in which surgery is performed to remove the baby from inside the mother. Ducks do not give live birth, they lay eggs.	Cesarean sections are only performed on animals that produce offspring via what method? What method do ducks use to produce offspring? Is #2 the same as #1?
942	Great Depression	20th-century worldwide economic depression	Could all the unemployed people due to 1933 Great Depression fit in Tiger Stadium?	False	There were approximately 15 million people unemployed in 1933 due to the Great Depression. In the 1930s Tiger Stadium had a capacity around 50,000.	How many people became unemployed due to 1933 Great Depression? What is the seating capacity of Tiger Stadium? Is #1 less than or equal to #2?
943	Mitsubishi	group of autonomous, Japanese multinational companies	Can Aerosmith fit in a 2020 Mitsubishi Outlander?	True	Aerosmith is an American rock band that has five active members. The 2020 Mitsubishi Outlander has flexible seating that allows for seven seat capacity.	How many people are members of the band Aerosmith? What is the searing capacity of the 2020 Mitsubishi Outlander? Is #2 greater than or equal to #1?
944	30th Street Station	United States historic place	Could all of the people who pass through 30th Street Station every day fit in Dorton Arena?	False	J. S. Dorton Arena is a 7,610-seat multi-purpose arena located in Raleigh, North Carolina. On an average day in fiscal 2013, about 12,000 people boarded or left trains at 30th Street.	How many people can sit in J. S. Dorton Arena? How many people passed through the 30th Street Station daily in 2013? Is #1 greater than or equal to #2?
945	Amazons	warrior women from Greek mythology	Did any of the amazons on Xena: Warrior Princess star on later shows?	True	"Xena"" Warrior Princess was a fantasy TV series based on Greek mythology. Amazons on Xena: Warrior Princess were played by numerous actresses including: Danielle Cormack and Melinda Clarke. Melinda Clarke starred in numerous TV shows after Xena: Warrior Princess including The O.C. and Nikita."	"Who played the roles of Amazons on Xena: Warrior Princess? Did Melinda Clarke do any other shows after Xena"" Warrior Princess? Is #2 listed in #1?"
946	General Motors	American automotive manufacturing company	Can you purchase General Motors products at a movie theater?	False	General Motors sells automobiles, automobile parts, and financial services Movie theaters sell movie tickets, snacks, and beverages	What kinds of products does General Motors sell? What kinds of products are sold in movie theaters? Are #1 the same as #2?
947	Chief executive officer	Highest-ranking corporate officer or administrator	Would a CEO typically clean the toilets in a company's building?	False	The CEO is the highest-ranking corporate position in an organization. Cleaning toilets is a job typically done by janitors or facility workers in a company.	What are the general duties of the CEO of an organization? Is cleaning the toilets of the company's building one of #1?
948	Lapidary	gemstone cutter	Was Dioskourides a lapidary?	True	A lapidary is a person or machine who cuts gemstones; classically, it refers to a person who engraves gemstones. Dioskourides put his signature on a Roman amethyst ringstone with a portrait of Demosthenes circa late 1st century BC. Artists sign their work.	What is a lapidary? What do #1's do once they finish their work? Did Dioskourides do #1 and #2?
949	Donatello	Italian painter and sculptor	Can an adult male stand on top Donatello's bronze David and touch the Sistine Chapel ceiling?	False	Donatello's created a bronze David statue that stands over five feet tall. The average height of an adult male is five feet and nine inches. The tallest adult male in history was eight feet and eleven inches. The Sistine Chapel ceiling is sixty eight feet high.	How tall is Donatello's bronze David statue? How tall is the tallest person to ever live? How tall is the Sistine Chapel ceiling? Is #1 plus #2 greater than or equal to #3?
950	Arab–Israeli conflict	geopolitical conflict in the Middle East and North Africa	Was England directly involved in the Arab-Israeli conflict?	True	The Arab-Israeli conflict began hundreds of years ago. England occupied what is now Israel until 1945 when Israel became independent. During Israel's war for independence England allied with their Arab neighbors to fight the Israeli rebels.	Which nation did Israel gain independence from? Which other nation did #1 ally with to resist Israeli rebels during the war for independence? Is #1 England and #2 Arab?
951	Quartz	mineral composed of silicon and oxygen atoms in a continuous framework of SiO₄ silicon–oxygen tetrahedra, with each oxygen being shared between two tetrahedra, giving an overall chemical formula of SiO₂	Could Quartz be useful to humans if plants died off and there was no oxygen?	True	Plants produce oxygen which is needed by humans to survive. Quartz is a hard mineral substance made of several elements. Quartz is composed of silicon and oxygen. Quartz can be melted at high temperatures.	What are the constituents elements of quartz? Is oxygen included in #1?
952	Alice's Adventures in Wonderland	book by Lewis Carroll	Did Alice's Adventures in Wonderland inspire Macbeth?	False	Alice's Adventures in Wonderland was published in 1865 Macbeth was first performed in 1606	When was Alice's Adventures in Wonderland first published? When was Macbeth first performed? Is #1 before #2?
953	United States Secretary of State	U.S. cabinet member and head of the U.S. State Department	Can United States Secretary of State do crimes in U.K. without being arrested?	True	Diplomatic Immunity allows for diplomats in other countries to not be tried for their transgressions. Countries that signed the Vienna Convention on Diplomatic Relations allow for Diplomatic Immunity. All UN member states besides Palau, The Solomon Islands, and South Sudan have signed the Vienna Convention on Diplomatic Relations treaty. The U.K. is one of the original UN member nations.	Under which agreement is modern diplomatic immunity applicable? Which countries have signed #1? Is the U.K. included in #2?
954	Asian black bear	species of mammal	Is the Asian black bear multicolored?	True	The Asian black bear is an animal that lives in habitats with trees. Multicolored refers to anything that is composed of more than one color. The Sian black bear has a black coat with a white V-shaped patch.	How many colors of fur does the asian black bear have? Is #1 greater than 1?
955	Wembley Arena	An indoor arena in Wembley, London	Can you see the moon in Wembley Arena?	False	Wembley Arena is an indoor arena. The moon is located in the sky.  You cannot see the sky if you are indoors.	What is Wembley Arena? Where is the moon located? Can you see #2 from #1?
956	5	Natural number	Does Homer Simpson need two hands worth of fingers to count to 5?	True	"Homer Simpson is a character of the long running comedy animated series ""The Simpsons"". All characters in ""The Simpsons"" have 4 fingers on each hand."	How many fingers does Homer Simpson have on each hand? Is #1 less than 5?
957	Swan Lake	Ballet by Pyotr Ilyich Tchaikovsky	Does open heart surgery finish before entirety of American Ballet Theatre's Swan Lake?	False	The American Ballet theatre's Swan Lake has a run time of 145 minutes. The National Heart, Lung, and Blood Institute states that a coronary artery bypass takes 3 to 6 hours	How long is a performance of Swan Lake? How long does it take to perform a coronary artery bypass? Is #1 longer than #2?
958	Lieutenant	junior commissioned officer in many nations' armed forces	Are pirate lieutenants like navy lieutenants?	True	Lieutenant Richards was a pirate that sailed alongside Blackbeard. Lieutenant RIchards had many duties and was placed in charge of the ship, Bonnet's Revenge. In the Royal Navy and Commonwealth navies, the second-in-command of a vessel is known as the first lieutenant. Royal Navy lieutenants are in charge of other crew members and have many duties.	What are the duties of a pirate lieutenant? What are the duties of a navy lieutenant? Is there significant overlap between #1 and #2?
959	Rand Paul	American politician, ophthalmologist, and United States Senator from Kentucky	Is Rand Paul guilty of catch-phrase used to attack John Kerry in 2004?	True	John Kerry was attacked by his opponents in the 2004 Presidential Campaign by being called a Flip-Flopper. A Flip-Flopper is someone that makes a complete change in policy from one thing to another. In May 2010 Rand Paul called for an electronic fence to keep out immigrants and deplored amnesty in any form. In 2013 Rand Paul said he was in favor of undocumented immigrants being granted  legal status.	What catch-phrase was used against John Kerry in 2004? What policy changes has Rand Paul expressed? Would #2 be considered #1?
960	Robert De Niro	American actor, director and producer	Does Robert De Niro use a microscope at work?	False	A microscope is a tool used by scientists. Robert De Niro works on movies and television shows, and he is not a scientist.	What general profession uses a microscope? What is Robert De Niro's profession? Is #1 the same as #2?
961	Uranium	Chemical element with atomic number 92	Would Gordon Ramsey use uranium as a seasoning?	False	Gordon Ramsey is a chef known for producing high quality food  Uranium is a toxic and weakly radioactive metal	What was Gordon Ramsay's major occupation? Is Uranium commonly used as seasoning by a #1?
962	Richard Dawkins	English ethologist, evolutionary biologist and author	Would Jacques Duèze have been friends with Richard Dawkins?	False	Jacques Duèze was later Pope John XXII. The Pope is the head of the Catholic Church, a Christian organization. Christianity is a religion. Richard Dawkins is a prominent critic of religion.	What is the occupation of Jacques Duèze? In what field or industry is #1? Is #2 a field or industry which Richard Dawkins supports?
963	Lorem ipsum	Placeholder text used in publishing and graphic design	Should a finished website have lorem ipsum paragraphs?	False	Lorem Ipsum paragraphs are meant to be temporary. Web designers always remove lorem ipsum paragraphs before launch.	What is a lorem ipsum paragraph?  Is #1 good to have on a website?
964	Robert Downey Jr.	American actor	Was Robert Downey Jr. a good role model as a young man?	False	As a young man, Robert Downey Jr. struggled with drug and alcohol addiction. Robert Downey Jr. shot a gun out of a car window while doing drugs as a young adult.	Did Robert Downey Jr. completely avoid dangerous, irresponsible behavior as a young adult?
965	Melania Trump	First Lady of the United States	Did Melania Trump have same profession as Olga Kurylenko?	True	Melania Trump is the first lady of the United States and was previously a model. Olga Kurylenko is a professional actress that also works as a model.	What professions has Melania Trump had? What professions has Olga Kurylenko had? Is at least one profession listed in #1 also found in #2?
966	BBC World Service	The BBC's international Chor radio station	Is the BBC World Service hosted in Europe?	True	The BBC World Service is part of the BBC network. The BBC operates in England. England is part of Europe.	Where is the BBC World Service located? Is #1 located in Europe?
967	Atheism	Absence of belief in the existence of deities	Was Mother Theresa a follower of atheism?	False	Mother Theresa was a Catholic nun. Atheism is the absence of belief in a diety. Catholics believe in the Holy Trinity, which is a representation of God.	What was Mother Teresa's religion? Can an adherent of #1 be regarded a follower of atheism?
968	EastEnders	British soap opera	Is it possible to binge entire EastEnders series without water?	False	British TV series EastEnders has over 6,000 episodes as of 2020. It would take approximately 125 days to binge watch the entire EastEnders TV series. A human can last only 4 days without water.	How many days can a human last without water? How many episodes are there in the EastEnders series? How many days would it take to binge watch #2 average-length episodes? Is #3 less than or equal to #1?
969	Telescope	Optical instrument that makes distant objects appear magnified	Would stargazers prefer binoculars over a telescope?	False	Depending on a stargazer's goal, the scope of view necessary can change.  Companies produce both telescopes and binoculars for stargazing. 	How does the scope of a stargazer's observation vary? Does #1 stay the same?
970	Psychic	person who claims to use extrasensory perception to identify information hidden from the normal senses	Would Carrie Poppy be likely to trust a psychic?	False	"Carrie Poppy is an American podcaster who is on a show called 'Oh No! Ross and Carrie."" ""Oh No Ross and Carrie"" is a show that critically examines religious claims and those of the supernatural. Carrie Poppy considers herself a skeptic and an investigative reporter."	What is Carrie Poppy's profession? What show is Carrie Poppy the #1 of? What is the main of #2? On #3, what stance does Carrie Poppy take as a reporter? Would someone who is #4 likely trust psychics?
971	François Mitterrand	21st President of the French Republic	Did Francois Mitterrand ever meet Barak Obama while they both held the position of President?	False	Mitterand was President of France from 1981 through 1995. Obama was President of the United States from 2009 to 2017	When was Mitterand's final year as President of France? When was Obama's first year as President of the United States? Is #2 before #1?
972	Jackson Pollock	American painter	Was Jackson Pollock trained by Leonardo da Vinci?	False	Leonardo lived during the Italian Renaissance in the 17th century. Jackson Pollock lived during the 20th century.	When did Leonardo da Vinci die? When was Jackson Pollock born? Is #2 before #1?
973	Beaver	Genus of mammals	Does the land in close proximity to beaver dams suffer?	True	Beaver dams often lead to flooding in the areas around them. Flooding can lead to loosening of the soil. Loosened soil can cause trees to fall over.  Flooding can lead to soil erosion.	What are the effects of beaver dams on surrounding lands? Are any of #1 significantly negative?
974	Mona Lisa	Painting by Leonardo da Vinci	Is the Mona Lisa in the same museum as the Venus de Milo?	True	The Mona Lisa is in the Louvre. The Venus de Milo is in the Louvre.	What museum stores the Mona Lisa? What museum stores the Venus de Milo? Is #1 the same as #2?
975	Will Ferrell	American actor, comedian, producer, writer and businessman	Would it be difficult for Will Ferrell to win Empire Award for Best Newcomer?	True	The Empire Award for Best Newcomer was awarded for an actor in their debut role. Will Ferrell debuted in 1995.	When do actors get to win the Empire Award for Best Newcomer? When did Will Ferrell participate in #1? Is #2 a long time ago?
976	Confederate States Army	Southern army in American Civil War	Did Confederate States Army influence West Point fashion?	True	"The Confederate States Army was clad in cadet gray uniforms. West Point uniforms are cadet gray and white. Confederate States Army uniforms contained Generally, the uniform jacket of the Confederate soldier was single breasted, made of gray or brown fabric, with a six to nine button front and hat.  West Point uniforms contain a standing collar, white trousers, and black shakos (known as a ""tarbucket hat"" in U.S. Army nomenclature)."	What were the main features of the Confederate States Army uniforms? What are the most notable features of West Point uniforms? Is there a significant overlap between #1 and #2?
977	Biologist	Scientist studying living organisms	Is it possible for biologist Rachel Carson to have flown to the moon?	False	Rachel Carlson died in 1964 The first humans landed on the moon in 1969	When did Rachel Carson die? When did humans first land on the moon? Is #2 before #1?
978	John Lennon	English singer and songwriter, founding member of the Beatles	Did Cynthia Powell celebrate a silver anniversary with John Lennon?	False	A silver anniversary takes place during the 25th year of marriage. Cynthia Powell married John Lennon in 1962. Cynthia Powell and John Lennon got divorced in 1968.	People have to be married for how many years for them to celebrate a silver anniversary? When did Cynthia Powell marry John Lennon? When Cynthia Powell divorce John Lennon? What is #3 minus #2? Is #4 greater than or equal to #1?
979	1980 United States presidential election	49th quadrennial presidential election in the United States	Can 1980 United States presidential election result be considered a photo finish?	False	A photo finish refers to a race or finish in which contestants are so close that a photograph of them as they cross the finish line has to be examined. Ronald Reagan had 489 electoral votes while Jimmy Carter had 49 in the 1980 United States presidential election. Ronald Reagan won 44 states while Jimmy Carter won 6 in the 1980 United States presidential election.	Who ran for the Democrats in the 1980 US presidential election? Who ran for the Republicans in the 1980 US presidential election? How many electoral votes did #1 receive? How many electoral votes did #2 receive? Is #3 close to #4?
980	Lenovo	Chinese multinational technology company	Could a monolingual American read Lenovo's native name?	False	Lenovo's native name is 联想集团有限公司. Someone who is monolingual only speaks one language. The typical monolingual American would only be able to read English. Someone who can only read English is therefore unable to read Chinese.	What is Lenovo's native name? What language is #1 in? What language does a monolingual American speak? Is #3 the same as #2?
981	Reproduction	Biological process by which new organisms are generated from one or more parent organisms	Would an environmentalist advocate for preventing domestic canine reproduction?	True	Domestic dogs are a large contributor to species depopulation and displacement. Domestic dogs have a diet that largely contributes to a harmful environmental impact. 	What do environmentalists try to protect? Do domestic dogs harm #1?
982	Othello	play by Shakespeare	Are there options for students who struggle to understand the writing style of Othello?	True	"""No Fear Shakespeare"" is a line of books that translate the language of original Shakespeare plays into modern English. Scripts can be understood more easily when read alongside a production of the play itself. ""No Fear Shakespeare"" features Othello in their book lineup."	What is the name of a line of books that translate the language of Shakespeare plays into modern English? Does #1 feature Othello in their book lineup?
983	French Defence	Chess opening	Would most grand masters know what the French Defense is?	True	Grand master is the highest title a chess player can get. The French Defense is a well known chess opening that is in many books.	What is the French Defence? What is a Grandmaster? Would #2 likely know what #1 is?
984	MF Doom	US-based English rapper and producer	Is MF Doom a Fantastic Four villain?	False	MF Doom is a British rapper raised on Long Island. Doctor Victor Von Doom is a fictional supervillain that made his debut in the Fantastic Four. The MF in MF Doom stands for Metal Face.	Which villains are featured in Fantastic Four? Is MF doom one of #1?
985	Snow White	fairy tale	Is Snow White an example of good consent?	False	Snow White is unknowingly poisoned by a witch. Snow White is unconscious when a man kisses her without her knowledge. Consent involves knowingly allowing something to happen to oneself. 	What conditions can prevent someone from giving consent? Was Snow White free of any of #1?
986	The Matrix	1999 science fiction action film directed by the Wachowskis	Will Gremlins sequels tie number of Matrix sequels?	True	The Matrix films had two sequels. Gremlins has one sequel, Gremlins 2: The New Batch. The script for a Gremlins 3 is being written by Carl Ellsworth.	How many sequels did The Matrix have? How many sequels did Gremlins have? How many Gremlins movies are currently being worked on? What is the sum of #2 and #3? Is #4 equal to #1?
987	Leipzig	Place in Saxony, Germany	Is the tree species that the name Leipzig refers to an evergeen tree?	False	"Leipzig is derived from the Slavic word Lipsk Lipsk means ""settlement where the linden trees stand"" Linden trees are deciduous trees"	Which species of tree is mentioned in the meaning of the name (of a city) Leipzig? Classifying by seasonal traits, what kind of tree is #1? Is being evergreen a characteristic of #2?
988	Bandy	ballgame on ice played using skates and sticks	Can Kate Gosselin's household fill out a Bandy team?	False	The game of Bandy includes 11 players on each team. Reality star Kate Gosselin has eight children.	How many players make up a Bandy team? How many people are in Kate Gosselin's household? Is #2 greater than or equal to #1?
989	People for the Ethical Treatment of Animals	American animal rights organization	Is Michael Vick on People for the Ethical Treatment of Animals's hypothetical blacklist?	True	People for the Ethical Treatment of Animals (PETA) is an animal rights organization that fights for the welfare of animals. A blacklist is a list of people that are unacceptable and should be avoided or excluded. Michael Vick is an ex-football player that spent 21 months in prison for his vicious dog fighting enterprise.	What do the People for the Ethical Treatment of Animals advocate for? What crime has Michael Vick done time for? Does #2 strongly violate #1?
990	Middle Ages	Period of European history from the 5th to the 15th century	Was dynamite used during Middle Ages warfare?	False	The Middle Ages ended with the Fall of Constantinople in 1453. Dynamite was invented by Swedish chemist Alfred Nobel in the 1870s.	When was dynamite invented? When did the Middle Ages warfare take place? Is #1 within or before #2?
991	Downton Abbey	British historical drama television series	Would Downton Abbey finale viewership defeat every Kazakhstan citizen in tug of war?	False	Downton Abbey's finale had a total of 9.6 million viewers. Kazakhstan has 18.7 million citizens as of 2020.	How many people watched Downton Abbey finale? How many people are Kazakh citizens? Is #1 greater than #2?
992	Roman numerals	Numbers in the Roman numeral system	Is MIX a word and a roman numeral?	True	"""Mix"" means to combine in english. M equals one thousand in roman numerals I equals one in roman numerals  I before X in roman numerals equals nine. MIX equals one thousand nine in roman numerals. "	What does Mix mean in english language? Is Mix a number in Roman numerals? Based on #1 and #2, is mix both a word and a roman numeral?
993	Little Women	1860s novel by Louisa May Alcott	Could Little Women have been a book read by veterans of the civil war?	True	Little Women was published in 1868. The civil war ended in 1865.	When was the book Little Women written? When did the civil war take place? Could adults as of #2 still be alive by #1?
994	Stoning	execution method	Will a celibate cleric likely suffer a stoning in Somalia?	False	A cleric is the term for a Muslim priest. Celibate people remain chaste and do not engage in relations with others. Stoning is a penalty in Somalia used to punish adulterers. Many Islamic militants have been in control of various parts of Somalia.	Which crime is punishable by stoning in Somalia? What relationship must a person guilty of #1 be in in order to be deemed guilty? Would a celibate cleric be involved in #2?
995	Gray whale	species of mammal	Would a Gray Whale fit easily in an above ground pool?	False	Gray whales are, on average, 39ft long. The average above ground pool is 10-33ft in diameter. 	What is the average size of an above ground pool? What is the size of average gray whale? Is #2 smaller than #1?
996	Lactobacillus	genus of bacteria	Do you need lactobacillus to make pickles?	False	"Lactobacillus is used in the production of fermented-style pickles.  ""Quick"" pickles are made with a mixture of brine and vinegar."	What are some common methods of making pickles? Is lactobacillus required for all of #1?
997	Holy Saturday	Saturday before Easter Sunday	Did Holy Saturday 2019 have special significance to pot smokers?	True	Holy Saturday 2019 took place on April 20th. April 20th, known as 4/20 day, National Pot Smokers Day, Weed Day or National Weed Day, is a holiday for pot smokers.	What date was Holy Saturday in 2019? What date is an unofficial holiday for pop smokers? Is #1 the same as #2?
998	Korea under Japanese rule	Japanese occupation of Korea from 1910–1945	Did people in Korea under Japanese Rule watch a lot of Iron Chef?	False	The first televisions were sold in 1946. Iron Chef started airing in 1993.	During what years was Korea under the rule of the Japanese? In what year did Iron Chef first appear on television? Did #1 occur after #2?
999	Soup	primarily liquid food	Is shoe soup innocuous?	True	Soup is a primarily liquid food containing various meats and beans. Director Werner Herzog lost a bet and cooked his shoe into a soup and ate it in 1980. Werner Herzog turned 77 in 2019 and had a role in the hit TV series the Mandalorian.	What film director ate shoe soup in the year 1980? Is #1 still alive?
1000	Swallow	family of birds	In a hypothetical race between a Swallow and an American Woodcock, would the Swallow win?	True	Swallow can fly about 30-40mph.  The American woodcock can fly approximately 5mph. 	How quickly can a swallow fly? How quickly can an American woodcock fly? Is #1 greater than #2?
1001	Sea turtle	superfamily of reptiles	Can a sea turtle play tennis using a tennis racket?	False	to play tennis, a human-like hand is needed to properly hold the tennis racket sea turtles have flippers and not human-like hands	What body part does one need to hold a tennis racket? Do turtles have #1?
1002	Marxism	Economic and sociopolitical worldview based on the works of Karl Marx	Are right wing Amreicans opposed to marxism?	True	Right Wing Americans view socialism as an enemy to civil liberties and the economy. Socialism is a tenant of Marxism, giving workers the means of the production.	What stance do most right-wing Americans take towards socialism? Is #1 against that which Marxists proposes on the subject?
1003	Confederate States Army	Southern army in American Civil War	Are there Americans still enlisted in the Confederate States Army?	False	The Confederate States Army disbanded in 1865. The last living confederate soldier died in 1951.	What is the present status of the Confederate States Army? Considering #1, can there still be anyone enlisted?
1004	Stone Cold Steve Austin	American professional wrestler	Can Stone Cold Steve Austin apply his finisher to a mule deer?	True	Steve Austin's finisher, The Stone Cold Stunner, involves lifting the opponent and then pulling their head down. The largest male mule deer's are around 330 pounds. Steve Austin has applied his finisher to the wrestler The Big Show. The Big Show weighs 383 pounds.	What activity is involved in Stone Cold Steve Austin's finisher? How much does a mule deer weigh? What was the weight of Stone Cold Steve Austin's largest opponent that he used #1 on? Is #2 less than or equal to #3?
1005	DC Comics	U.S. comic book publisher	Did President William Howard Taft read DC Comics?	False	DC Comics were founded in 1934. President William Howard Taft died on March 8, 1930.	When was DC Comics founded? When did President William Howard Taft die? Is #1 before #2?
1006	Reformation	Schism within the Christian Church in the 16th century	Did Barack Obama participate in the Reformation?	False	The Reformation took place in the 16th century.  Barack Obama was born in 1961.	When did the Reformation take place? When was Barack Obama born? Is #2 before #1?
1007	Seinfeld	American sitcom	Could you watch a new Seinfeld episode every day for a year?	False	There are 365 days in a year. There are a total of 180 Seinfeld episodes.	How many days are there in a year? How many Seinfeld episodes are there? Is #2 greater than or equal to #1?
1008	Al Pacino	American actor	Did Al Pacino act in a movie during World War II?	False	Al Pacino was born in 1940. World War II took place from 1939-1945. Al Pacino's first movie role was in 1969.	When did World War II end? When did Al Pacino first have a movie role? Is #2 before #1?
1009	Honey badger	species of mammal	Are honey badgers and hyenas anatomically dissimilar? 	False	Honey Badgers and Hyenas both have anal sacs. The anal sacs of Honey Badgers and Hyenas are both able to turn inside out.	What are the features of the anal sacs of the Honey Badgers? What are the features of the Hyenas' anal sacs? Is #1 anatomically dissimilar from #2?
1010	Martin Luther	Saxon priest, monk and theologian, seminal figure in Protestant Reformation	If Martin Luther did one theses a day would he run out in half a year?	True	Martin Luther published a list of 95 theses as his critique of the church. There are approximately 182 days in 6 months.	How many theses did Martin Luther publish in a list? How many days are in a year? What is #2 divided by 2? Is #1 less than #3?
1011	Antarctic Peninsula	peninsula	Would a 75 degree Fahrenheit day be unusual on the Antarctic Peninsula? 	True	The warmest days on record in the Antarctic Peninsula are in the high 50's.  On average, the Antarctic Peninsula is between -4 and 36 degrees Fahrenheit. 	What is the average temperature in the Antarctic Peninsula? Does 75 degrees Fahrenheit fall outside the range of #1?
1012	Napoleonic Wars	Series of early 19th century European wars	Did earth complete at least one orbit around the sun during the Napoleonic Wars?	True	Earth orbits around the Sun in 365 days. Napoleonic Wars lasted 12 years, 5 months and 4 weeks.	How long is the orbit of the earth around the sun? How long were the Napoleonic Wars? Is #2 greater than #1?
1013	Gujarati script	Indian script	Is the Gujarati script the same category of script as Kanji?	False	Gujarati script is an abugida script Kanji is an adopted logographic script 	What type of script is the Gujarati script? What type of script is Kanji? Is #1 the same as #2?
1014	Morris County, New Jersey	County in New Jersey	Was Morris County named after a chief justice?	True	The Morris County was named after Colonel Lewis Morris. Colonel Lewis Morris was the chief justice of New York.	Who was Morris County, New Jersey named after? Did #1 serve as a chief justice?
1015	Very Large Telescope	telescope in the Atacama Desert, Chile	Can the Very Large Telescope observe the largest mountain on Earth?	False	The Very Large Telescope observes outer space. The largest mountain on earth is underneath the ocean.	What area does the Very Large Telescope observe? Is the answer to #1 the same as earth?
1016	Dodo	Extinct large flightless pigeon from Mauritius	Would a Dodo hypothetically tower over Ma Petite?	True	A Dodo was an extinct bird that was over 3 feet tall. Ma Petite was a character on American Horror Story played by Jyoti Amge. Jyoti Amge is around 2 feet tall.	How tall were dodos? Who played the role of Ma Petite? How tall is #2? Is #1 greater than #3?
1017	World of Warcraft	video game by Blizzard Entertainment	Can you find Depala's race in World of Warcraft?	True	World of Warcraft has several races including humans, night elves, and dwarves. Depala is a character in the Magic the Gathering card game that is a dwarf.	What are the different races found in World of Warcraft? What race is Depala? Is #2 listed in #1?
1018	Klingon	Fictional species in Star Trek	Did Klingons appear in the movie The Last Jedi?	False	Klingons are a race in the fictional universe of Star Trek. The Last Jedi is a movie set in the fictional universe of Star Wars.	Which fictional universe do the Klingons exist in? Which fictional universe is The Last Jedi movie set in? Is #1 the same as #2?
1019	Sandal	Type of footwear with an open upper	If one of your feet is in a leg cast, should the other be in a sandal?	False	If you are using crutches, it is advised to have non-slip shoes with a closed toe. Most sandals do not have non-slip traction and, by definition, don't have closed toes.  If you are in a leg cast you are likely to be using crutches.	If you are in a leg cast, what are you likely using to help yourself walk? What kind of shoes do doctors recommend for you to wear if you are using #1? Do sandals fit the requirements of #2?
1020	Apollo 15	Fourth crewed mission to land on the Moon	Would a triples tandem bike support Apollo 15 crew?	True	A tandem bike has seats for more than one rider. A triples tandem bike has three seats and can support three riders. The crew of Apollo 15 consisted of three people.	How many people were on the Apollo 15 mission? How many people can ride a triple tandem bike? Is #2 at least #1?
1021	Spider wasp	family of insects	Would a spider wasp be more effective than a bullet ant to stop a criminal?	False	Tasers are used by police to jolt criminals and temporarily paralyze them. Spider wasps sting their prey and cause intense pain. The Schmidt sting pain index rates the sting of spider wasps as a 4. The sting of a bullet ant earns the highest rank on the Schmidt sting pain index with a rating of 4+.	What is the Schmidt sting pain index of the spider wasp's sting? What is the Schmidt sting pain index of the bullet ant's sting? Is #1 greater than #2?
1022	Library of Alexandria	one of the largest libraries in the ancient world, located in Alexandria, Egypt	Would Library of Alexandria need less shelf space than Library of Congress?	True	The Library of Alexandria was an ancient library that was destroyed. The Library of Alexandria is estimated to have had around 100,000 books. The Library of Congress has over 170 million items.	What is the number of books (and other materials) housed in the Library of Congress? What was the number of books (and other materials) housed in the Library of Alexandria? Is #2 less than #1?
1023	Cucumber	species of plant	Are all cucumbers the same texture?	False	Kirby cucumbers are known for being covered in bumps. English cucumbers are usually covered in ridges.	What texture do kirby cucumbers have? What texture do English cucumbers have? Is #1 the same as #2?
1024	Drain fly	family of insects	Do calico cat patterns cover every drain fly color variety?	False	Drain flies come in two color varieties, black and grey. Calico cats have a traditional color pattern that includes white, orange, and black.	What colors do drain flies come in? What colors are seen on calico cats? Is every element of #1 also in #2?
1025	Auburn, New York	City in New York, United States	Can you fit every resident of Auburn, New York, in Tropicana Field?	True	The capacity of Tropicana Field is 36,973 The population of Auburn, NY is 27,687	What is the capacity of Tropicana Field? What is the population of Auburn, NY? Is #1 greater than #2?
1026	Beaver	Genus of mammals	Would a Beaver's teeth rival that of a Smilodon?	False	A beaver has teeth measuring 25 mm on average. The Smilodon was a prehistoric saber-toothed tiger. The Smilodon's teeth were around 11 inches long.	How long is a beaver's tooth? How long was a Smilodon's tooth? Is #1 larger than #2?
1027	Albanian Declaration of Independence	declaration of independence	Can an Arvanite Greek understand some of the Albanian Declaration of Independence?	True	The Albanian Declaration of Independence is written in Albanian, Gheg, Tosk, and Ottoman Turkish. The Arvanite Greek's are a major Tosk speaking group of southern Albania.	What languages is the Albanian Declaration of Independence written in? What language do Arvanite Greeks speak? Is #2 in #1?
1028	Panthéon	mausoleum in Paris	Does Pantheon in Paris have a unique name?	False	The Pantheon in Paris is a historical monument. The Pantheon was a former Roman temple in antiquity. The Pantheon is a mythical or imaginary creature used in heraldry, particularly in Britain often depicted as white deer with the tail of a fox with purple stars along their back.	What is referred to as the Pantheon in Paris? What other concepts are named Pantheon? Is #1 differently-named from #2?
1029	1960	Year	Were there footprints on the moon in 1960?	False	The first man to walk on the moon was aboard Apollo 11. Apollo 11 took off in 1969.	When did humans first land on the moon? Is #1 before or in 1960?
1030	Darth Vader	fictional character in the Star Wars franchise	Was Darth Vader monogamous?	True	Monogamy refers to when a person is married or committed to only one person. Darth Vader was only married to Padme Amidala and had two children with her.	If someone is monogamous, how many people are they committed to? How many people was Darth Vader committed to? Does #2 equal #1?
1031	Methane	Simplest organic molecule with one carbon atom and four hydrogen	Is cow methane safer for environment than cars?	False	Methane is a gas that pollutes the environment and leads to shifts in temperature. Cars produce 2.7 tons of methane per year. Cows produce 4 tons of methane gas per year.	How much methane is produced by cars annually? How much methane is produced by cows annually? Is #2 less than #1?
1032	Paella	Valencian rice dish	Would a vegan eat a traditional Paella dish?	False	Vegans do not consume animals or products derived from animals. The traditional Paella recipe includes rabbit and chicken as two of the ingredients.	What kind of products are forbidden in a vegan diet? What are the main ingredients of Paella? Are all of #2 totally excluded from #1?
1033	B	letter in the Latin alphabet	Is B's place in alphabet same as Prince Harry's birth order?	True	B is the second letter of the alphabet. Prince Harry was the second son of Charles, Prince of Wales and Diana, Princess of Wales.	"What position in the alphabet does ""B"" hold? What is the nominal number associated with #1? Does Prince Harry have exactly #2 minus 1 older siblings?"
1034	Mark Twain	American author and humorist	Was Mark Twain a struggling inventor?	False	Twain patented three inventions. Twain created and sold over 25,000 self-pasting scrapbook creations. Twain invented an improvement in adjustable and detachable straps for garments to replace suspenders.	What did Mark Twain invent? How much of #1 did Mark Twain sell? Were the sales of #2 not enough to turn a profit?
1035	Al Capone	American gangster and businessman	Did Al Capone carry a smartphone?	False	Al Capone died in 1947. Smartphones were invented in 1992.	In what year did Al Capone die? What year was the first smartphone invented? Is #1 after #2?
1036	Water skiing	surface water sport	Is Morocco an ideal location for water skiing?	False	Water skiing is a sport that involves gliding over the surface of large bodies of water. Morocco is one of the leading countries plagued by drought.	What are the minimum requirements to engage in water skiing? Does Morocco have #1?
1037	New Brunswick	province in Canada	Can Burundi's communicate with citizens of New Brunswick?	True	French and English are the official languages of New Brunswick. French is one of the official languages of Burundi.	What are the official languages of New Brunswick, Canada? What are the official languages of Burundi? Are some elements of #2 also in #1?
1038	Michael Bloomberg	American billionaire businessman and politician, former mayor of New York City	Can Michael Bloomberg fund the debt of Micronesia for a decade?	True	Michael Bloomberg is worth an estimated 60 billion dollars as of 2020. Micronesia has annual expenses of nearly 200 million dollars.	What is Micheal Bloomberg's worth? What is the annual expense for Micronesia? Is #1 greater than #2?
1039	Reiki	Pseudoscientific healing technique	Would a physician be unlikely to recommend Reiki?	True	Physicians typically only recommend treatments that have a significant amount of clinical evidence behind them. Reiki has no clinical evidence of effectiveness, and there is no scientific basis for its utility.	What is the basis for physician's recommendations? Does Reiki have #1?
1040	Bengal fox	species of mammal	Could Ryan Crouser throw a bengal fox with ease?	True	Ryan Crouser is a professional shot putter who won the gold medal at the 2016 Olympics. The men's shot weighs 16.01 pounds. The typical weight of a Bengal fox is between 5 to 9 pounds.	What sport is Ryan Crouser a professional in? How much does the equipment for #1 weigh? How much does a Bengal fox weigh? Is #2 greater than #3?
1041	Paralympic Games	Major international sport event for people with disabilities	Would Jimmy Vee be eligible to compete in the Paralympic Games?	True	Jimmy Vee is a dwarf. Dwarfism is defined as someone who is medically short-statured. Short stature due to a bone deficiency is one of the categories for paralympic athletes.	What disability does Jimmy Vee suffer from? What is the medical definition of #1? Is #2 one of the categories for the paralympic athletes?
1042	Society	Social group involved in persistent social interaction	Can a jet plane be made without society?	False	A jet plane requires many materials to build. A jet plane requires much prior knowledge to build. The specialized knowledge and materials is not obtainable without other people.	What materials do jet planes require to be built? Is #1 obtainable without people?
1043	Tsar	title given to a male monarch in Russia, Bulgaria and Serbia	Would a duke hypothetically be subservient to a Tsar?	True	The Tsar was the highest ruler in several eastern countries. A duke was a title given to important european nobles. Dukes ranked below princes, kings, and queens. Tsars were the equivalents of English Kings.	What is the equivalent of a Tsar in English hierarchy/royalty? Do dukes rank below #1?
1044	Louvre	Art museum and Historic site in Paris, France	Is the Louvre in billionaire George Soros's price range?	False	The Louvre including all of its paintings has a value of around 45 billion. George Soros has a net worth around 8 billion as of 2020.	What is the estimated value of the Louvre? What is George Soros' estimated 2020 net worth? Is #2 greater than or equal to #1?
1045	Chinese calendar	Lunisolar calendar from China	Are quadrupeds represented on Chinese calendar?	True	Quadrupeds are animals that walk on four legs. The Chinese calendar has a number of symbols including monkeys, goats, and tigers. Tigers have four paws and balance themselves by walking on their toes.	What are the symbols of the Chinese calendar? What is the defining characteristic of quadrapeds? Do any of the animals in #1 have #2?
1046	Scottish people	ethnic inhabitants of Scotland	Are Scottish people descended from Mary, Queen of Scots part French?	True	Mary, Queen of Scots was Queen of Scotland in the 1500s. Mary, Queen of Scots was the daughter of Mary of Guise. Mary of Guise was born to a French nobleman, and her mother was French as well.	Who was the mother of Mary, Queen of Scots? Who were the parents of #1? Were #2 French?
1047	Eurovision Song Contest	Annual song competition held among the member countries of the European Broadcasting Union	Can actress Dafne Keen win the Eurovision Song Contest finals in 2020?	False	Contestants must be at least 16 years of age to compete in the finals of Eurovision Song Contest. Dafne Keen is 15 years old in 2020.	"What is the minimum age for constests on  ""Eurovision Song Contest""? How old is Dafne Keen? Is #2 greater than or equal to #1?"
1048	Amy Winehouse	English singer and songwriter	Was Amy Winehouse familiar with Brexit?	False	Amy Winehouse died in 2011. Brexit began in 2017.	When did Amy Winehouse die? When did Brexit begin? Did #2 occur before #1?
1049	Eleventh grade	educational year	Would a student in eleventh grade be unable to run for president of the United States?	True	Students in the eleventh grade are typically 16–17 years of age. To serve as president, one must be at least 35 years old.	What is the minimum age one must be to run for president? Would a typical eleventh grader be way younger than #1?
1050	Cauliflower	cauliflower plants (for the vegetable see Q23900272)	Would a cauliflower farmer prosper at a latitude of 75° N?	False	Cauliflower grows best between temperatures of 70 to 85 degrees The latitude of 75° N is in the Arctic	What country is at the latitude of 75° N? What is the average temperature of #1? What is the best temperature to grow cauliflower? Is there any overlap between #2 and #3?
1051	Jack Dempsey	American boxer	Did Jack Dempsey fight the current WBC heavyweight champion?	False	Jack Dempsey died in 1983 The current WBC heavyweight champion is Tyson Fury Tyson Fury was born in 1988	When did Jack Dempsey die? When was the current WBC heavyweight champion born? Is #2 before #1?
1052	Tank	Tracked heavy armored fighting vehicle	Could a cat ride Panzer VIII Maus tank missile from Barcelona to Madrid?	False	The Panzer VIII Maus tank missile had a range of around 2.2 miles. The distance from Barcelona to Madrid is 385 miles. Motion sickness is a common problem in cats.	What is the maximum range of a Panzer VIII Maus tank missile? What is the distance between Barcelona and Madrid? Is #1 greater than #2?
1053	Elizabeth I of England	Queen regnant of England and Ireland from 17 November 1558 until 24 March 1603	Did Elizabeth I of England own any viscose fiber?	False	Viscose is a rayon fiber invented in 1892. Elizabeth I of England died in the 1600s.	When did Elizabeth I die? When was viscose fiber invented? Is #2 before #1?
1054	Sternum	flat bone in the middle front part of the rib cage	Is sternum connected to any of the bones mentioned in James Weldon Johnson's Dem Bones?	True	Dem Bones is a spiritual song composed by James Weldon Johnson. The lyrics to Dem Bones mention the hip bone, back bone, and knee bone among others. The back bone is the spine, which is connected to the first 7 rib sets. The sternum, or breastbone, is a flat bone at the front center of the chest. The sternum and ribs are connected and make up the ribcage.	Which bones were mentioned in the spiritual song Dem Bones by James Weldon Johnson? Is the sternum connected to any of #1?
1055	Futurama	American animated sitcom for the Fox Broadcasting Company and Comedy Central	Has the creator of Futurama lived in multiple centuries?	True	The creator of Futurama is Matt Groening. Matt Groening was born in 1954. The 20th (twentieth) century was a century that began on January 1, 1901 and ended on December 31, 2000. The 21st (twenty-first) century began on January 1, 2001, and will end on December 31, 2100.	Who is the creator of Futurama? How old is #1? What is 2020 minus #2? When did the most recent new century begin? Is #4 between #3 and 2020?
1056	French Riviera	Riviera	Did Pink Floyd have a song about the French Riviera?	True	Pink Floyd included the song San Tropez on the album Meddle San Tropez, also known as Saint Tropez, is a town located on the French Riviera	What songs by Pink Floyd are named after towns in France? What are the names of the major towns in the French Riviera? Are any towns in #1 also in #2?
1057	Microsoft Excel	Spreadsheet editor, part of Microsoft Office	Is electricity necessary to balance an account in Microsoft Excel?	True	Microsoft Excel is a computer program Computers require a power source	Which devices can run Microsoft Excel software? Do all of #1 require electricity to work?
1058	Bucharest	Capital of Romania	Was historical Dracula from a town in Bucharest?	False	Vlad III Prince of Wallachia, also called Vlad the Impaler, is believed to be the historical inspiration for Dracula. Vlad III was born in Sighișoara, Romania, which is located in the historic region of Transylvania. Bucharest is located 276 km away from Transylvania.	What was Dracula's real name? Where was #1 born? What is the distance from #2 to Bucharest?
1059	Richard Wagner	German composer	Did Richard Wagner support the Nazis?	False	Richard Wagner died in 1883. The Nazi Party was established in 1919.	When did Richard Wagner die? When was the Nazi Party formed? Is #2 before #1?
1060	Goofy	Disney cartoon character	If Goofy were a pet, would he need heartworm prevention?	True	Goofy is an anthropomorphic dog character.  Dogs require regular heartworm prevention. 	What kind of animal is Goofy? Does a #1 require regular heartworm prevention?
1061	Alan Greenspan	13th Chairman of the Federal Reserve in the United States	Has Alan Greenspan lived through at least a baker's dozen of president's?	True	A baker's dozen refers to the number 13. Alan Greenspan was born in 1926 and turned 94 years old in March of 2020. There have been 16 different president's from 1926-2020.	When was Alan Greenspan born? What number is represented by a baker's dozen? How many US presidents have served since #1? Is #3 greater than or equal to #2?
1062	Bill Gates	American business magnate and philanthropist	Did Bill Gates achieve Latin honors?	False	Bill Gates left Harvard after two years. Latin honors are Latin phrases used in some colleges and universities to indicate the level of distinction with which an academic degree has been earned. You cannot earn an academic degree if you drop out of the program.	What are Latin honors used to describe in colleges and universitiies? What program must one complete to be awarded #1? Did Bill gates finish #2?
1063	Tsar	title given to a male monarch in Russia, Bulgaria and Serbia	Was the son of Tsar Nicholas a daredevil?	False	Tsar Nicholas had only one son, Alexei.  Alexei had hemophilia and had to be carefully guarded. Hemophilia is the inability for blood to form clots, making any small cut dangerous.	Who was the son of Tsar Nicholas? What did #1 suffer from medically? With #2, is one able to be injured?
1064	Judo	modern martial art, combat and Olympic sport	Does the judo rank system reach the triple digits?	False	A triple digit number would be equal to at least 100. The judo dan-rank system was capped at 10th dan after the death of judo's founder, Kanō Jigorō.	Was is the lowest three digit number? What is the highest rank a person can reach in Judo? Is #2 a higher number than #1?
1065	Greeks	people of southeastern Europe	Did Cleopatra have ethnicity closer to Egyptians than Greeks?	False	Cleopatra was the last ruler of the Kingdom of Egypt. Cleopatra was the descendant of Ptolemy I Soter, a Greek general from Macedonia. Cleopatra's father, Ptolemy XII Auletes, was most likely descended from an Alexandrian Greek mother. Cleopatra is believed to be mostly Greek with some Persian and Syrian ancestry as well.	Who was Cleopatra the daughter of? Was #1 descended from Egyptians?
1066	Soup	primarily liquid food	Can soup be eaten with the hands?	False	Soup is mostly liquid. Hands cannot hold liquid.	What state of matter is soup? Can your hands hold #1?
1067	Cooking	Preparing food for consumption with the use of heat	If your electric stove has a glass top, should you use cast iron skillets?	False	Cast iron skillets can scratch or crack flat top stoves. Glass top stoves are considered 'flat tops'.	What would cast iron skillets do to flat top serves? What kind of stove are glass top stoves? Would someone want their #2 to be #1?
1068	Woodrow Wilson	28th president of the United States	Did Woodrow Wilson consider Blacks to be equal members of society?	False	Woodrow Wilson supported the Ku Klux Klan. The Ku Klux Klan consider Blacks to be inferior. 	What group did Woodrow Wilson support? Did #1 consider Blacks to be equal members of society?
1069	Friday	day of the week	Would an astrologer focus on the densest terrestrial planet for a Friday horoscope?	True	Friday is associated with Venus in astrology Venus is the densest of the terrestrial planets 	What astrological body is associated with Friday? Which is the densest terrestrial planet? Is #2 the same as #1?
1070	Elizabeth II	Queen of the United Kingdom and the other Commonwealth realms	Was Elizabeth II the Queen during the Persian Gulf War?	True	Elizabeth II became Queen in 1952. The Persian Gulf War occurred 1990-1991.	When did Elizabeth II become the Queen? When was the Persian Gulf War? Was Elizabeth II alive in #2? Is #2 after #1? Are the answers to #3 and #4 both yes?
1071	Ocelot	Small wild cat	Could an ocelot outrun a kindergartner? 	True	An ocelot can run up to 61 kilometers per hour. Kindergartners are human children usually aged five to six years old. Human children under 10 are not likely to exceed 20 kilometers per hour.	How quickly can an ocelot run? How old is a kindergartner? How quickly can someone run at the age of #2? Is #1 greater than #3?
1072	Music	form of art using sound and silence	Can music be used as a weapon?	True	Music is an art form whose medium is sound. Music can help elevate or subdue emotions. People connect to music through the sound. The military uses loud music to cause psychological disorientation and confusion  The military calls the use of loud disorienting music part of psychological operations. 	In what ways does the military used music in operations? Is any of #1 as a weapon?
1073	United Nations Framework Convention on Climate Change	international treaty	Can the United Nations Framework Convention on Climate Change be held at the Javits Center?	False	The United Nations Framework Convention on Climate Change is an international treaty, not a physical meeting The Javits Center is a convention center in New York City	What kind of event is the United Nations Framework Convention on Climate Change? Does #1 have to meet at a convention centre?
1074	San Antonio	City in Texas, United States	Was San Antonio the site of a major battle in the 19th century?	True	The Alamo is located in San Antonio. The Alamo was the site of a major battle during the Texan Revolution against Mexico in 1836.	Where did the most notable battle during the Texas Revolution take place? Is #1 located in San Antonio in present day US? Did the Texas revolution happen during the 19th century? Are #2 and #3 positive?
1075	Higher education	Academic tertiary education, such as from colleges and universities	Did Emma Stone pursue a higher education?	False	Higher education, also called post-secondary education, third-level or tertiary education, is an optional final stage of formal learning that occurs after completion of secondary education. Stone attended Xavier College Preparatory‍—‌an all-girl Catholic high school‍—‌as a freshman, but dropped out after one semester to become an actress. Xavier College Preparatory is a Catholic, all-female private high school. High school is a secondary education school.	"What is the highest institution Emma Stone attended? Is #1 considered a ""higher education""?"
1076	Billionaire	person who has a net worth of at least one billion (1,000,000,000) units of a given currency	Is Cambodia too expensive for 2020 richest billionaire to own?	False	The richest billionaire in 2020 is Jeff Bezos. Jeff Bezos has an estimated worth of 145 billion dollars. GDP is a measure of how much the economy of a country is worth. Cambodia has an estimated GDP of 28 billion in 2020.	Who is currently the richest person alive? What is the net worth of #1? What is the GDP of Cambodia? Is #2 less than #3?
1077	Phobos (moon)	natural satellite of Mars	Would you have to wear a coat when on Phobos?	True	A coat is a garment used to keep a person warm. The surface temperatures on Phobos range from about −4 °C (25 °F) on the sunlit side to −112 °C (−170 °F) on the shadowed side.	What is the average temperature on Phobos? At what temperature would people need to start wearing coats to stay warm? Is #1 below #2?
1078	Amazon (company)	American electronic commerce and cloud computing company	Could one Amazon share ever buy twenty year Netflix subscription?	True	Amazon stock has reached as high as $2,500 a share as of June 2020. The basic Netflix subscription package costs $8.99 a month as of 2020.	What is the cost of a monthly Netflix subscription? How many months are there in a year? What is #2 multiplied by 20 and then multiplied by #1? What is the highest price Amazon stock has ever reached? Is #4 greater than #3?
1079	Mary, mother of Jesus	religious figure and mother of Jesus of Nazareth	Would Mary, mother of Jesus have hypothetically prayed to Artemis if she was Greek?	True	Mary, Mother of Jesus is known for being a virgin and giving birth to Christ. Artemis was the Greek goddess of the hunt, childbirth, and virgins.	What is Greek Artemis god of? What were the things Mary, mother of Jesus was well known for? Is any of #2 included in #1?
1080	Nikola Tesla	Serbian American inventor	Is there radiation where Nikola Tesla once worked?	True	Nikola Tesla built a facility called the Wardenclyffe Tower in Shoreham, New York Shoreham was the site of a nuclear power plant in the '70s and '80s	What facility did Nikola Tesla build? Where is #1 located? Did #2 use to be the site of a nuclear power plant?
1081	Moss	Division of plants	Is a beard is moss that grows on a human?	False	Moss is a type of non-vascular and flowerless plant. Moss typically grows in dark green clumps in damp and shady locations. A beard is facial hair that grows on the chin and cheeks of a human. Facial hair is not a plant. 	What is moss? What is a beard? Is #1 the same thing as #2?
1082	Pacific War	Theater of World War II fought in the Pacific and Asia	Did Archduke Franz Ferdinand of Austria participate in the Pacific War?	False	Archduke Franz Ferdinand of Austria was assassinated in 1914. The Pacific War took place between 1941 and 1945.	During what years did the Pacific War occur? When did Archduke Franz Ferdinand of Austria die? Did #2 occur after #1?
1083	The Doctor (Doctor Who)	fictional character from Doctor Who	Does The Doctor keep his ship in his childhood home?	False	The Doctor grew up on a planet called Gallifrey. The planet Gallifrey was destroyed in a time war. The Doctor's ship doesn't require docking.	Where is The Doctor's childhood home? Can The Doctor still visit #1?
1084	Marco Rubio	United States Senator from Florida	Does Marco Rubio have a close relationship with Allah?	False	Marco Rubio adheres to the religious sect of Christianity known as Catholicism. Catholics and other Christians worship God. Allah is worshiped by believers of Islam.	What is Marco Rubio's religion? Which deity does #1 worship? Is #2 Allah?
1085	Ethiopian cuisine	Culinary traditions of Ethiopia	Is shrimp prevalent in Ethiopian cuisine?	False	Ethiopian cuisine specializes in vegetables and spicy meat dishes. Ethiopia is a landlocked country without access to seas or oceans.	What kind of aquatic environments are shrimp caught in? Does the geography of Ethiopia include any of #1?
1086	Pancreas	A glandular organ that plays a role in the digestive and endocrine systems of vertebrates.	Can pancreas removal cause bankruptcy?	True	Pancreas removal is a medical procedure. Medical procedures are expensive in come countries.  Expensive procedures can cause debt. Debt can cause bankruptcy. 	What medical procedures are involved when a pancreas be removed? In what places are #1 sometimes directly paid for by the patient? Among any of #2, what consequences exist for medical debt? Is bankruptcy included in #3?
1087	Harlem Renaissance	African-American cultural movement in New York City in the 1920s	Could Al Capone have read works from the Harlem Renaissance?	True	The Harlem Renaissance occurred during the 1920s. Al Capone lived through the 1920s.	When was the Harlem Renaissance? Was Al Capone able to read during #1?
1088	Suburb	Human settlement that is part of or near to a larger city	Do suburbs encourage the use of cars?	True	Suburbs are generally built outside of walking distance from city centers. City centers contain jobs and stores. Suburb dwellers need to access jobs and stores to survive.	How far are suburbs usually situated from city centres? Is #1 usually greater than reasonable walking distance?
1089	Gandalf	Fictional character created by J. R. R. Tolkien	Is Gandalf hypothetically a formidable foe for Charmed's Barbas?	False	Gandalf was a wizard in the Hobbit and Lord of the Rings series. Gandalf used his staff to cast powerful spells. Barbas was a demon on Charmed that had resistance to magic.	In what way did Gandalf attack his enemies? Is Barbas from Charmed susceptible to #1?
1090	Moose	A genus of mammals belonging to the deer, muntjac, roe deer, reindeer, and moose family of ruminants	Would a moose hypothetically be too much for a minotaur to devour whole?	True	A minotaur was a mythological beast with the head of a bull and body of a human. Human stomachs process about three to four pounds of food a day. A moose can weigh up to 1500 pounds. Bulls can consume around 33 pounds of food a day.	What is the body structure of a minotaur? What kind of stomach do they have due to #1? What is the average weight of a moose? How much food weight can #2 process per day? Is #3 far greater than #4?
1091	Ahura Mazda	highest deity of Zoroastrianism	Can you worship Ahura Mazda at a mosque?	False	Ahura Mazda is a deity in Zoroastrianism A mosque is a place of worship for Muslims	Which religious group worships in a mosque? Does #1 believe in or worship Ahura Mazda?
1092	Spinal cord	long, thin, tubular structure made up of nervous tissue	Would a hedgehog avoid animals without a spinal cord?	False	A hedgehog has a wide ranging diet including birds, toads, slugs, and snails. Slugs are animals known as invertebrates because they have no backbones.	What animals do hedgehog mainly eats? Out of #1, do all animals have a spinal cord?
1093	Fraktur	Typeface	Does Fraktur have a sordid history?	True	Fraktur is a type of font that originated in Germany. Fraktur was used on official Nazi documents. Fraktur was used on the cover of Hitler's Mein Kampf.	What is Fraktur? Which group in Germany used #1 for their official documents? Did #2 have a sordid past?
1094	Andes	Mountain range in South America	Was the Peak of the Andes hidden from the view of the Colossus of Rhodes?	True	The highest point of the Andes is almost 23,000 feet high. The Colossus of Rhodes, a massive ancient statue, was around 108 feet tall. The Andes are located in South America. The Colossus of Rhodes was found in ancient Greece.	How high is the peak of the Andes? How high is the Colossus of Rhodes? Where are the Andes located? Where is the Colossus of Rhodes located? Is #1 higher than #2 and are #3 and #4 different countries?
1095	LG Electronics	South Korean multinational electronics company	Is LG Electronics located in a city with an official bird that has a purplish/blue tail?	True	LG Electronics is headquarted in Seoul. The official bird of Seoul is the Korean magpie. The Korean magpie has a purplish/blue colored tail.	Which city is LG Electronics headquarters located in? Which bird is officially associated with #1 Is the tail color of #2 purplish-blue?
1096	Naruto	Japanese manga and anime series	Could you watch Naruto and Puzzle Place on the same channel?	False	Puzzle Place aired on PBS between 1995 and 1998. Naruto aired on Cartoon Network in 2005.	What channel did Puzzle Place air on? What channel did Naruto air on? Is #1 the same as #2?
1097	Christopher Nolan	British–American film director, screenwriter, and producer	Could Christopher Nolan borrow pants from Danny Devito?	False	"Christopher Nolan is 6 feet tall. Danny Devito is 4'10"" tall. Pant sizes relate to height."	How tall is Christopher Nolan? What was Danny Devito's height? Does #1 match #2?
1098	Joker (character)	Fictional character in the DC Universe	Was the Joker an enemy of the Avengers?	False	The Joker is a DC Comics villain. The Avengers are a group of heroes from Marvel Comics. Being from different publishers, they do not meet.	Which world does the Joker exist in? The Avengers are from which universe? Is #1 the same as #2?
1099	Pea	species of plant	Will twenty pea pods contents cover entire chess board?	True	Pea pods on average have 5 to 6 peas inside. A standard chess board has 64 squares.	On average, how many peas do twenty pea pods contain? How many squares does a standard chess board have? Is #1 greater than #2?
1100	Grand Theft Auto III	Open world action-adventure video game	Would members of Blue Lives Matter support every element of Grand Theft Auto III?	False	Blue Lives Matter is a countermovement in the United States that supports police officers and law enforcement personnel. Grand Theft Auto III allows for gratuitous violence against police officers in the game.	Which action against cops are allowed in GTA III? What does the Blue Lives Matter movement advocate for? Is all of #1 in accordance with #2?
1101	Phobos (moon)	natural satellite of Mars	Is Phobos (moon) name origin similar to Roman god Pavor?	True	Phobos (moon) derives its name from ancient Greek mythology. Phobos was the god of fear. In Roman mythology, Pavor or Terror is known as the personification of fear.	What was Phobos (moon) named after? What is #1 referred to in Roman mythology? Is #2 the same as Pavor or Terror?
1102	Binary number	system that represents numeric values using two symbols; 0 and 1	Can binary numbers and standard alphabet satisfy criteria for a strong password?	False	The criteria for a strong password according to cybersecurity company Avast is: at least 15 characters. uppercase letters. lowercase letters. numbers. and symbols. The standard alphabet contains twenty six letters but no special characters. Binary numbers only contain 0 and 1.	Which characters make up binary numbers? Which characters make up the standard English alphabet Does #1 or #2 include special characters or symbols?
1103	Ice	water frozen into the solid state	Would a diet of ice eventually kill a person?	True	Humans can survive without water for four days. Ice can be melted into water, which consists of hydrogen and oxygen, using a simple cigarette lighter. Humans can survive without food for 30 to 40 days on average. Humans need carbohydrates, proteins, and fats that are contained in foods. Water does not contain fat, carbohydrates or protein.	Ice is the solid state of what? What nutrients are needed to sustain human life? Are most of #2 absent from #1?
1104	Quran	The central religious text of Islam	Would an adherent of Zoroastrianism consult the Quran for religious guidance?	False	The Quran is the central religious text of Islam Zoroastrianism is an ancient religion predating Islam by several centuries	Which religious group mainly uses the Quran for their consultation? Is Zoroastrianism closely related to #1?
1105	Joker (character)	Fictional character in the DC Universe	Is the Joker in a healthy romantic relationship?	False	Healthy relationships are characterized by mutual trust and respect. The Joker is dating Harley Quinn. The Joker frequently abuses and talks down to Harley.	Who is the Joker in a relationship with? Does the Joker respect #1? Is respect necessary in a healthy romantic relationship? Are #2 and #3 the same?
1106	Lighthouse of Alexandria	Ancient lighthouse in Egypt	Were Greeks essential to crafting Egyptian Lighthouse of Alexandria?	True	The Lighthouse of Alexandria was an impressive monument in Egypt. The Lighthouse of Alexandria was built by pharaoh Ptolemy II. Ptolemy II was the son of Ptolemy I Soter. Ptolemy I Soter was a Greek bodyguard of Alexander the Great and became pharaoh of Egypt.	Who built the Lighthouse of Alexandria? Who was #1's father? Was #2 Greek?
1107	J. D. Salinger	American writer	Did J. D. Salinger ever ask his father for a quinceañera?	False	A quinceañera is celebration of a girl's 15th birthday. J. D. Salinger was male. A quinceañera is a Hispanic tradition. J. D. Salinger was Jewish.	What gender is a quinceañera usually held for? What gender is J. D. Salinger? Is #1 the same as #2?
1108	Game engine	Software-development environment designed for building video games	Does a game engine have a fuel injector?	False	A game engine is the software used to develop video games  A fuel injector is part of an automotive engine	Which kind of engine uses a fuel injector? Is 'game engine' a kind of #1?
1109	Vitamin C	nutrient found in citrus fruits and other foods	Would drinking a glass of lemonade provide Vitamin C?	True	Lemonade is made from lemons, sugar, and water. Lemons are a citrus fruit. Citrus fruit is high in Vitamin C.	What are the ingredients of lemonade? Are any of #1 high in Vitamin C?
1110	Chevrolet Cruze	compact car marketed by GM from 2008-2019	Is Chinese successor to Chevrolet Cruze name a town far from Milan?	False	The Chinese successor to Chevrolet Cruze is the Chevrolet Monza. Monza is a city near the north of Milan.	What is the Chinese successor to Chevrolet Cruze? What is the city that #1 is named after? Is #2 located far from Milan?
1111	Tom Cruise	American actor and producer	Could Tom Cruise explain mental auditing?	True	Mental auditing is a practice within the church of Scientology. Tom Cruise is a long standing member of the church of Scientology and is high in the ranks.	What church practices mental auditing? Is Tom Cruise a member of #1?
1112	Mount Sharp	mountain on Mars	Are human footprints absent from Mount Sharp?	True	Mount Sharp is located on Mars. Human beings have not traveled to Mars. Human footprints could only be present if human feet touched down on Mount Sharp.	Where is Mount Sharp? What would produce a human footprint? Have #2 never traveled to #1?
1113	Apollo 15	Fourth crewed mission to land on the Moon	Did the crew of Apollo 15 take pictures of Mount Sharp?	False	Mount Sharp is a mountain on Mars. The crew of Apollo 15 landed on the Moon, not Mars. No humans have ever landed on Mars.	Where is Mount Sharp located Did the crew of Apollo 15 travel to #1 or a place very close to #1?
1114	Geometry	Branch of mathematics that studies the shape, size and position of objects	Do carpenters understand geometry?	True	Carpenters work in building and maintaining structures such as homes, buildings, and gazebos. In order to build a home, one must be able to follow the geometry in the blueprints. 	What kind of buildings/structures do carpenters help in constructing? Do #1 require knowledge of geometry to carry out?
1115	Iyer	caste of Hindu Brahmin communities of Tamil origin	Do people of the Iyer caste eat meat?	False	Iyer is a caste of Hindu Brahmin. Brahmin is the priest caste of Hinduism. Devout Hindus do not eat meat.  Priests of a religion are devout followers of that religion.	What caste is Iyer part of? What larger caste is #1 part of? Do people who follow #2 eat meat?
1116	Pottery	Craft of making objects from clay	Is a pottery kiln inappropriate for use with glass blowing?	False	Pottery kilns heat from the sides. Glass kilns heat from the top. Glass can be fused in a ceramic pottery kiln without trouble.	From what sides does a pottery kiln Heat? From what sides does a glass kiln heat? Is #1 listed in #2?
1117	Wednesday	Day of the week	Does New Year's Day always occur on a Wednesday?	False	New Year's Day occurs on January 1st each year. The day of the week any given date falls on rotates by one each year. If Leap Year wasn't breaking up the cycle, New Year's Day would be on a Wednesday every seventh year.	What is the date of New Year's Day? Does #1 occur on the same day each year?
1118	Swan	large water bird	Would WWF be angrier if you killed koala instead of black swan?	True	The WWF is an international organization that works for the preservation of animals. Black swans are designated as least concern species meaning they are not close to being endangered. Koalas are designated as  vulnerable to extinction—just a step above endangered.	What is the black swan's listing on the IUCN red list? How is the Koala listed on the IUCN red list? What does WWF represent? Considering #3, is #2 in more dire straits than #1?
1119	Tick	order of arachnids	Could a nymph tick pass through a standard hole punch?	True	A nymph tick is the size of a poppy seed. A poppy seed is around 1mm in size. The ISO 838 standards set a hole punch size at 6 mm.	What is a nymph tick comparable in size to? How big around is #1? What is the diameter of a standard hole punch? Is #3 greater than or equal to #2?
1120	Twin	One of two offspring produced in the same pregnancy. Use with P31 on items for one twin	Are twins always born during the same year?	False	Some twins are born right before the New Year, and right after the New Year. There are some twins, implanted through IVF, who are born decades apart.	What external fertilization processes can result in twins? What process can split embryo twins from #1? What process is used to preserve embryos from #1? Is it impossible to apply #2 and #3 to embryo twins created from #1?
1121	Pain	type of unpleasant feeling	Does acupuncture cause pain in many people?	False	Acupuncture doesn't usually feel painful for most people. The needles used in acupuncture are very thin and do not go very deep into the skin.	What kind of instruments are used during acupuncture? Are #1 likely to be painful for most people?
1122	Clouded leopard	species of mammal found from the Himalayan foothills through mainland Southeast Asia into China	Would a clouded leopard encounter an awake pangolin?	True	Pangolins and clouded leopards have an overlap of ranges Pangolins are nocturnal Clouded leopards are nocturnal	What is the range of the clouded leopard? What time of day is the clouded leopard active? What is the range of the pangolin? What time of day is the pangolin active? Do #1 and #3 overlap while #2 and #4 overlap?
1123	Alligator	Genus of large reptiles	Would a crocodile survive longer in Great Salt Lake than alligator?	True	The Great Salt Lake is a Utah lake composed of salt water. Crocodiles natural habitat is salt water and they can breathe underwater for hours. Alligators have a natural habitat of fresh water.	What kind of water habitat is the Great Salt Lake? Which water habitats are crocodiles adapted to survive in? Which water habitats are alligators adapted to survive in? Is #1 included in #2 and excluded from #3?
1124	Art dealer	person that buys and sells works of art	Can an art dealer buy Boeing 737-800 with a Da Vinci painting?	True	The Boeing 737-800 plane costs 106 million dollars in 2019. Salvator Mundi, a painting attributed to Leonardo Da Vinci, is the most expensive painting ever sold. Salvator Mundi sold for over 450 million dollars.	How much does a  Boeing 737-800 cost? How much did Da Vinci's highest priced painting sell for? Is #2 more than #1?
1125	The Who	English rock band	Did The Who have to cancel tours due to World War II?	False	The Who was formed in 1964 World War II ended in 1945	When was The Who formed? In what year did World War II end? Is #1 before #2?
1126	Numerology	any study of the purported divine, mystical or other special relationship between a number and some coinciding observed (or perceived) events	Has numerology helped shape hotel layouts?	True	Numerology is the study of numbers and how they relate to events. Numbers such as 3 and 7 hold biblical significance. Numbers such as 6 and 13 are said to be unlucky. The thirteenth floor is a designation of a level of a multi-level building that is often omitted in countries where the number 13 is considered unlucky. Many hotels do not have thirteenth floors because of the enduring superstition.	What numbers are often considered unlucky? What number is usually omitted in numbering hotel floors? Is #2 part of #1?
1127	Operation Barbarossa	1941 German invasion of the Soviet Union during the Second World War	Did Operation Barbarossa or Barbarossa's last expedition succeed?	False	Operation Barbarossa was the Nazi advance on Russia during World War II. Operation Barbarossa was a failure that resulted in Nazi Germany being pushed back by a Soviet counter offensive. Operation Barbarossa was named after Holy Roman Emperor Frederick Barbarossa. On his final expedition, Frederick Barbarossa drowned while leading an army to help the Crusaders during the Third Crusade. The Crusaders failed to recapture Jerusalem during the Third Crusade without the support of Barbarossa and his troops.	What was the objective of Operation Barbarossa? What was the goal of the final expedition of Frederick Barbarossa? Did #1 and #2 succeed?
1128	Anchovy	Family of fishes	Are anchovies associated with Italian food?	True	Pizza is an Italian food. Anchovies are occasionally used as a pizza topping.	What food item are anchovies sometimes eaten with? Is #1 an Italian food?
1129	Onion	vegetable	Can chemicals in onion help create a thermonuclear bomb?	True	A thermonuclear bomb, also called a hydrogen bomb, uses hydrogen under high temperatures to create an explosive reaction. While chopping onions, cells inside the onion are broken and the gas that comes out forms sulfenic acid. Sulfenic acid is composed of several elements including hydrogen.	What elements are used in a thermonuclear bomb? When onions are chopped what gas is released? What elements are found in #2? Is #1 a subset of #3?
1130	Snowboarding	winter sport	Would it be difficult to snowboard on Venus?	True	Snowboarding involves descending a snow-covered slope while standing on a snowboard. Snow is formed by the freezing of water. Water has a freezing point of 32°F. Venus has a mean surface temperature of 737 K (464 °C; 867 °F).	What kind of surface is suitable for snowboarding? What temperature range facilitates the formation of #1? What is the average surface temperature on Venus? Is #3 within #2?
1131	Pope Alexander VI	Pope of the Catholic Church 1492–1503	Were any of despised Pope Alexander VI's descendants canonized?	True	Pope Alexander the VI was a controversial pope born as Rodrigo Borgia. Rodrigo Borgia had several children including the despised Juan Borgia who was murdered in 1497. Juan Borgia's grandson, Francis Borgia, was a Jesuit priest and the third Superior General of the Society of Jesus. Canonization is the process by which the Catholic Church names someone a saint. Francis Borgia was named a Catholic saint in June 1670.	What dynastic house was Pope Alexander VI a member of? Were any members of #1 canonized? Was #2 a direct descendent of Alexander VI?
1132	Saturn	Sixth planet from the Sun in the Solar System	Is Saturn named after king of gods in Greek mythology?	False	Saturn, the sixth planet from the sun is named after the Roman god Saturn. The Roman god Saturn is derived from its Greek equivalent, Kronos. The king of the gods in Greek mythology was Zeus. Kronos was Zeus's father, and was the leader of the Titans.	Who were the king of the gods in Greek mythology? Which god was the planet Saturn named after? Is #2 the same as any of #1?
1133	Abortion	Intentionally ending pregnancy	Is there any absolute way to prevent abortion?	False	In areas where professional medical abortions are illegal, women get unsafe illegal abortions from unlicensed practitioners.  Women have successfully aborted their own children through physical or chemical means for centuries.	In places where medical abortions are illegal, are women absolutely unable to get abortions?
1134	Charles Manson	American criminal, cult leader	Did any killer Manson band members were named for exceed Charles Manson's kills?	True	Many of the members of the band Marilyn Manson combined the names of a model or actress with a serial killer. Marilyn Manson band memberTwiggy Ramirez took his name from model Twiggy and serial killer Richard Ramirez. Richard Ramirez was charged with 13 counts of murder. Charles Manson was charged with 9 counts of murder.	What serial killers were members of the Manson band named after? How many counts of murder was Charles Manson charged with? Were the murder charges of any of #1 greater than #2?
1135	Brewing	production of beer	Should Peter Griffin be an expert at the craft of brewing?	True	Peter Griffin is an employee of a brewery in Quahog.  Peter has worked at the brewery for many years and is expected to be familiar with how beer is made.	Where does Peter Griffin work? Is #1 a brewery?
1136	James Brown	American singer, songwriter, producer and bandleader from South Carolina	Could James Brown's ex-wives hold a doubles game of tennis?	True	James Brown had four ex-wives Doubles tennis requires two players per team, with two teams playing against each other	How many people are required for tennis doubles? How many ex-wives did James Brown have? Is #2 greater than or equal to #1?
1137	Mount Sharp	mountain on Mars	Do bald eagles nest on Mount Sharp?	False	Bald eagles are birds found on earth Mount Sharp is a mountain on Mars To date, no life forms have been detected on Mars	Where is Mount Sharp located? Has any form of life ever been discovered on #1?
1138	Reality	Sum or aggregate of all that is real or existent	Could Plato have agreed with the beliefs of Jainism?	True	One principle of reality in Jainism is karma, or asrava. Jainism began around 500 B.C. Plato was born around 428 B.C., so he was alive while Jainism existed. Plato believed in karma and reincarnation.	What are the major beliefs in Jainism? What were Plato's major beliefs? When did Jainism begin? When was Plato born? Is there an overlap between #1 and #2, and is #4 more recent than #3?
1139	Wolverine	Species of the family Mustelidae	Would a Wolverine and a Lynx be hard to tell apart?	False	Wolverines have rounded ears and a bear-like appearance. Lynxes have a feline body with pointed ears.	What are the physical characteristics of wolverines? What are the physical characteristics of lynxes? Is there any significant overlap between #1 and #2?
1140	Water skiing	surface water sport	Can you go water skiing on Venus?	False	Water skiing requires sufficient area on a smooth stretch of water, one or two skis, a tow boat with tow rope, two or three people, and a personal flotation device. Venus has a mean surface temperature of 863 °F. There may have been substantial quantities of liquid water on the surface of Venus at one point, but after a period of 600 million to several billion years, a runaway greenhouse effect was caused by the evaporation of that original water.	What is the basic requirement for water skiing? Is #1 present on Venus in sufficient quantities?
1141	2008 Summer Olympics	Games of the XXIX Olympiad, held in Beijing in 2008	Could you drive a Rowe 550 to the 2008 Summer Olympics?	True	The Rowe 550 was a car produced by the Chinese SAIC motor company. The Rowe 550 debuted at the 2007 Shanghai Auto Show. The 2008 Beijing Summer Olympics happened in the Capital of the People's Republic of China.	When was the Roewe 550 launched? Did the 2008 Summer Olympics hold before or during #1?
1142	Eagle	large carnivore bird	Can shooting bald eagle get a person more prison time than Michael Vick?	True	Michael Vick spent 21 months in prison for an illegal dog fighting ring. Shooting a bald eagle carries a penalty of up to two years in prison for a second conviction.	How long of a penalty is it for shooting a bald eagle? How many months did Michael Vick serve in prison? Is #1 longer than #2?
1143	Amy Winehouse	English singer and songwriter	Was Amy Winehouse a fan of Star Wars: Rogue One?	False	Amy Winehouse died in 2011. Star Wars: Rogue One was released in 2016.	When did Amy Winehouse die? When was Star Wars: Rogue One released? Is #1 after #2?
1144	Popular science	Interpretation of science intended for a general audience	"Is ""A Tale of Two Cities"" a popular science novel?"	False	"""A Tale of Two Cities"" is a historical fiction novel. Popular science books focus on scientific facts presented to a mainstream audience. Fiction is not fact."	What genre is the novel 'A Tale of Two Cities' classified as? Is #1 based on scientific facts?
1145	Western honey bee	Species of insect	Would Topa Inca Yupanqui have encountered the western honey bee?	False	Topa Inca Yupanqui was an Inca ruler in the 15th century Western honey bees were first introduced to the Americas in the 16th century	When century was Topa Inca Yupanqui alive? When were western honey bees first introduced to The Americas Was #1 before #2?
1146	Middle Ages	Period of European history from the 5th to the 15th century	Did eggs need to be kept cold in the middle ages?	False	When eggs are freshly laid, they are covered in a film called a 'bloom.'  Eggs with their bloom intact are able to stay at room temperature for one month. Pasteurization destroys the bloom on eggs.  Pasteurization was introduced in the 1990's.	What naturally protects eggs from spoiling? What process removes #1 from eggs? Did #2 exist during the Middle Ages?
1147	Ginger	Species of plant	Could the Port of Baltimore handle the entire world's cargo production of ginger each year?	True	In 2018, the world production of ginger was 2.8 million tons. The Port of Baltimore handles about 2.8 million tons of cargo per fiscal quarter.  A fiscal quarter is shorter than a year.	How much cargo does the Port of Baltimore handle each fiscal quarter? How much ginger cargo is produced each year? Is #1 greater than or equal to #2?
1148	Cream	Dairy product	Does store bought milk have cream at the top?	False	When milk is non-homogenized, the cream will separate and rise to the top. Most store bought milk is homogenized. 	"What processes does store-bought milk go through? What are the characteristics of milk that is treated with #1? Is ""cream on the top"" a characteristic listed in #2?"
1149	Watermelon	A large fruit with a smooth hard rind, of the gourd family	Are more watermelons grown in Brazil than Antarctica?	True	Watermelons are plants grown in climates from tropical to temperate, needing temperatures higher than about 25 °C (77 °F) to thrive. The climate of Antarctica is the coldest on Earth. The climate of Brazil comprises a wide range of weather conditions across a large area and varied topography, but most of the country is tropical.	Which climate is suitable for the cultivation of watermelon? What are the prevalent climatic conditions in Brazil? What are the prevalent climatic conditions in Antarctica? Is #2 more similar to #1 than #3?
1150	The Tonight Show Starring Jimmy Fallon	American late-night talk show	On August 20, 2020,  does The Tonight Show Starring Jimmy Fallon air after moonset EST?	True	On August 20th, The Tonight Show Starring Jimmy Fallon airs at 11:35PM On August 20th, the moon on the east coast of the USA will set around 9PM	The Tonight Show Starring Jimmy Fallon airs at 11:35 p.m. ET/PT. On August 20th, the moon on the east coast of the USA  set 9PM Does #1 occur after #2?
1151	Paparazzi	profession	Were paparazzi directly responsible for the death of Amy Winehouse?	False	Amy Winehouse died at home and was found in her home by her bodyguard. Amy Winehouse's cause of death was alcohol poisoning. 	What was the cause of Amy Winehouse's death? Did paparazzi have a direct involvement in #1?
1152	Alexander Graham Bell	scientist and inventor known for his work on the telephone	Did the phone Alexander Graham Bell use have call waiting?	False	Call waiting was invented in the 1970's to allow phone users to suspend one call to accept another. Alexander Graham Bell's phone was used in 1876.	When was call waiting service introduced? When was Alexander Graham Bell's phone used? Is #1 before #2?
1153	Zoology	Study of the animal kingdom	Is zoology unconcerned with strigoi?	True	Zoology is the study of the behavior and classification of animals. Strigoi are spirits that can transform into animals in Romanian mythology. Zoology is based on science and fossils.	What does the study of zoology entail? What kind of creatures are the strigoi? Is #2 unrelated to #1
1154	Kidney	internal organ in most animals, including vertebrates and some invertebrates	Is it safe to eat kidney?	True	"Traditional British cuisine includes ""Kidney Pie"", or ""Steak and Kidney Pie"". Kidney Pie contains kidney."	What are the various kinds of meat safe for human consumption? Is kidney included in #1?
1155	Gorillaz	British virtual band	Has Gorillaz creator been in more bands than Bernard Sumner?	True	Gorillaz was created by Damon Albarn. Damon Albarn has been in five bands: Gorillaz, Blur, The Good, the Bad & the Queen, Elastica, and DRC Music. Bernard Sumner has been in three bands: New Order, Joy Division, and Electronic, Bad Lieutenant.	Who was the primary creator of Gorillaz? How many bands has #1 been a member of? How many bands has Bernard Sumner been a member of? Is #2 greater than #3?
1156	Snoopy	cartoon dog	Is Jesse W. Moore a potential recipient of a Snoopy-themed award from NASA?	False	Snoopy has been a mascot of safety in NASA The Silver Snoopy award is given by NASA astronauts to employees and contractors for outstanding achievements related to flight safety  Jesse W. Moore received warnings about the failure history of the O rings used on the Challenger shuttle, but did not act on them Jesse W. Moore was the associate administrator in charge of NASA's shuttle program at the time of the Challenger explosion The O rings were strongly implicated in the fatal explosion	What NASA award is Snoopy-themed? What are the qualifications to receive #1? What were Jesse W. Moore's mission responsibilities at NASA? Did Moore execute #3 according to the guidelines of #2?
1157	The Hague	City and municipality in South Holland, Netherlands	Does Abdulqawi Yusuf go to the Hague on a typical work day?	True	Abdulqawi Yusuf is the current president of the International Court of Justice The International Court of Justice is headquartered in The Hague	What organization does Abdulqawi Yusuf's work for? Where is #1 headquartered?
1158	Snow White	fairy tale	Are Disney's seven dwarves the original ones?	False	In the original fairy tale, the dwarves were unnamed, but first named in a 1912 stage version: Blick, Flick, Glick, Snick, Plick, Whick, and Quee. In Disney's version, the dwarves are named Happy, Sleepy, Sneezy, Grumpy, Dopey, Bashful, and Doc.	What were the original names of the seven dwarfs? What are the names of the seven dwarfs in Disney films? Is #1 identical to #2?
1159	Guam	Island territory of the United States of America	Does Guam have a state capital?	False	Guam is not a state. Only states can have a state capital.	Is Guam a country or state? Does #1 have state capitals?
1160	Heracles	divine hero in Greek mythology, son of Zeus and Alcmene	Did Heracles famous labors exceed a baker's dozen?	False	Heracles had twelve labors he was tasked with such as cleaning the Augean stables and killing the nine-headed Lernaean Hydra. A baker's dozen is a term used in cooking that refers to 13 of anything.	How many labors was Heracles made to carry out? How many is a baker's dozen? Is #1 greater than #2?
1161	Honey badger	species of mammal	Would a honey badger fit inside an oven?	True	 Adult honey badgers measure 23 to 28 cm (9.1 to 11.0 in) in shoulder height and 55–77 cm (22–30 in) in body length, with the tail adding another 12–30 cm (4.7–11.8 in). Thirty-inch ovens are the standard for most homes and most kitchens. The inside dimensions of the oven are approximately 25 inches wide and 16 inches high. The oven will be approximately 16 inches deep. 	What is the average dimmension of a honey badger? What are the dimensions of an average oven? Is #1 less than #2?
1162	Great Wall of China	wall along the historical northern borders of China	Could the Great Wall of China connect the Dodgers to the White Sox?	True	The Dodgers are a baseball team located in Los Angeles The White Sox are a baseball team located in Chicago The distance between Los Angeles and Chicago is 2,015 miles The length of the main section of the Great Wall of China is 2,145 miles	Where are the Dodgers located? Where are the White Sox located? What is the distance between #1 and #2? How long is The Great Wall of China? Is #4 larger than #3?
1163	Halloween	Holiday celebrated October 31	If a baby was born on Halloween would they be a Scorpio?	True	Halloween is a holiday where people dress up and happens on October 31 each year. The zodiac sign of Scorpio encompasses the dates from October 23 to November 22.	On what date does Halloween occur each year? What dates are included in the Zodiac sign of Scorpio? Does #1 fall in the date span listed in #2?
1164	Bottlenose dolphin	genus of dolphin	Can bottlenose dolphins hypothetically outbreed human women?	False	Bottlenose dolphins have a gestation period of 12 months. Human women have a gestation period around 9 months.	What is the gestation period of bottlenose dolphins? What is the gestation period of humans? Is #1 lower than #2?
1165	Johnny Carson	American talk show host and comedian	Did Johnny Carson win enough Emmy's to fill a carton if Emmy's were eggs?	False	There are 12 eggs in a carton. Johnny Carson won 6 Emmys. 6 is less than 12.	How many eggs can fit in a standard egg carton? How many Emmy Awards did Johnny Carson win? Is #2 greater than or equal to #1?
1166	Mercedes-Benz	automobile brand of Daimler AG	Was Mercedes-Benz associated with the Nazis?	True	During the 1930s, Mercedes-Benz produced the 770 model. The 770 was popular with Nazis, and Adolf Hitler used them as his personal vehicle.	Which Mercedes-Benz model was made during the 1930s? Was #1 popular among the Nazis?
1167	Buzz Aldrin	American astronaut; second person to walk on the Moon	Could Buzz Aldrin have owned a computer?	True	Buzz Aldrin was born in 1930 and is still alive in 2020.  Home computers were first available for sale in 1977. 	When were personal computers made available to the public? When was Buzz Aldrin born? Is #2 well before #1?
1168	Force	Any action that tends to maintain or alter the motion of an object	Can a cheetah generate enough force to topple Big Show?	True	Big Show is a professional wrestler that weighs 383 pounds. Force is equal to mass times acceleration. An adult Cheetah weighs around 160 pounds. An adult Cheetah can run up to 58 MPH.	How much does Big Show weigh? How much does a cheetah weigh? How fast can a cheetah run? Is the force produced by a mass of #2 and a speed of #3 enough to knock over something that weighs #1?
1169	Elijah	Biblical prophet	Is Elijah part of a Jewish holiday?	True	The Jewish holiday Passover involves a traditional ceremonial dinner. During the ceremony, it is customary to fill an extra cup with wine and put it at the center of the table. The door is then opened so the prophet Elijah can visit.	How is Elijah venerated according to Jewish custom? Does #1 include venerating Elijah at a holiday?
1170	J. Edgar Hoover	American law enforcement officer and first director of the FBI	Did J. Edgar Hoover take his calls in Langley, Virginia?	False	J. Edgar Hoover was the director of the FBI The FBI is headquartered in Washington, D.C. Langley, Virginia is the headquarters of the C.I.A.	What government agency was J. Edgar Hoover the head of? Where are the headquarters of #1? Is #2 in Langley, Virginia?
1171	Kangaroo	сommon name of family of marsupials	Does a kangaroo incubate its offspring?	False	Incubation is the process of hatching offspring from eggs Kangaroos are mammals Mammals give birth to live offspring	Incubation is required for what method of embryonic development? What infraclass do kangaroos belong to? What method of embryonic development do #2 employ? Is #1 the same as #3?
1172	Basil	species of plant	Is basil safe from Hypervitaminosis D?	True	Hypervitaminosis D is a rare disease caused by having too much vitamin D. Basil contains many vitamins including Vitamin A, B, C, E, and K.	Hypervitaminosis D is caused by eating too much of what vitamin? Does basil contain #1? Is it safe to avoid #1 by eating #2?
1173	Garfield	Comic strip created by Jim Davis	Is Garfield known for hating italian cuisine?	False	Garfield is well known for loving lasagna. Lasagna is a traditional Italian dish.	What food is Garfield known for loving? What country does #1 come from? Is #2 where Italian cuisine comes from?
1174	Northern Mariana Islands	American-dependent insular area in the western Pacific	Is Mark Cuban able to visit Northern Mariana Islands without a passport?	True	Citizens of the United States can visit Northern Mariana Islands without a passport. Mark Cuban is an American citizen.	Citizens of what countries can visit the Northern Mariana Islands without a passport? What country is Mark Cuban a citizen of? Is #2 included in #1?
1175	Hydropower	energy derived from falling or running water	Is chaff produced by hydropower?	True	Chaff is excess material from milled grain. Some mills use hydropower to mill grain.	Where does Chaff come from? Do some #1's use hydropower to do it's function?
1176	Apollo 13	A failed crewed mission to land on the Moon	Were deaths from Apollo 13 mission eclipsed by other space missions?	True	Apollo 13 was a failed Moon landing in which the crew had faulty oxygen resources. All of the Apollo 13 crew returned safely to earth. The Challenger was a space shuttle that malfunctioned, killing all seven passengers. The Space Shuttle Columbia disaster had seven casualties.	How many astronauts died on the Apollo 13 mission? How many astronauts died during the launch of the Challenger space shuttle? How many astronauts died aboard the Columbia space shuttle? Are #2 and #3 both greater than #1?
1177	Final Fantasy VI	1994 video game	Is Final Fantasy VI closer to beginning than end of its franchise?	True	Final Fantasy VI is the sixth entry into the Final Fantasy series of video games. There are 15 total games in the main Final Fantasy series of video games as of 2020.	How many releases have been made in the Final Fantasy franchise? Final Fantasy VI comes in what position in the series? What is the absolute difference between #1 and the cardinal value of #2? What is the absolute difference between 1 and the cardinal value of #2? Is #3 greater than #4?
1178	Secretary	occupation	Is Tange Sazen hypothetically an ideal choice for a secretary job?	False	Secretaries are required to type and also read copious amounts of notes. Tange Sazen is a one-eyed, one-armed swordsman in Japanese literature.	What physical characteristics is Tange Sazen known to have? What type of skill is secretary supposed to have? Would it be easy to do #2 when having #1?
1179	Paulo Coelho	Brazilian lyricist and novelist	Does Paulo Coelho's wife make a living through speech?	False	Paulo Coelho's wife is Christina Oiticica. Christina Oiticica is a Brazilian artist. Artists make a living through drawing things, which is done by their hands. Speech is typically performed with one's mouth.	Who is Paulo Coelho's wife? What does #1 do for a living? What body part does she use to do #2? What body part do singers use to produce their craft? Is #3 the same as #4?
1180	Charles Manson	American criminal, cult leader	Has Don King killed more people than Charles Manson did with his own hands in 1971?	True	Charles Manson is famous for a series of murders in 1971. Charles Manson's cult was responsible for seven deaths in 1971 but he was not present during the murders. Boxing promoter Don King has been charged with killing two people in incidents 13 years apart and settled out of court..	How many people did Charles Manson actually kill? Don King has been charged with killing how many people? Is #2 larger than #1?
1181	Sea turtle	superfamily of reptiles	Are sea turtles enjoying life during quarantine?	True	Sea turtles nest on beaches Quarantine due to COVID has resulted in far fewer people using beaches More sea turtles have been able to nest and reproduce on beaches during quarantine	"What elements comprise ""enjoying life"" for a sea turtle? Where do the elements in #1 occur? How prevalent were humans in the areas in #2 pre-Covid-19? In the areas in #2, are humans less prevalent now than in #3?"
1182	Big Ben	Bell within the clock tower at the Palace of Westminster in London, England	Can a blind person tell time by Big Ben?	True	Big Ben is a striking clock A blind person can hear the time the bell tolls	What type of clock is Big Ben? How does #1 indicate a new hour? Can a blind person hear #2?
1183	Tom and Jerry	Hanna Barbera cartoon series	Are Tom and Jerry featured in a ride at Disneyland?	False	Tom and Jerry were created by Hanna-Barbera and are currently owned by Warner Bros. and Turner Entertainment Disneyland is a theme park which features characters owned by the Walt Disney Company	What company made Tom and Jerry? What company owns Disneyland? Are #1 and #2 the same?
1184	Emulator	system that emulates a real system such that the behavior closely resembles the behavior of the real system	Would downloading Mario 64 on an emulator be legal?	False	Mario 64 is licenced to Nintendo Entertainment. Nintendo holds a copyright on all of their Mario games.	What company is Mario 64 licensed to? What does #1 hold on Mario 64? Is it legal to download Mario 64 if it is #2?
1185	Johnny Carson	American talk show host and comedian	Could Johnny Carson's children fill out a water polo team?	False	Johnny Carson had 3 children. Water polo teams consist of 7 players.	How many children does Johnny Carson have? How many people are needed to fill out a water polo team? Is #1 greater than or equal to #2?
1186	Fear	Basic emotion induced by a perceived threat	Could someone in a coma experience fear?	False	Fear is induced when an individual feels threatened by something or someone. A person in a coma is unconscious and therefore cannot perceive their surroundings.	What kind of feeling is fear? Can a person in a coma experience #1?
1187	Alan Rickman	British actor	Do many fans of J.K Rowling know who Alan Rickman is?	True	J.K Rowling wrote the Harry Potter series. Alan Rickman performed the role of Severus Snape throughout all 8 Harry Potter films.	What is JK Rowling most famous for? What characters has actor Alan Rickman played? What characters appear in #1? Is at least one character from #2 also listed in #3?
1188	Month	unit of time	Are months based on the solar cycle?	False	The solar cycle is measured by the year: the length of one orbit, as well as by day: the length of one of Earth's rotation about its axis. However, months are based on the lunar cycle, how the shadow of the Earth on the moon causes it to appear to grow and shrink and change shape over the course of four weeks.	What units of time depend on solar cycles? Is months one of #1?
1189	Billionaire	person who has a net worth of at least one billion (1,000,000,000) units of a given currency	Would a 900,000 pound net worth person be an American billionaire if they exchange currency June 2020?	True	The exchange rate in June of 2020 between dollars and pounds is 1 Euro= 1.23 dollar. 900000 pounds is equal to about 1,107,000.00	What is the minimum amount one must have to be called a billionaire? As of  June 2020, how many dollars make a pound? Is #2 times 900000 at least equal to #1?
1190	Missionary	member of a religious group sent into an area to do evangelism	Is there a popular Broadway character who is a missionary?	True	The Book of Mormon is a popular Broadway musical. The two main characters are Elder Price and Elder Cunningham. They are Mormon missionaries sent to Africa to share their religion with the villagers.	"Who are the two main characters in the popular Broadway musical ""Book of Mormon""? Are #1 missionaries?"
1191	Reiki	Pseudoscientific healing technique	Would somebody leave reiki with bruises?	False	Bruises are caused by blunt trauma to the body. Reiki is performed without touching the recipient. 	What are the processes involved in Reiki? Does any of #1 involve physical contact with the body?
1192	Tower of London	A historic castle on the north bank of the River Thames in central London	Would Robert Stack have been interested in Tower of London during 1400s for his 14 season show?	True	Robert Stack was an actor best known for Unsolved Mysteries which lasted for 14 seasons before being rebooted by Netflix. The Tower of London is a historic building in London. Unsolved Mysteries explored unexplained phenomenon and mysterious events. The heirs of Edward IV mysteriously vanished from the Tower of London in the 1400s and were presumed muredered.	What is the defining feature of Robert Stack's 14 season show? What events happened at the Tower of London in the 1400's? Do any of the events in #2 have the characteristic in #1?
1193	Almond	Species of plant	Would a stool be useful for a Lusotitan to reach the top of an almond tree?	False	Almond trees can grow up to 10 meters high The Lusotitan adult was over 10 meters high	How tall would a typical almond tree grow to be? How tall was the typical Lusotitan adult? Is #1 larger than #2?
1194	Lifeboat (rescue)	boat rescue craft which is used to attend a vessel in distress	Can a lifeboat rescue people in the Hooke Sea?	False	Lifeboats are used on bodies of liquid water The Hooke Sea is a geographical feature on the surface of Mars There are no bodies of liquid water on Mars	What environment are lifeboats used in? Where is the Hooke Sea? Is there #1 on #2?
1195	Tony Bennett	American singer	Could ancient Tony Bennett have a baby in 2020?	True	Tony Bennett is a legendary singer who will turn 94 years old in August 2020. Ramjit Raghav, the oldest man to have a baby, had his first child at age 94. Ramjit Raghav had his second child at age 96.	How old was Tony Bennett in 2020? How old was the oldest man to father a child? Is #1 less than #2?
1196	Eagle	large carnivore bird	Are eagles and young bears both used as labels for skills-training youth groups?	True	A young bear is a cub. Boy Scouts is a skill-training youth group that includes divisions such as Cub Scouts and Eagle Scouts	What is the name of a young bear? What is a popular skill training group for boys?  Are #1 and eagles names for groups in #2?
1197	Nerd	Descriptive term, often used pejoratively, indicating that a person is overly intellectual, obsessive, or socially impaired	Do movies always show nerds as the losers?	False	Superbad features two main characters that are nerds on a quest for love, and ends with them being victorious. The Social Network is a film about a University Nerd who took his website global and became one of the most powerful people in the world.	How did the quests of the nerds in Superbad turn out at the end? How did the project of the nerd in Social Network turn out at the end? Was #1 or #2 a negative outcome for the nerds?
1198	HIV	Human retrovirus, cause of AIDS	Is it safe to share silverware with an HIV positive person?	True	HIV is transmitted through blood and mucous membrane contact, not saliva. Silverware is used in the mouth and contacts saliva but not other bodily fluids. 	How is HIV transmitted? What comes in contact with silverware when you use it? Is there any overlap between #1 and #2?
1199	Brussels sprout	vegetable	Would many meals heavy in brussels sprouts benefit someone on Coumadin?	False	Brussels sprouts are high in vitamin K Eating lots of foods high in vitamin K is potentially harmful to people taking anticoagulants  Coumadin is an anticoagulant 	In which class of drugs is Coumadin in? Which nutrients are people taking #1 cautioned against getting too much of? Are Brussels sprouts low in #2?
1200	Baptism	Christian rite of admission and adoption, almost invariably with the use of water	Can Immersion Baptism lead to a death like Jeff Buckley's?	True	Immersion Baptism is the practice of submerging people underwater for a religious ritual. Jeff Buckley was an acclaimed singer that died of drowning in 1997. A baby in Moldova died from Immersion Baptism in 2010.	How did Jeff Buckley die? How is immersion baptism performed? Are the circumstances surrounding #1 similar to that of #2?
1201	Fiat Chrysler Automobiles	Multinational automotive manufacturing conglomerate	Is Fiat Chrysler associated with Japanese cars?	False	Fiat Chrysler is composed of the two merged automobile companies Fiat and Chrysler. Fiat is an Italian company with headquarters in Amsterdam. Chrysler is based in the United States of America. Together they own 10 car brands but none are Asian in origin.	Which companies merged to form Fiat Chrysler? Is any of #1 based in Japan Which cars have been produced by Fiat Chrysler? Is any of #3 Japanese in origin? Is #2 or #4 positive?
1202	The Great Gatsby	1925 novel by F. Scott Fitzgerald	When Hugh Jackman was a teacher, would he have taught The Great Gatsby?	False	The Great Gatsby is often taught in high school English classes.  Hugh Jackman worked as a school gym teacher before he was an actor.	What classes did Hugh Jackman teach? In what classes is The Great Gatsby taught? Are any of the classes listed in #1 also listed in #2?
1203	Arnold Schwarzenegger	Austrian-American actor, businessman, bodybuilder and politician	Would Arnold Schwarzenegger be unable to run for President of the US?	True	Arnold Schwarzenegger was born in Austria. One requirement of running for the US Presidency is to have been born in the USA.	Where was Arnold Schwarzenegger born? Is #1 in the US?
1204	Capsaicin	chemical compound	Is capsaicin associated with cooking?	True	Capsaicin occurs naturally in chilies and other peppers. It is the substance that makes the peppers spicy. Peppers are routinely used in cooking in many cultures.	What is capsaicin a highly active component of? Is #1 used in cooking? 
1205	Bartender	person who serves usually alcoholic beverages behind the bar in a licensed establishment	Does a person need a college degree to become a bartender?	False	College degrees require at least 2 years of study to obtain. Bartender training generally takes 40 hours.	How much hours of training does it take to become a bartender? How many years does it take to get the lowest college degree? Is #2 less than #1?
1206	German Shepherd	Dog breed	Would a German Shepherd be welcome in an airport?	True	Airports in the US must be compliant with the ADA allowing for service dogs as medical equipment. Police security often use dogs like German Shepherds to search for drugs at airports. Some airlines have special travel accommodations for dogs.	What measures are used to provide security in airports? Which of #1 involve the use of animals? Are German Shepherds used as #2?
1207	Underworld	The mythic Relm of the Dead, located far underground (aka, Hades; Underworld)	Would Hades and Osiris hypothetically compete for real estate in the Underworld?	True	Hades was the Greek god of death and the Underworld. Osiris was the Egyptian god of the Underworld.	What was Hades the God of? What was Osiris the God of? Is there any overlap between #1 and #2?
1208	Mathematician	person with an extensive knowledge of mathematics	Would Hodor hypothetically be a good math mathematician?	False	Mathematicians are expert students of mathematics. Hodor was a dimwitted giant of a man that served House Stark in Game of Thrones. Hodor worked in the stables and could only utter the only word he ever said was his own name. Mathematicians frequently publish articles on theories and need to be able to read and write.	How proficient is Hodor at reading/writing and general intelligence? What skills would be required to be good at math? Could #1 satisfy #2?
1209	Moustache	Facial hair grown on the upper lip	Would a Rockette look odd with a moustache? 	True	The Rockettes are an American dance group made up of all women. In America, it is uncommon to see a woman with a moustache.	What groups of people make up the Rockettes? Would #1 look odd with a moustache?
1210	Audi	Automotive manufacturing subsidiary of Volkswagen Group	Is sound barrier too much for Audi R8 V-10 Plus to break?	True	Audi R8 V-10 Plus is the fastest car produced by Audi. The Audi R8 V-10 Plus has a top speed of 205 MPH. To break the sound barrier, a jet must reach a speed of 770 MPH.	What is the top speed of an Audi R8 V-10 Plus? What speed must be obtained to break the sound barrier? Is #2 greater than #1?
1211	Kanji	adopted logographic Chinese characters used in the modern Japanese writing system	Can printing books in kanji instead of the Roman alphabet save trees?	True	The Kanji writing system uses less space to communicate ideas than an alphabet system. Trees are killed to make pages for books.	What type of writing system is kanji? Does #1 take up less space than an alphabet?
1212	Chinchilla	Rodent genus	Is a Chinchilla breed of felis catus a type of rodent?	False	A Chinchilla is a rodent native to the Andes mountains. Felis catus is the scientific name for a cat. The Chinchilla breed of cats is named for its plush coat which shares similarities to the Chinchilla. The Chinchilla cat is really a variant of the Persian breed of cats.	Which species are named felis catus? What is the most notable feature of the Chinchilla? Are Chinchilla breed of #1 so named because they have #2? Given that #3 is positive, does that make #1 rodents?
1213	Watermelon	A large fruit with a smooth hard rind, of the gourd family	Is watermelon safe for people with a tricarboxylic acid allergy?	True	Tricarboxylic acid as an acid that manifests itself in fruits as citric acid. Citric acid can be found in citrus fruits such as oranges and lemon. Watermelon is not a citrus fruit.	What is the most common example of a tricarboxylic acid? Which kind of fruits is #1 usually present in? Is watermelon excluded from #2?
1214	Dalai Lama	Tibetan Buddhist spiritual teacher	Can the Dalai Lama fit in a car?	True	The Dalai Lama is a person. Cars are designed for people to sit in them.	What type of being is the Dalai Lama? Who are cars designed for? Is #1 the same as #2?
1215	Vulcan (mythology)	Ancient Roman god of fire, volcanoes, and metalworking	Does the Roman god Vulcan have a Greek equivalent?	True	Vulcan is the Roman god of fire and metalworking. Hephaestus is the Greek god of fire and metalworking. They are the same mythological figure, one of many characters the Romans borrowed from the Greeks and changed their names.	What is the Roman god Vulcan god of? Is there a god of #1 in Greek mythology?
1216	Christians	people who adhere to Christianity	Does Hammurabi's Code violate Christians Golden Rule?	True	The Golden Rule of Christianity states to do unto others as you would want them to do to you. Hammurabi's Code states an eye for an eye and a tooth for a tooth.	What is the golden rule in Christianity?  What does the Code of Hammurabi state? Is #1 the same meaning as #2?
1217	"Chicago ""L"""	rapid transit system in Chicago, Illinois, operated by the CTA	"Would the fastest tortoise win a race against a Chicago ""L""?"	False	"Top speed of  Chicago ""L"" is 55 mph (89 km/h). The Guinness Book of World Records maintains the record for fastest tortoise: the tortoise ran at an average speed of 0.63 miles per hour."	"What is the top speed of a Chicago ""L""? What is the top speed of a tortoise? Is #2 greater than #1?"
1218	Unicode	Character encoding standard	Did Malcolm X use Unicode?	False	Malcolm X died in 1965.  Unicode did not become a standard until 1991. 	When did Malcolm X die? When was Unicode established? Is #2 before #1?
1219	Jukebox musical	stage or film musical compiled from pre-existing songs	Is there a jukebox musical about a sweet transvestite from Transexual, Transylvania?	False	Jukebox musicals feature songs that have already been released. Rocky Horror Picture Show is about a sweet transvestite from Transexual, Transylvania Rocky Horror Picture Show contains songs written specifically for itself	What is characteristic of songs in a jukebox musical? What musical is about a sweet transvestite from Transexual, Transylvania? Does #2 contain #1?
1220	Cactus	Family of mostly succulent plants, adapted to dry environments	Would an aerodynamic cactus benefit from more frequently closed stomata?	True	Cactus spines help the plant retain water by reducing air flow around the plant Aerodynamic objects have smooth surfaces  Crassulacean acid metabolism is used by cactuses  Crassulacean acid metabolism is when a plant's stomata stay closed during daylight or times of drought to prevent water loss	What helps cacti conserve water? Of #1, what methods do not involve protrusions that might restrict air flow? Are closed stoma one of #2?
1221	Drummer	percussionist who creates and accompanies music using drums	Do drummers need spare strings?	False	Drummers usually work with guitarists or other stringed instrumentalists. However, drum sets do not contain strings. Musicians usually change their own strings as necessary, so it is their band mates, not the drummer, who carries the spare strings.	What instruments require strings in order to be played? What instrument do drummers play? Is there any overlap between #2 and #1?
1222	Parsifal	opera in three acts by Richard Wagner	Was the subject of Parsifal taken from British folklore?	True	Parsifal was loosely based on a poem about Percival Percival was a Knight of the Round Table King Arthur and the Knights of the Round Table were products of British folklore	What was the opera 'Parsifal' based on? Who is the main character in #1? Which group is #2 part of? Did #3 originate from British folklore?
1223	Parsley	species of plant, herb	Is it normal to find parsley in multiple sections of the grocery store?	True	Parsley is available in both fresh and dry forms. Fresh parsley must be kept cool. Dry parsley is a shelf stable product.	What forms of parsley are consumed? What areas of the grocery store carry each of #1? Does #2 include places separate from one another?
1224	Guam	Island territory of the United States of America	Was Raphael's paintings influenced by the country of Guam?	False	Raphael was a European painter that died in 1520. Magellan's 1521 voyage was Europe's first trip to Guam.	When did the painter Raphael die? When did Europeans first visit Guam? Was #1 after #2?
1225	Dosa	Thin pancakes originating from South India	Would someone on a keto diet be able to eat Dosa?	False	Dosa's main ingredients are rice and black gram, The ketogenic diet is a high-fat, adequate-protein, low-carbohydrate diet. Rice is high in carbohydrates.	Which food nutrients are minimally consumed in a keto diet? Which food nutrients does Dosa promarily contain? Is #2 excluded from #1?
1226	Kayak	small boat propelled with a double-bladed paddle	Are kayaks used at the summit of Mount Everest?	True	Kayaks are used to transport people in water. The summit of Mount Everest has no running water.	What are kayaks typically used on? Does the summit of Mount Everest have any #1?
1227	Orange County, California	County in California, United States	Does Orange County, California require airplanes to be quiet?	True	John Wayne Airport is in Orange County. John Wayne Airport is in very close proximity to residential areas. There is a General Aviation Noise Ordinance in Orange County, California.  Commercial pilots will cut the engine of the aircraft on arrival and departure from Orange County, California. 	Which ordinance must airports within or close to Orange County, California abide by? What actions do commercial pilots take concerning their engine noise when arriving or departing Orange County, California? Does #1 and #2 require that their airplanes make less noise?
1228	Lullaby	soothing song, usually sung to young children before they go to sleep	Is an inappropriate lullaby Love Song from November 11, 2000?	True	Lullabies are often simple and repetitive. Lullabies are used to soothe young children, usually to go to sleep. Love Song was a song released by Marilyn Manson on his November 11, 2000 record. Marilyn Manson is a heavy metal band. The lyrics to Love Song has curse words and scary imagery.	Why are lullabies usually sung? What were the features of The Love Song by Marilyn Manson? Would #2 be unsuitable to achieve #1?
1229	Drum	type of musical instrument of the percussion family	Would a vegan prefer a natural bongo drum over a synthetic one?	False	Natural bongo drums are made with leather. Synthetic bongo drums are made with plastic or leather substitutes. Vegans do not use or consume any animal products.	Which kind of products would a vegan avoid? What are natural Bongo drums made with? What are synthetic Bongo drums made with? Are #2 included in #1 and #3 excluded?
1230	Bern	Place in Switzerland	Is Bern a poor choice for a xenophobic Swiss citizen to live?	False	Xenophobic people do not like people from other countries, such as tourists. Bern Switzerland was once described by CNN as being a relatively tourist free area. Zurich and Geneva get the most tourist traffic out of any city in Switzerland.	Who do xenophobic people want to avoid? What was Bern Switzerland once described by CNN as? Is #1 the same as #2?
1231	People's Volunteer Army	Communist Chinese forces during the Korean War	Could all People's Volunteer Army hypothetically be transported on Symphony of the Seas?	False	The People's Volunteer Army had 780,000 troops. The cruise ship, Symphony of the Seas, has a capacity of 5,518 people.	How many people were in the  People's Volunteer Army? How many people can the Symphony of the Seas carry? Is #2 greater than #1?
1232	LinkedIn	Social networking website for people in professional occupations	Did Kim Il-sung network on LinkedIn?	False	LinkedIn was launched in 2003. Kim Il-sung died in 1994.	When was LinkedIn launched? When did Kim Il-Sung die? Did #1 happen before #2?
1233	Christopher Nolan	British–American film director, screenwriter, and producer	Is Christopher Nolan indebted to Bob Kane?	True	Christopher Nolan rose to fame in large part because of his trilogy of Batman movies released from 2005 to 2012 Bob Kane was the original artist and co-creator of Batman	Who created the Batman? To what films was Christopher Nolan's Hollywood success attributed to from the 2000s to 2010s? Did #1 provide the source material to #2?
1234	Cane toad	World's largest toad	Would the average Hawaiian male experience more days on Earth compared to a wild cane toad?	True	Cane toads have a life expectancy of 10 to 15 years in the wild. The average life expectancy of a male born in Hawaii is 79.3 years as of 2018.	What is the average lifespan of an average Hawaiian male? What is the average lifespan of a wild cane toad? Is #1 greater than #2?
1235	Suicide	Intentional act of causing one's own death	Is slitting your wrists an unreliable suicide method?	True	Wrist slitting has only a 6% mortality rate. Many people cannot complete the action of slitting their wrists due to pain or shock.	How often do people survive attempts to commit suicide by wrist-slitting? Does #1 indicate a high chance of survival?
1236	Johnny Cash	American singer-songwriter and actor	Was it typical to see Johnny Cash on stage in a rainbow-colored outfit?	False	Johnny Cash regularly performed dressed all in black, wearing a long, black, knee-length coat. A rainbow-colored outfit would consist of the colors red, orange, yellow, green, blue, indigo, and violet.	What colors are in a rainbow? What color did Johnny Cash always wear on stage? Is #2 in the list of #1?
1237	Woodrow Wilson	28th president of the United States	Was Woodrow Wilson sandwiched between two presidents from the opposing party?	True	Woodrow Wilson was a Democratic president and was between Taft and Harding. President William Howard Taft was a Repubican. President Warren G. Harding was a Republican.	Who was president before Woodrow Wilson? Who was president after Woodrow Wilson? What is the party of #1? What is the party of #2? Are #3 and #4 the same as each other and not the same as Wilson's party?
1238	Holy Land	Term used by Jews, Christians, and Muslims to describe the Land of Israel and Palestine	Do worshipers of Shiva make a pilgrimage to the Holy Land?	False	The Holy Land is sacred to Judaism, Islam and Christianity Worshipers of Shiva are adherents of Hinduism	Which group of religions have the Holy Land as a pilgrimage destination? Which religious group worships Shiva? Is #2 the same as any of #1?
1239	Earth's magnetic field	Magnetic field that extends from the Earth’s inner core to where it meets the solar wind	Would a compass attuned to Earth's magnetic field be a bad gift for a Christmas elf??	True	Christmas elves work in Santa's workshop on the North Pole Magnetic compasses point to the North Pole  If you are on the North Pole a compass will not work	What do compasses do? Where do Christmas elves work? Would #1 not be effective if you are already at #2?
1240	Parc des Princes	football stadium in Paris, France	Was the Parc des Princes fully operational during June of 2020?	False	June of 2020 was marked by a global pandemic. During a global pandemic, large events are not permitted to proceed fully.	What kind of events are usually held in the Parc des Princes? In light of recent developments, are such events as #1 still holding in full capacity as of July, 2020?
1241	RoboCop	1987 science fiction film directed by Paul Verhoeven	Is RoboCop director from same country as Gaite Jansen?	True	Robocop was directed by Paul Verhoeven. Paul Verhoeven was born in Amsterdam, Netherlands. Gaite Jansen is an actress known for Jett and Peaky Blinders and was born in Rotterdam, Netherlands.	Who is the director of the movie RoboCop? Where was #1 born? Where was Gaite Jansen born? Are #2 and #3 the same?
1242	Mercury (element)	Chemical element with atomic number 80	Does Mercury make for good Slip N Slide material?	False	The Slip N Slide was an outdoor water slide toy. Mercury is a thick liquid at room temperature. Mercury is poisonous and used to kill hatters that lined their hats with the substance.	Who are Slip N Slides made for? Is Mercury safe for #1 to be around?
1243	Torah	First five books of the Hebrew Bible	Does Happy Gilmore Productions CEO own a Torah?	True	The CEO of Happy Gilmore Productions is Adam Sandler. Adam Sandler's religious beliefs are Judaism.  The Torah is the first part of the bible in Judaism.	Who is the CEO of Happy Gilmore Productions? What religion does #1 follow? What religion uses the Torah? Is #2 the same as #3?
1244	ZIP Code	numeric postal code used in the United States	Do most people only memorize slightly over half of their ZIP code?	True	ZIP codes in the US are 9 digits in length.  Most forms in the US only require and have space for the first 5 digits of a ZIP code?	How long are zip codes in the US? When forms ask for zip codes, how many spaces do they typically request? Is #2 less than #1?
1245	Honey badger	species of mammal	Would a snake have reasons to fear a honey badger?	True	Snakes are considered prey to Honey Badgers. Honey Badgers have sharp teeth and are carnivorous. 	What prey do Honey badgers hunt? Are snakes listed in #1?
1246	Snowshoe	Footwear for walking easily across snow	Has Burger King  contributed to a decrease in need for snowshoes?	True	Burger king serves beef Beef farming is associated with increased global temperatures and decreased snowfall	What is the main food item that burger king sells? What kind of meat is in #1? What does farming for #2 do to the global temperature? If #3 occurs, are people less lilely to need snowshoes?
1247	Pablo Escobar	Colombian drug lord (1949–1993)	Did Pablo Escobar's nickname collection outshine Robert Moses Grove's?	True	Robert Moses Grove was a baseball player nicknamed Lefty Grove. Pablo Escobar had several nicknames including: Don Pablo, El Padrino, and El Patrón.	How many nicknames did Pablo Escobar have? How many nicknames did Robert Moses Grove have? Is #1 greater than #2?
1248	Cell biology	Scientific Discipline that Studies Cells	Does cell biology teach about the life cycle of Al Qaeda?	False	Cell biology is a subdiscipline of biology that deals with the structure and function of cells in living organisms Al Qaeda is made up of terrorist cells Terrorist cells are small groups of terrorists acting semi-independently for the same cause	What is the main topic that people learn about in Cell biology? What is Al Qaeda made up of? Is #1 the same as #2?
1249	Retail	Sale of goods and services from individuals or businesses to the end-user	Is retail a job anybody can be suited for?	False	Most retail jobs require employees to be able to lift, push, and pull 25-50 lbs.  Retail positions require employees to interact with customers regularly. Various disabilities can diminish one's ability to interact with the public.	What are some basic skills that a person employed in retail should have? Would every person, even the disabled, possess all of #1?
1250	Godzilla	Giant monster or kaiju	Could Godzilla have been killed by the Tohoku earthquake?	False	The Tohoku earthquake led to the Fukushima Daiichi nuclear power plant meltdown Nuclear meltdowns lead to a release of deadly levels of radiation Godzilla draws power from radiation and is not hurt by it	What major accident was caused by the Tohoku Earthquake? What was released into the environment by #1? Does #2 cause harm to Godzilla?
1251	Great Depression	20th-century worldwide economic depression	Can a person be diagnosed with a Great Depression?	False	The Great Depression was a severe worldwide economic depression that took place mostly during the 1930s, beginning in the United States. Major depressive disorder (MDD), also known simply as depression, is a mental disorder characterized by at least two weeks of low mood that is present across most situations.	What was the Great Depression? What is depression that people suffer from? Are #1 and #2 the same?
1252	Marco Rubio	United States Senator from Florida	Could Marco Rubio ride the Candymonium roller coaster at Hershey Park?	True	"The Candymonium roller coaster is restricted to park visitors over 54"" tall (4'6""). Marco Rubio is 5'9"" tall."	What is the height limit for the Candymonium roller coaster? How tall is Marco Rubio? Is #2 greater than or equal to #1?
1253	Gunpowder	explosive most commonly used as propellant in firearms	Would an explosion at a gunpowder storage facility result in a supersonic shock wave?	False	Gunpowder is classified as a low explosive Low explosives burn at subsonic speeds	What kind of explosive is gunpowder classifed as? Does #1 burn at supersonic rates?
1254	Spinach	species of plant	Was the amount of spinach Popeye ate unhealthy?	True	Popeye was a cartoon character that ate whole cans of spinach to maintain his fighting strength. Spinach is high in oxalates which can lead to kidney stones. Too much spinach can lead to bloating, gas, fever, and diarrhea.	What is spinach high in? What does eating too much of #1 do to a body? Are #2's bad for a body?
1255	Aladdin	Middle Eastern folk tale	Is the voice of the Genie from Disney's Aladdin still alive?	False	The Genie was voiced by comedian Robin Williams. Robin Williams died in 2014.	Who provided the voice of the Genie in Aladdin? Is #1 still alive?
1256	Chlorine	Chemical element with atomic number 17	Can you buy chlorine at a dollar store?	True	Chlorine, when added to water, creates household bleach. Household bleach is available at most dollar stores.	What type of item is Chlorine? Would department would you find #1 in? Do dollar stores have #2?
1257	Snowy owl	species of bird	Could a snowy owl survive in the Sonoran?	False	The Snowy owl is a bird native to the Arctic regions of North America. Temperatures in the North American Arctic range from -36.4F to 50F. The Sonoran is one of the hottest deserts in the world. The Sonoran Desert can get as hot as 118F.	Where are Snowy owls found? What is the temperature range of #1? How hot does it get in the Sonoran Desert? Is #3 within #2?
1258	Transport	Human-directed movement of things or people between locations	Can any person with a driver's license work in transport of aviation fuel?	False	A vehicle operator must possess a Commercial Driver's License to work in the delivery of fuel. The process for getting a CDL is much lengthier than that of getting a Driver's License. 	What certification is required of a driver to work in transport of aviation fuel? Does #1 consist only of a regular driver's license?
1259	Astronaut	Person who commands, pilots, or serves as a crew member of a spacecraft	Has every astronaut survived their space journey?	False	In 1986, the space shuttle Challenger exploded during launch, killing all astronauts aboard. In 2003, the space shuttle Columbia also exploded, again killing its entire crew. Various other space flights have resulted in fatal disasters.	How many astronauts have died during a mission? Is #1 equal to zero?
1260	Hypothermia	A human body core temperature below 35.0°C	Would hypothermia be a concern for a human wearing zoot suit on Triton?	True	A zoot suit was a man's suit of an exaggerated style popular in the 1940s. Triton is one of the coldest planets in the solar system. Triton is located about 2.8 billion miles from the warmth of the sun. Triton has an average temperature of -235.0°C A zoot suit is made of thin material such as cloth.	What is the average temperature on Triton? What material are zoot suits made of? Below which body temperature will hypothermia set in? Would clothes made of #2 be unable to keep body temperature above #3 in ambient temperature of #1?
1261	Saltwater crocodile	species of reptile	Are saltwater crocodiles related to alligators?	True	Crocodiles belong to the family Crocodylinae. Alligators belong to the family Alligatoridae. Crocodylinae and Alligatoridae both belong to the order Crocodilia.	What family do Crocodiles belong to? What family do Alligators belong to? What order does #1 belong to? What order does #2 belong to? Are #3 and #4 the same thing?
1262	Spice Girls	British girl group	Could the Spice Girls compete against ŽRK Kumanovo?	False	The Spice Girls had 5 members. ŽRK Kumanovo is a women's handball club from Kumanovo in the Republic of Macedonia. Handball is a sport played by two teams of seven players each.	How many members did the Spice Girls have? What sport does  ŽRK Kumanovo compete in? How many people are on a team in #2? Is #1 greater than or equal to #3?
1263	Amazon (company)	American electronic commerce and cloud computing company	Was Amazon involved in the lunar landing?	False	The lunar landing occurred in 1969. Amazon was founded in 1994.	When did the lunar landing take place? When was the company Amazon founded? Is #2 before #1?
1264	Tahiti	Largest island of French Polynesia	Could all Tahiti hotels hypothetically accommodate US D-Day troops?	False	Tahiti has 47 hotels with around 3,000 rooms. The US D-Day force consisted of:  23,250 on Utah Beach, 34,250 on Omaha Beach, and 15,500 airborne troops.	How many hotel rooms are there in Tahiti? How many people can comfortably share a hotel room? What is #1 multiplied by #2? How many troops were in the US D-Day force? Is #3 greater than or equal to #4?
1265	Bengal fox	species of mammal	Is a bengal fox likely to see the Superbowl?	False	The Superbowl is the championship game of the National Football League The National Football League is a sports league for American football American football enjoys the majority of its popularity in the United States The bengal fox is found exclusively on the Indian subcontinent	Where is the Super Bowl usually held? Where is the Bengal Fox mostly found? Are #1 and #2 within the same country?
1266	Harvey Milk	American politician who became a martyr in the gay community	Did Harvey Milk ever run for governor?	False	In 1977 Harvey Milk was elected to the San Francisco Board of Supervisors. Less than a year later, he was assassinated before he could run for higher offices.	What were Harvey Milk's political campaigns? Does #1 include a gubernatorial campaign?
1267	Nine Inch Nails	American industrial rock band	Is Nine Inch Nails a good guest for students in earliest grade to take Iowa tests?	False	The Iowa test is administered to students in kindergarten through eighth grade. Nine Inch Nails is a heavy industrial rock band formed in 1988. Nine Inch Nails albums are stamped with the explicit warning label.	Who were the Nine Inch Nails? What are #1's albums rated as? What is the age range for students who have to take the Iowa test? Is it safe to show kids that are #3 things rated #2?
1268	Disco	music genre	Did the Beatles write any music in the Disco genre?	False	The Beatles were active from 1960 until 1969. Disco began to appear around 1972.	When were the Beatles active as a full group? When did disco start? Is #2 before #1?
1269	Coca	group of plant varieties cultivated for coca production	Are leaves from coca good for gaining weight?	False	People who want to gain weight seek to increase caloric intake  Coca leaf contains chemicals that suppress hunger and thirst	What kinds of foods do people who want to gain weight look for? Are coca leaves #1?
1270	Funeral	ceremony for a person who has died	Do embalmed bodies feel different at funerals?	True	Embalming fluid fixates into the bodily tissues and replaces the bodily fluid. Bodies that have not been embalmed tend to feel soft. When embalming fluid fills the body, the body becomes firm.	What does Embalming a body do to it? Does #1 make a body hard? What does a non embalmed body feel like Is #2 different from #3?
1271	Stone Cold Steve Austin	American professional wrestler	Did Stone Cold Steve Austin wrestle in three different centuries?	False	A century is a period of 100 years. Stone Cold Steve Austin made his wrestling debut on September 30, 1989. Stone Cold Steve Austin retired on March 30, 2003. The 20th (twentieth) century was a century that began on January 1, 1901 and ended on December 31, 2000. The 21st century began on January 1, 2001, and will end on December 31, 2100.	When did Stone Cold Steve Austin start wrestling? When did Stone Cold Steve Austin stop wrestling? In what century is #1? In what century is #2? Is #4 minus #3 greater than 1?
1272	Kane (wrestler)	American professional wrestler, actor, businessman, and politician	Can Kane challenge Joe Biden in this year's primaries?	False	Kane is a member of the Republican Party Joe Biden is a member of the Democratic Party Primaries are conducted between members of the same political party	Primaries are held within what? What #1 does Joe Biden belong to? What #1 does Kane belong to? Are #2 and #3 the same?
1273	Richard III of England	15th-century King of England	Did Richard III know his grandson?	False	Richard III died in battle at age 32. He had only one son, who died during childhood, and therefore had no grandchildren. Even if he did have grandchildren, he would have been dead long before they were born based on his age at death.	Did Richard III have any grandchildren?
1274	Ringo Starr	British musician, drummer of the Beatles	Has Ringo Starr been in a relatively large number of bands?	False	RIngo Starr has been in three bands besides the Beatles. Mike Patton, lead singer of Faith No More, has been in at least 12 bands. Dave Grohl, lead singer of the Foo Fighters, has played in over 10 bands.	How many bands has Ringo Starr been part of? How many bands has Mike Patton been part of? How many bands has Dave Grohl been part of? Is #1 larger than #2 or #3?
1275	Pancake	Thin, round cake made of eggs, milk and flour	Are pancakes typically prepared in a pot?	False	Pancakes are usually fried on a shallow flat surface. Pots typically have high walls. Griddles and skillets are low, shallow flat pans appropriate for pancakes.	What kind of surface are pancakes usually made on? Does a pot have #1?
1276	Sunday	day of the week	Is Christmas always celebrated on a Sunday?	False	Christmas is always celebrated on December 25. A specific date on the calendar rotates to the following day of the week each year. Christmas can therefore be any day of the week.	What date does Christmas fall on each year? Does #1 always fall on a Sunday?
1277	Toronto Star	Newspaper in Toronto, Ontario, Canada	Would someone in Boston not receive the Toronto Star?	True	The Toronto Star is only distributed in Canada. Boston is located in the United States.	Where is the Toronto Star distributed? Where is Boston located? Is #2 not in #1?
1278	Saint	one who has been recognized for having an exceptional degree of holiness, sanctity, and virtue	Will Lhamo Thondup be considered by Catholic Church to be a saint?	False	Lhamo Thondup is the current Dalai Lama. The Dalai Lama is the spiritual leader of Tibetan Buddhism. Catholic saints must fill specific criteria, including being devout Christians.	What religion must one belong to as part of the criteria to be a Catholic saint? Which religion does Lhamo Thondup practice? Is #2 the same as #1?
1279	Cinnamon	spice obtained from the inner bark of several trees from the genus Cinnamomum	Is a spice grinder ueseless for the cheapest cinnamon sticks?	True	Different species of cinnamon require different grinding methods to make the spice Indonesian cinnamon quills are thick and capable of damaging a spice or coffee grinder. Indonesian cinnamon is the most common and cheapest cinnamon in the USA	What type of cinnamon sticks are the cheapest in the US? What is the size of #1? Because of #2, would it cause damage to a typical spice grinder?
1280	Sea of Japan	Marginal sea between Japan, Russia and Korea	Is the Sea of Japan landlocked within Japan?	False	The sea of Japan touches Japan, Russia and the Koreas Japan has no landlocked sea	Which countries have a shoreline that touches the Sea of Japan? Is Japan the only item in #1?
1281	Hundred Years' War	Series of conflicts and wars between England and France during the 14th and 15th-century	Did the first Duke of Valentinois play a key role in the Hundred Years' War?	False	The Hundred Years' War was a conflict between England and France from 1337-1453 Cesare Borgia, the son of Pope Alexander VI, was the first Duke of Valentinois. Cesare Borgia was born in 1475.	When did the Hundred Years' War end? Who was the first Duke of Valentinois? When was #2 born? Is #3 before #1?
1282	Dustin Hoffman	American actor and director	Can you substitute the pins in a bowling alley lane with Dustin Hoffman's Oscars?	False	There are ten pins in a bowling alley lane Dustin Hoffman has won two Oscars	How many pins are on a bowling alley lane? How many Oscars has Dustin Hoffman won? Is #2 greater than or equal to #1?
1283	Whole genome sequencing	A process that determines the complete DNA sequence of an organism's genome at a single time	Did Rosalind Franklin contribute to work that led to Whole Genome Sequencing?	True	Rosalind Franklin used specialized photography to capture the first photos of the double helix. The double helix is the form that DNA takes. Without understanding the structure of DNA, genome sequencing would be impossible.	Rosalind Franklin capture the first photo of what? What takes the form of #1? Is understanding #2 essential to genome sequencing?
1284	Blue	A primary colour between purple and green	Is the most expensive color in the world Blue?	True	Blue is a primary color. Blue is between violet and green on the visible light spectrum. Lapis Lazuli is used to make ultramarine.  Ultramarine is a pigment of Blue Processing Lapis Lazuli into Ultramarine is the most expensive of color processes.	What was the most expensive pigment used by Renaissance painters? Is #1 a shade of the color blue?
1285	French Revolution	Revolution in France, 1789 to 1798	Was the French Revolution televised?	False	The french revolution occurred during the 1700's. Television was invented in 1927. 	When did the French Revolution occur? When did televisions become common? Is #2 before or within #1?
1286	Eskimo	Name used to describe Indigenous people from the circumpolar region	Do the Eskimos sunbathe frequently?	False	Sunbathing requires a high amount of sunshine. The Eskimos live in regions that receive very little sunshine. The Eskimos live in very cold regions, which would make it dangerous to be exposed to outside temperatures without clothes.	What is necessary for sunbathing? Where do Eskimos live? Is #1 frequently present in #2?
1287	Small intestine	part of the digestive tract, following the stomach and followed by the large intestine	Will the small intenstine break down a cotton ball?	False	The small intestine does not digest cellulose  Cotton fiber is 90% cellulose	What compound is cotton mostly made up of? Can the small intestine digest #1?
1288	University of Pittsburgh	American state-related research university located in Pittsburgh, Pennsylvania	Is University of Pittsburgh easier to enter than FBI?	True	The University of Pittsburgh has around a 60% acceptance rate. The FBI estimated accepting 900 agents out of 16000 applicants in 2019.	What percent of applicants does University of Pittsburgh accept? How many applications did the FBI get in 2019? Out of #2, how many were accepted? What is #3 divided by #2? Is #1 greater than #4?
1289	Landscape architect	person involved in the planning, design and sometimes direction of a landscape, garden, or distinct space	Would Persephone be a good consultant to a landscape architect?	True	Persephone is a vegetation goddess.  A vegetation deity is a nature deity whose disappearance and reappearance, or life, death and rebirth, embodies the growth cycle of plants. Landscape architects deal with planning and laying out gardens and other plant life.	Over what domains does Persephone preside? Do landscape architects work with any of #1?
1290	Pregnancy	time when children develop inside the mother's body before birth	Do women often need new shoes during their pregnancy?	True	Pregnancy can cause swelling in the feet and legs. For safety and comfort, one needs to get new shoes if the size of their feet change.	Which signs and symptoms of pregnancy in women affect the lower extremities? Do #1 lead to a change in size of affected areas?
1291	Depression (mood)	state of low mood and fatigue	Would Seroquel be the first treatment recommended by a doctor to someone with depression?	False	Seroquel is a powerful drug that is prescribed for bipolar disorder. Seroquel has sedating effects and can increase feelings of depression. Depression is usually treated by SSRI's.  Seroquel is an atypical antipsychotic.	What is Seroquel typically used for? What are the side effects of taking #1? Would #2 be helpful for someone with depression
1292	QR code	trademark for a type of matrix barcode	Do you have to put on glasses to read a QR code?	False	Glasses are used to improve one's vision capabilities. QR codes are not readable by humans and have to be read by machines or programs.	Can a human read QR codes?
1293	Anchovy	Family of fishes	Can an anchovy born in 2020 survive 25th US census?	False	The US Census takes place every ten years. The 24th US Census took place in 2020. The 25th US Census will take place in 2030. The average lifespan of an anchovy is five years.	What is the ordinal number of the 2020 U.S. Census? How many years after #1 wll the 25th census occur? What is the maximum life span of an anchovy? Is #3 greater than #2?
1294	Double-slit experiment	Physics experiment, showing light can be modelled by both waves and particles	Can a minor replicate the double-slit experiment?	True	A minor is a human child. The double-slit experiment can theoretically be replicated by any human.	What species of living things does 'minor' refer to? Can #1 replicate the double-slit experiment?
1295	Alan Greenspan	13th Chairman of the Federal Reserve in the United States	Do Squidward Tentacles and Alan Greenspan have different musical passions?	False	Squidward Tentacles plays the clarinet. Alan Greenspan played clarinet and saxophone along with Stan Getz. Alan Greenspan studied clarinet at the Juilliard School from 1943 to 1944.	What musical instruments does Squidward Tentacles play? What musical instruments does Alan Greenspan play? Is at least one instrument in #1 also found in #2?
1296	Apollo 15	Fourth crewed mission to land on the Moon	Would the crew of Apollo 15 have difficulty riding a unicycle?	True	There were 3 astronauts in the crew of the Apollo 15 mission. A unicycle only contains one saddle, and is typically only operated by a single person.	What is the maximum number of people that can ride a typical unicycle? How many people were on the Apollo 15 crew? Is #2 greater than #1?
1297	Infinitive	grammatical form	Is Shakespeare famous because of the infinitive form?	True	Shakespeare wrote the play Hamlet Hamlet contains one of Shakespeare's most famous passages, Hamlet's soliloquy Hamlet's soliloquy begins with the line 'To be or not to be', which uses the infinitive form	"The use of the infinitive form in ""To be or not to be"" appears in which popular soliloquy? Which book contained #1 Did Williams Shakespeare write #2?"
1298	Television	Telecommunication medium for transmitting and receiving moving images	Did Gandhi watch the television show Bonanza?	False	Bonanza was a television show that aired from  September 12, 1959 until January 16, 1973. Gandhi was assassinated on January 30, 1948.	How long ago did Bonanza first air? How long ago did Gandhi die? Is #1 greater than #2?
1299	Farmer	person that works in agriculture	Do you need a farmer to make a circuit board?	False	Farmers cultivate and produce crops and/or livestock for sale or consumption Circuit boards contain various man made materials as well as metals Metals are produced from the earth by miners	What do farmers produce? What are the things needed to make a circuit board? Is any of #1 part of #2?
1300	Yuri Gagarin	Soviet pilot and cosmonaut, first human in space	Would LeBron James hypothetically glance upwards at Yuri Gagarin?	False	LeBron James is 6 feet 9 inches tall. Yuri Gagarin was 5 feet 2 inches tall. Typically shorter individuals look up at taller individuals when they are speaking as it is polite to look face to face at someone when you are speaking to them.	How tall is LeBron James? How tall was Yuri Gagarin? Is #1 lesser than #2?
1301	Ludacris	American rapper and actor	Is Ludacris in same music genre as 2000's Binaural?	False	Ludacris is a rapper, particularly in the southern rap style. Binaural was a 2000 album released by Pearl Jam. Pearl Jam is a grunge rock band formed in Seattle.	What genre does Ludacris produce music in? Who recorded the 2000 album Binaural? What genre does #2 produce music in? Is #1 the same as #3?
1302	Seismology	The scientific study of earthquakes and propagation of elastic waves through a planet	Did Brad Peyton need to know about seismology?	True	Brad Peyton directed the movie San Andreas San Andreas is an earthquake disaster film Seismology is the science of earthquakes and related phenomena	What does the study of seismology involve? What was the movie San Andreas primarily about? Did Brad Peyton direct San Andreas and is #2 included in #1?
1303	Frigate	Type of warship	Are ropes required to operate a frigate?	True	Frigates are a kind of sailing ship. Many features of ships require rope to use.	What force powers frigates? What characteristic of frigates allows them to use #1? Are ropes used to manipulate #2?
1304	Breast cancer	cancer that originates in the mammary gland	Is someone more likely to survive having breast cancer in Japan than in Sweden?	False	84.70% of people in Japan with breast cancer survive 86.20% of people in Sweden with breast cancer survive	What percentage of people survive breast cancer in Japan? What percentage of people survive breast cancer in Sweden? Is #1 more than #2?
1305	Jason	Greek mythological hero	Does Jason have anything in common with Dr. Disrespect?	True	Jason cheated on Medea with Creusa Dr. Disrespect cheated on his wife with another woman	Was Jason faithful or unfaithful? Was Dr. Disrespect faithful or unfaithful? Are #1 and #2 the same?
1306	2009	Year	Could $1 for each 2009 eclipse buy a copy of TIME magazine in 2020?	True	The 2020 Newsstand price of TIME magazine is $5.99. There were six eclipses in 2009 including 2 solar and 4 lunar eclipses.	What was the price of a single issue of TIME magazine in 2020? How many solar eclipses were there in 2009? How many lunar eclipses were there in 2009? What is #2 plus #3? Is #4 greater than or equal to #1?
1307	Olympia, Washington	State capital and city in Washington, United States	Does Olympia Washington share name with Hephaestus's workshop location?	True	Olympia Washington, is named after Mount Olympus. Mount Olympus is a mountain range in Washington named after the ancient Greek Mount Olympus. Hephaestus was the ancient Greek god of the forge and had a workshop on Mount Olympus.	Where did Hephaestus have his workshop? Olympia, Washington derived it's name from what mountain? Is #2 the same as #1?
1308	Spaghetti	Type of pasta	Should a Celiac sufferer avoid spaghetti?	True	Celiac is a disease in which the body cannot process gluten. Gluten is a protein found in wheat. Spaghetti is made with milled wheat and water.	What food ingredients should people with celiac disease avoid? What ingredients make up spaghetti? Is #2 listed in #1?
1309	Saudi Aramco	Saudi Arabian petroleum and natural gas company	Was Saudi Aramco started due to an assassination?	True	Saudi Aramco was formed in response to oil shortages during World War I The origins of World War I can be traced to the assassination of Archduke Franz Ferdinand in Sarajevo	Saudi Aramco was formed in response to oil shortages during what major conflict? What event is widely acknowledged to have started #1? Is #2 an assassination?
1310	Order of the British Empire	British order of chivalry	Is Hermione Granger eligible for the Order of the British Empire?	False	The Order of the British Empire is awarded to people that have made significant contributions to the United Kingdom Hermione Granger is a fictional character from the Harry Potter series of books	What criteria makes one eligible for the Order of the British Empire? Does Hermione Granger meet #1?
1311	Carl Linnaeus	Swedish botanist, physician, and zoologist	Did Linnaeus edit Darwin's draft of Origin of Species?	False	Linnaeus died in 1778 Origin of Species was published in 1859	When did Carl Linnaeus pass away? When was Origin of Species first published? Is #2 before #1?
1312	Riksdag	Legislative body of Sweden	Is the Riksdag a political entity in Scandinavia?	True	The Riksdag is the legislative branch of the Swedish government. Sweden is part of Scandinavia.	What country does the Riksdag belong to? Which countries are part of Scandinavia? Is #1 included in #2?
1313	Heart	organ for the circulation of blood in animal circulatory systems	Is a jellyfish safe from atherosclerosis?	True	Atherosclerosis is a condition in which the arteries to the heart are blocked. Jellyfish use their guts to circulate nutrients because they do not have hearts.	What structures are affected by atherosclerosis? What bodily system does #1 contribute to? What structures are found in the jellyfish #2? Are there structures in common in both #1 and #3?
1314	Quran	The central religious text of Islam	Would Dave Chappelle pray over a Quran?	True	Dave Chappelle converted to Islam in 1998. Dave Chappelle has not deviated from his religious beliefs since 1998 and is a practicing Muslim. Practicing Muslims pray often.	Which group uses the Quran as their religious text? Does Dave Chappelle belong to #1?
1315	Justin Timberlake	American singer, record producer, and actor	Can Justin Timberlake ride Shipwreck Falls at Six Flags?	True	"Shipwreck Falls is a boat ride at Six Flags The minimum height for Shipwreck Falls is 42"" Justin Timberlake is 73"" tall"	What is Shipwreck Falls? What is the minimum height required to ride #1? How tall is Justin Timberlake? Is #3 bigger than #2?
1316	Dementia	long-term brain disorders causing impaired memory, reasoning, and normal function together with personality changes	Can dementia be cured with a cast?	False	Dementia refers to various disorders of the brain. Casts are used to help treat broken bones. The brain does not contain any bones.	What part of the body does Dementia affect? What do cast help fix? Are there any #2 in #1?
1317	Düsseldorf	Place in North Rhine-Westphalia, Germany	Does Düsseldorf have only a small number of smoggy days each year?	True	Mercer's 2012 Quality of Living survey ranked Düsseldorf the sixth most livable city in the world. Clean air is an important attribute for a livable city. Smog is a term for air pollution.	What is another term for smog? What is Düsseldorf ranked as in Mercer's 2012 Quality of Living survey? To be #2, does a country need to have limited #1 days a year?
1318	Saint	one who has been recognized for having an exceptional degree of holiness, sanctity, and virtue	Can a false pope become a saint?	True	A false pope, or antipope, is someone that tries to claim they are the true pope but the church rejects them. Hippolytus (c. 170–235 AD) headed a schismatic group as a rival to the Bishop of Rome, thus becoming an antipope. Hippolytus (c. 170–235 AD) was named a saint in the Roman Catholic Church.	Which actions could make the Catholic church consider one a false pope or antipope? What role did Hippolytus (c. 170–235 AD) play in the schismatic group against the Bishop of Rome? Is #2 a form of #1 and he still became saint?
1319	Snowshoe	Footwear for walking easily across snow	Can a snake wear a snowshoe?	False	Snowshoes are worn by attaching them to the wearer's feet. Snakes do not have feet.	Which part of the body are snowshoes worn on? Do snakes have #1?
1320	Starch	glucose polymer used as energy store in plants	Can a wheelbarrow full of starch kill hyperglycemics?	True	Hyperglycemia is a condition in which people have higher than normal blood glucose levels. Starch is a compound made by plants that is made of numerous glucose units. An excess of glucose can lead to diabetic complications and can result ind death. The average wheelbarrow can hold up to 1200 pounds.	What is hyperglycemia? What is starch made of? How much can the average wheelbarrow hold? Could #3 of #2 potentially be fatal to someone who has #1?
1321	Giraffe	Tall African ungulate	Do giraffes require special facilities at zoos?	True	Giraffes are much taller than other land animals. Giraffe shelters at zoos must be built larger than shelters for other animals to accommodate their height.	What is the most distinctive feature of a giraffe? Does #1 make it necessary for them to have different facilities from other animals at a zoo?
1322	Camel	Genus of mammals	Is Bactrian Camel most impressive animal when it comes to number of humps?	False	The Bactrian Camel is a camel with two humps native to Central Asia. Three humped camels were discovered on the Arabian peninsula in 2019.	How many humps does the Bactrian Camel have? What is the most number of humps seen on a camel? Is #1 greater than #2?
1323	Bartender	person who serves usually alcoholic beverages behind the bar in a licensed establishment	Would a responsible bartender make a drink for Millie Bobby Brown?	False	Millie Bobby Brown is currently 16 years old. In the United States, the minimum legal age to purchase any alcohol beverage is 21 years old. Bartenders are usually responsible for confirming that customers meet the legal drinking age requirements before serving them alcoholic beverages. 	How old is Millie Bobby Brown? What is the minimum legal age one must be to be served alcohol in the US? Is #1 larger than #2?
1324	Salsa music	Latin American dance music genre	Would Ibn Saud tolerate salsa music?	False	Ibn Saud was the first ruler of Saudi Arabia and adhered to Wahhabism. Wahhabism is an ultra conservative sect of Islam that prohibits dancing. Salsa is a popular Latin American music genre that is heavily connected to dance.	Which religion(s) did Ibn Saud practice? Did #1 permit its adherents to listen to or play music during Ibn Saud's lifetime?
1325	House of Lords	upper house in the Parliament of the United Kingdom	Was Aristotle a member of the House of Lords?	False	Aristotle died in 322 BC. The House of Lords is grown out of the Model Parliament, which was the first English Parliament. The Model Parliament was held in 1295.	When did Aristotle die? Where did the House of Lords originate from? When did #2 occur? Did #3 happen before #1?
1326	Krishna	Major deity in Hinduism	Was Krishna skilled at using the bow?	True	Lord Krishna was known as the eighth manifestation of the god Vishnu. Vishnu had a trove of weapons including the Sudarshana Chakra and Sharanga. Sharanga was a celestial bow and a favored weapon of Vishnu.	Which Hindu god was Krishna known to be a manifestation of? Which weapons belonging to #1 were among his favorite? Is the bow included in #2?
1327	Dessert	A course that concludes a meal; usually sweet	Is dessert eaten before breakfast?	False	Desserts are sweets. Meals generally begin with savory foods, and sweets eaten after.	What is a dessert? Are #1 usually sweet or salty? Do meals generally begin with foods that are #2?
1328	Alice in Wonderland (1951 film)	1951 American animated musical fantasy film produced by Walt Disney Productions	Does Disney's Alice in Wonderland involve the celebration of a holiday?	True	In the movie, Alice meets the Mad Hatter. The Mad Hatter is having a tea party to celebrate his Unbirthday. The Unbirthday is a holiday which happens every day of the year which is not the subject's actual birthday.	What celebrations were featured in the Disney movie Alice in Wonderland? Is any of #1 an holiday?
1329	Bob Marley	Jamaican singer-songwriter	Could Bob Marley's children hypothetically win tug of war against Kublai Khan's children?	False	Bob Marley had 9 children. Kublai Khan had 23 children. Many of Bob Marley's children became singers, and followed his themes of peace and love. The children of Kublai Khan followed in his footsteps and were fierce warlords.	How many children did Bob Marley have? How many children did Kublai Khan have? Is #1 greater than #2?
1330	Separation of church and state	principle to separate religious and civil institutions	Does USA fail separation of church and state in multiple ways?	True	"Separation of church ad state refers to keeping God and religion out of state matters. Presidents of the United States are sworn in by placing their hand on a bible. The US currency contains the words, ""In God We Trust."" The Pledge of Allegiance states, ""One Nation Under God."""	How are US Presidents sworn in? What is the inscription on the US currency? What does the Pledge of Allegiance state? Do #1, #2 and #3 contain references to religion/the chuch?
1331	Star Wars	Epic science fantasy space opera franchise	"Do Star Wars fans say ""beam me up"" often?"	False	Beam me up is an expression from Star Trek. Much to the annoyance of fans, Star Trek and Star Wars are often confused for one another. 	Where does the expression beam me up come from? Is the answer to #1 the same as Star Wars?
1332	Gorilla	Genus of mammals	Are gorillas closely related to humans?	True	Gorillas are part of the animal family Hominidae. Hominidae also includes the genus Homo, which only contains the human species.	What animal family are Gorillas part of? Are humans also part of #1?
1333	Goat	domesticated mammal raised primarily for its milk	Are goats found on abyssal plains?	False	An abyssal plain is typically located between 10,000 and 20,000 feet below the surface of the ocean A goat is a mammal that lives on land and cannot intake oxygen from underwater environments	What things do goats need to live? Where are abyssal plains located? Is everything in #1 also found in #2?
1334	Koala	An arboreal herbivorous marsupial native to Australia.	Do Koalas prefer Eucalyptus over meat?	True	Koalas are herbivores. Koalas main dietary staple is eucalyptus 	What kind of diet do Koalas follow? Are Eucalyptus part of #1?
1335	Julian calendar	solar calendar in use from imperial Rome until after the Reformation	Did Saint Augustine use the Julian calendar?	True	The Julian calendar was in use from 45 BC to the late 16th century AD Saint Augustine lived from 354 AD to 430 AD	During what years was the Julian calendar used? When did Saint Augustine live? Is #2 during the time period listed in #1?
1336	New York Harbor	harbor in the New York City, U.S.A. metropolitan area	Did Donald Trump come up with the idea for the New York Harbor?	False	The New York Harbor is at the mouth of the Hudson River A harbor is a sheltered body of water where boats and ships can be docked. The New York Harbor has been used since colonial era of the 1500s. Donald Trump is a failed business man and 2016 president elect. Donald Trump makes outrageous deceitful claims 	When was the New York Harbor built? When was Donald Trump born? Did #2 come before #1?
1337	Wheat	Cereal grain	Can a woman on average have a baby before wheat seed blooms?	False	The average time it takes for a woman to give birth is 9 months. Wheat takes between 7 to 8 months to harvest.	How long does pregnancy typically last in humans? How long does it typically take to grow and harvest wheat? Is #1 shorter than #2?
1338	Jackfruit	species of plant	Would it be safe to have a jackfruit thrown at your head?	False	Jackfruit can weigh between 22-55 lbs.  Jackfruit are covered in small spikes.	How much do jackfruit weigh? Is #1 light enough to not hurt you?
1339	Vice President of the United States	Second highest executive office in United States	Was the first Vice President of the United States an Ottoman descendant?	False	The first Vice President of the United States was John Adams. The Ottomans were a Turkic group that conquered Constantinople in 1453. John Adams was descended from English Puritans.	Who was the first Vice President of the United States? Which group of people was #1 a descendant of? Is #2 the same as Ottoman?
1340	Aldi	Germany-based supermarket chain	Are all United States Aldi locations owned by the same company?	False	Aldi is actually two German-based supermarket chains, Aldi Nord and Aldi Sud. Both companies operate internationally, but the United States is the only country other than Germany where both Aldi chains operate.	Which country is Aldi based in? How many chains of Aldi operate in #1? Are each of #2 owned by different organizations? How many chains of Aldi operate in the US? Is #3 negative or #4 different than #2?
1341	Saint Peter	apostle and first pope	Could Saint Peter watch television?	False	Saint Peter died in 64 BC. The television was invented in 1900.	When was television invented? When did Saint Peter die? Is #1 before #2?
1342	Universal Music Group	American music corporation	Will NY Stock Exchange closing bell be heard in Universal Music Group's headquarters?	False	The New York Stock Exchange is located in New York, USA. Universal Music Group's headquarters is located in Santa Monica, California. Santa Monica is about 2800 miles from New York. A shout can be heard up to 100 meters away.	Where is the New York Stock Exchange located? Where is Universal Music Group's headquarters located? What is the distance between #1 and #2? Is #3 a reasonable distance within which a bell's chime can be heard?
1343	Elk	Large antlered species of deer from North America and east Asia	Would a body builder prefer an elk burger over a beef burger?	True	Bodybuilders want to build muscle and keep fat low Elk meat is leaner than beef Elk meat has higher protein than beef Protein helps build muscle	Which nutrients are more important for a body builder's diet? How is an elk burger different from a beef burger in terms of nutrients? Considering #1 and #2 would an elk burger be a better source of #1?
1344	Super Mario	platform video game series from Nintendo's Mario franchise	Does Super Mario protagonist hypothetically not need continuing education classes in Illinois?	False	Mario, the protagonist of Super Mario, is a plumber by profession. Continuing education classes are required for certain professions in certain jurisdictions. Plumbers are required in Illinois to take continuing education classes.	Who is the protagonist of Super Mario? What is #1's profession?  In Illinois, can #2's avoid taking continuing education classes?
1345	Samsung Galaxy	series of Android mobile computing devices	Can you save every HD episode of Game of Thrones on Samsung Galaxy A10e?	False	The Samsung Galaxy A10e has 32GB of storage. The average storage requirement of an HD episode of Game of Thrones is 600MB There are 60 total episodes of Game of Thrones. There are 1000MB in one GB.	How much storage does a Samsung Galaxy A10e have? What is #1 multiplied by 1000? What is the average storage requirement for an HD episode of Game of Thrones? How many episodes are the of Game of Thrones? Is #2 greater than or equal to #3 multiplied by #4?
1346	Tenth Amendment to the United States Constitution	says powers not Constitutionally granted to the Federal Government belong to States or the People	Was the tenth Amendment to the Constitution written using Pitman shorthand?	False	Pitman shorthand was invented in 1837. The tenth Amendment to the Constitution was added in 1791.	When was Pitman shorthand invented? When was the  tenth Amendment to the Constitution added? Did #1 happen before #2?
1347	Skype	telecommunications software service	Are the founders of Skype from Asia?	False	Skype was created by the Niklas Zennström and the Dane Janus Friis. Niklas Zennström and Dane Janus Friis are from Sweden. Sweden is located in Europe, not Asia. 	Who are the founders of Skype? What country are #1 from? What continent is #2 on? Is #3 Asia?
1348	Mercury (element)	Chemical element with atomic number 80	Can you transport a coin along a sea of mercury?	True	The density of an object determines if it will float. An object will float if it is less dense than the liquid it is placed in. Mercury is liquid at room temperature. The density of mercury is 13.56 g/cm3. The density of a penny is 7.15 g/cm3.	What is the density of mercury? What is the density of a typical coin? Is #2 less than #1? Considering #3 and the principle of flotation, will the coin float along mercury sea surface?
1349	Astronaut	Person who commands, pilots, or serves as a crew member of a spacecraft	Can actress Danica McKellar skip astronaut education requirements?	True	Astronaut's are required to have a bachelor's degree in engineering, biological science, physical science, computer science, or mathematics. Actress Danica McKellar graduated summa cum laude from UCLA with a degree in Mathematics.	Astronauts can have any one of which degrees? What degree does Danica McKellar have? Is #2 included in #1?
1350	Robert Downey Jr.	American actor	Did Robert Downey Jr. possess same caliber gun as Resident Evil's Barry Burton?	True	Robert Downey Jr. was arrested in 1996 n drug and weapons charges and possessed a .357 Magnum. Barry Burton, a character in the Resident Evil series, used a Colt Python. The Colt Python is a type of .357 Magnum revolver.	What type of gun did Robert Downey Jr. have when he was arrested? What gun does Barry Burton use? What type of gun is #2? Is #1 the same as #3?
1351	Olive	Species of plant	Would Bugs Bunny harm an olive tree in the real world?	True	Bugs Bunny is an anthropomorphic gray and white rabbit. Rabbits eat the bark of olive trees and can do considerable damage, especially to young trees.	What kind of animal is Bugs Bunny? Do #1 eat and damage the bark of olive trees?
1352	Daily Mirror	British daily tabloid newspaper owned by Reach plc.	Can a copy of The Daily Mirror sustain a campfire?	True	The Daily Mirror is a British tabloid made of paper. Kindling helps sustain a fire because easily combustible help a fire keep igniting. Paper is capable of igniting and burning easily.	What kind of product is The Daily Mirror? Is #1 made of combustible material?
1353	Porsche	automotive brand manufacturing subsidiary of Volkswagen	Could a Porsche 992 Turbo S defeat Usain Bolt in a 100 meter sprint?	True	The Porsche 992 Turbo S can accelerate to 62 mph in 2.7 seconds. Usain Bolt's top speed ever measured is 27.79 mph.	What is the max speed of a Porsche 992 Turbo S? What is Bolt's top speed? Is #1 faster than #2?
1354	Cuban Revolution	Revolution in Cuba between 1953 and 1959	During the Cuban revolution, did the US experience a population boom?	True	After WWII, the US experienced a baby boom. WWII ended in 1945.	When was the Cuban Revolution? When did the United States experience a rapid growth in its population? Does some or all of #2 overlap with #1?
1355	Meatball	dish made from ground meat rolled into a small ball-like form	Can you buy furniture and meatballs in the same store?	True	IKEA is well known for selling cheap, modern furniture. IKEA is famous for serving meatballs at their in-store restaurants.	What is IKEA known for selling? What are some delicacies IKEA is known to serve at their in-store restaurants? Is meatballs included in #2 and #1 furniture?
1356	2000	Year	Was there fear leading up to the year 2000?	True	Many computer programs were not designed with the year 2000 in mind. People were worried that computers would crash all over the world when the year 2000 arrived. Financial and electrical systems require computers to function. Without financial and electrical systems there could be global chaos.	What concerns did people have about computing systems as 2000 approached? Did #1 involve a widespread fear of malfunction?
1357	Leonardo da Vinci	15th and 16th-century Italian Renaissance polymath	Did Leonardo da Vinci lack contemporary peers in his home city?	False	Leonardo da Vinci was born in Anchiano, a town in the city of Florence. Da Vinci lived during the 15th and 16th century. Sandro Boticelli was a Florentine artist 15th and 16th century. Donatello was a Florentine artist during the 15th century.	Which period did Leonardo da Vinci live through and where was his home city? When did Sandro Boticelli live through and where was his home city? Where was Donatello's home city and what period did he live through? Are #1, #2 and #3 different from one another?
1358	Nickel	Chemical element with atomic number 28	Is nickel dominant material in US 2020 nickels?	False	Nickels have been made of various materials including silver in the 1940s. Nickels in 2020 are made from a mix of copper and nickel. 2020 nickels are 25% nickel and 75% copper.	What is the composition of the US 2020 nickel? Of the elements listed in #1, do any of them make up more than 50% of the US 2020 Nickel? If #2 is yes, is that element nickel?
1359	Bee	Clade of insects	Can Africanized bees be considered multicultural?	True	Multicultural refers to a blend of several cultures within one organism. Africanized bees, also killer bees are a result of crossbreeding. Africanized bees are a mix of East African lowland honey bees and European honey bee subspecies such as the Italian honey bee and the Iberian honey bee. 	What is the definition of multicultural? What are Africanized bees a result of? What types of bees were part of #2? Is #3 an example of #1?
1360	Heracles	divine hero in Greek mythology, son of Zeus and Alcmene	Were all of Heracles's children present for his funeral pyre?	False	Heracles killed his children by his first wife Megara. They were not returned to life prior to his death.	What did Heracles do to his children by his first wife? Are people who have been #1 able to come back to life?
1361	Phobos (moon)	natural satellite of Mars	Is Phobos part of the Andromeda galaxy?	False	Phobos orbits around Mars. Mars is a planet in Earth's solar system. The solar system is in the Milky Way galaxy.	What planet does Phobos orbit around? What solar system is #1 part of? What galaxy is #2 part of? Is #3 the same as the Andromeda galaxy?
1362	Lobster	family of crustaceans	Can lobster breathe in the desert?	False	Lobsters use gills to breathe. Gills require water to breathe. There is no water in the desert. 	Which part of their body do lobsters breathe with? Where does #1 obtain oxygen from? Is #2 easily found in the desert?
1363	Parody	Imitative work created to mock, comment on or trivialise an original work	Are parodies of the President of the United States illegal?	False	Parody in the US is protected under fair use in regards to copyright. Criticism of political leaders is protected under the 1st Amendment.	Is parody illegal in the US? Is criticism of the government against the US constitution? Is #1 or #2 positive?
1364	Oyster	salt-water bivalve mollusc	Can oysters be used in guitar manufacturing?	True	Oysters produce nacre Nacre is also known as mother of pearl Mother of pearl is commonly used as an inlay on guitar fretboards, headstocks, and soundboards	What non-food products are derived from oysters? Which of #1 are used for decoration? What materials are used to decorate a guitar? Is there overlap between #2 and #3?
1365	Brussels sprout	vegetable	Are Brussels sprout particularly good for adrenal fatigue?	True	Adenal fatigue is a disorder in which the body does not produce enough hormones and people get tired. Brussels sprout are foods rich in vitamin C. When stress levels rise, the adrenal glands require more Vitamin C and it is used very quickly.	What vitamins are found in abundance in Brussels sprouts? What vitamins do the adrenal glands require when a body is under stress? Is #2 found in #1?
1366	Veto	legal power to unilaterally stop an official action, especially the enactment of legislation	Can the US branch of government that has power over the military also have the power to veto?	True	The US President is the commander in chief of the US military. The executive branch of the USA includes the President. The President has power to veto.	What US branch has power over the military? Who has the power to veto? Is #2 part of #1?
1367	Kane (wrestler)	American professional wrestler, actor, businessman, and politician	Have any murderers outlasted Kane's Royal Rumble record?	True	The longest Kane lasted in the Royal Rumble was 53:46 in 2001. Chris Benoit lasted over an hour in the 2004 Royal Rumble. Chris Benoit murdered his own wife and son in 2007.	What is Kane's Royal Rumble record? Which wrestlers have a Royal Rumble record longer than #1? Are any of the wrestlers listed in #2 a murderer?
1368	Euro	European currency	Will a 2 Euro coin float across the Red Sea?	False	A 2 Euro coin is made of a mix of copper and brass. Objects float if their density is less than water. Ancient bronze metal ingots were found on the sea floor off the coast of Italy in 2015.	What are the material constituents of a 2 Euro coin? #1 belong to which family of materials? Can non hollow forms of #2 float on water?
1369	Sloth	tree dwelling animal noted for slowness	Could a sloth hypothetically watch an entire episode of Scrubs underwater?	True	Sloths can hold their breath underwater for up to 40 minutes. The running time of a Scrubs episode is between 20-23 minutes.	How long can sloths hold their breath underwater? How long is an episode of Scrubs? Is #1 greater than or equal to #2?
1370	Marco Polo	Italian explorer and merchant noted for travel to central and eastern Asia	Did Marco Polo travel with Christopher Columbus?	False	Marco Polo died in 1324. Christopher Columbus was born in 1451.	When did Marco Polo die? When was Columbus born? Was #1 after #2?
1371	Presidency of Bill Clinton	1993–2001 U.S. presidential administration	Did the Presidency of Bill Clinton conclude with his impeachment?	False	Bill Clinton was impeached in 1998. Bill Clinton remained in office until 2001.	In what year was Bill Clinton impeached? In what year did Bill Clinton's presidency end? Is #1 the same as #2?
1372	Canary Islands	Archipelago in the Atlantic and autonomous community of Spain	Could someone in the Canary Islands fish for largemouth bass?	False	The Canary Islands are located in the Atlantic Ocean The Atlantic Ocean is a body of salt water Largemouth bass live in fresh water	What kind of water do largemouth bass live in? In what body of water are the Canary Islands located? What kind of water is found in #2? Is #1 the same as #3?
1373	Family Guy	American animated sitcom	Does Family Guy take place on the American West Coast?	False	Family Guy takes place in the fictional town of Quahog, Rhode Island. Rhode Island is a state on the American East Coast.	Where is Family Guy set? Is #1 on the American West Coast?
1374	Referee	person of authority, in a variety of sports, who is responsible for presiding over the game from a neutral point of view	Is the referee at a soccer match highly visible against the field?	True	Referees uniforms for soccer matches are usually bright neon colors. An alternative referee uniform color is black and white stripes.	What are the typically colors of a referee's uniform? Is #1 easy to see from afar?
1375	Intellectual disability	Generalized neurodevelopmental disorder	Is dyslexia the most common intellectual disability in US?	False	An intellectual disability is reflected in below-average IQ and a lack of skills needed for daily living. Learning disabilities are weaknesses in certain academic skills. usually, Reading, writing and math. Dyslexia is characterized by difficulties with accurate and/or fluent word recognition and by poor spelling and decoding abilities. Thomas Jefferson, George Washington, and John F. Kennedy were successful presidents while being dyslexic.	What are the practical effects of an intellectual disability? What are the practical effects of dyslexia? Is #2 within the scope of #1?
1376	Ada Lovelace	English mathematician, computer programming pioneer	Did Ada Lovelace die tragically young for her era?	False	Ada Lovelace died at the age of 36 in 1852. The life expectancy in the 1800s was between 35 and 39 years old. Tuberculosis was one of the leading causes of death in the 1800s and a vaccine was not made until the 1900s.	How old was Ada Lovelace when she died? In what year did Ada Lovelace die? What was the average life expectancy range around #2? Is #1 not is #3?
1377	Constitution of the Philippines	Supreme law of the Republic of the Philippines	Does the Constitution of the Philippines copy text from the British constitution?	False	The Constitution of the Philippines is a document ratified in 1987 The British constitution is not an actual document, but a collection of legal statutes, precedent, political custom and social convention	What was the British Constitution? What kind of document was the Constitution of the Philippines? Can #1 copy something from #2
1378	Argon	Chemical element with atomic number 18	Is Argon near Neon on the periodic table of elements?	True	Argon is a noble gas. Neon is a noble gas.  The noble gases are all clumped together on the periodic table of elements.	What group of the periodic table is argon in? What group of the periodic table is neon in? Is #1 the same as #2?
1379	Leaf	organ of a vascular plant, composing its foliage	Do oak trees have leaves during winter?	False	Oak trees are deciduous. Deciduous trees lose their leaves during autumn, and they grow back during spring. Winter is between autumn and spring.	When do oak trees lose their leaves? When do oak trees leaves grow back Is winter not the season between #1 and #2?
1380	Mitsubishi	group of autonomous, Japanese multinational companies	Can someone in Uberlandia work for Mitsubishi?	True	Mitsubishi is a Japanese auto manufacturer Mitsubishi operates a plant in Catalao, Brazil Uberlandia is just under 70 miles from Catalao	How far is Uberlandia from Catalao? Is #1 within reasonable distance to commute to work? Is there a Mitsubishi organization in Catalao? Are #2 and #3 positive?
1381	Ronda Rousey	American professional wrestler, actress, author, mixed martial artist and judoka	Does Ronda Rousey avoid BBQ restaraunts?	True	Ronda Rousey is a professional athlete in MMA. Ronda Rousey is a vegan. BBQ is a style of restaurant that predominantly serves cooked meat. Meat consumption is opposed and avoided by vegans. Vegans don't eat meat.	What kind of food is served at BBQ restaurants? What dietary restrictions does Ronda Rousey follow? Would #2 avoid #1?
1382	Amtrak	Intercity rail operator in the United States	Does Amtrak run from NYC directly to the Moai location?	False	Amtrak is a series of railways that transport people to various locations. The Moai are ancient stone statue faces that are a popular tourist destination. The Moai are located on Easter Island, an island in the Pacific ocean, near Chile.	Which major regions does Amtrak's passenger railroad service cover? Where are the Moai located? Is #2 located within any of #1?
1383	Supreme Court of the United States	Highest court in the United States	Is Supreme Court of the United States analogous to High Courts of Justice of Spain?	False	The Supreme Court of the United States is the final court ad has final say in judicial matters. The High Courts of Justice in Spain rule over single communities. The Supreme Court of Spain is the highest court in Spain and can overrule lesser courts.	What is the extent of the jurisdiction of The Supreme Court of the United States? Do the High courts of justice (Spain) have the same jurisdiction as #1?
1384	Polymath	Individual whose knowledge spans a significant number of subjects	Would Tony Stark be considered a polymath?	True	A polymath is a person who has knowledge in a wide variety of subjects. Tony Stark is considered a genius in mathematics, engineering, computer science, and physics, as well as demonstrating skills in metalworking, engine design, and genetics.	What does one have to have to be considered a polymath? Does Tony Stark have #1?
1385	Watergate scandal	Political scandal that occurred in the United States in the 1970s	Would Hannah Nixon be proud of Richard Nixon following the Watergate scandal?	False	Hannah Nixon was the mother of Richard Nixon. Richard Nixon resigned due to the unethical actions that he committed during the Watergate scandal. Parents are typically not proud of their children when they act immorally or unethically.	What is Hannah Nixon relation to Richard Nixon? What happened to Richard Nixon as a result of the Watergate scandal? Why did Richard Nixon have to #2? Are #1's usually proud if their child does #3?
1386	Rand Paul	American politician, ophthalmologist, and United States Senator from Kentucky	Did Rand Paul frequently swim in Lake Michigan during his undergraduate years?	False	Rand Paul joined the swim team when he attended Baylor University. Baylor University is located in Waco, Texas. Lake Michigan is nearly 1,000 miles from Waco, Texas.	Where did Rand Paul do his undergraduate studies? In what state is #1? Is Lake Michigan near #2?
1387	Retail	Sale of goods and services from individuals or businesses to the end-user	Is SnapCap an example of a retail store?	False	SnapCap specializes in small business loans. Retail stores sell products to individual consumers.  Small businesses are not individual consumers.	What does SnapCap specialize in? Who do #1's sell their products to? Who do retail stores sell their products to? Is #2 the same as #3?
1388	Hair	protein filament that grows from follicles found in the dermis, or skin	Can furniture be made of hair?	True	Hair is a protein filament that grows from living bodies. Hair is durable when woven together.  Furniture cushions can be maid from horse hair. 	What is hair? Can #1 be woven together securely?
1389	March	third month in the Julian and Gregorian calendars	Is March named after Jupiter's son in Roman mythology?	True	March is named after the Roman god Mars. Mars was the son of the Roman gods Jupiter and Juno.	Who are the sons of Jupiter in Roman mythology? Who is the month of March named after? Is #2 included in #1?
1390	Cultural hegemony	Marxist notion of cultural dominance	Can the theory of cultural hegemony explain global warming?	False	Cultural hegemony is a theory of social and cultural dominance rooted in Marxism Marxism is a philosophy with applications in the social sciences and humanities Global warming is a phenomenon dealt with by environmental science	The theory of cultural hegemony is rooted in which philosophy? Which branch of science does #1 have applications in? Which branch of science does global warming concern? Is #2 the same as #3?
1391	Pig Latin	secret language game	Is it impossible for pigs to use pig latin?	True	Pig latin is a language game played by rearranging parts of words to disguise them Pigs are ungulates and incapable of speech using human languages	What is referred to as pig latin? Which species are capable of using #1? Are pigs excluded from #2?
1392	J. D. Salinger	American writer	Is J.D. Salinger's most successful work influential to killers?	True	J.D. Salinger's most popular work was Catcher in the Rye. John Hinckley Jr. tried to assassinate Ronald Reagan after reading Catcher in the Rye. Mark David Chapman had a copy of Catcher in the Rye when he assassinated John Lennon. Robert John Bardo carried a copy of Catcher in the Rye when he murdered actress Rebecca Schaeffer.	Which of J.D. Salinger's novels was most popular? has #1 been associated with inspiring murder?
1393	Ice	water frozen into the solid state	Did Ice make people rich?	True	Trading ice was common in the 1800s. People created industries harvesting and selling ice. Some ice sellers became extremely rich. 	In the 1800's, what item was commonly traded? Did some people become rich off of selling #1?
1394	Justin Bieber	Canadian singer-songwriter and actor	Does Justin Bieber vote in October?	True	Justin Bieber is a Canadian citizen Canadian elections are held on the third Monday in October	What country is Justin Bieber a citizen of? When does #1 hold its national elections? Is #2 October?
1395	Flying fish	Family of marine fish that can make powerful, self-propelled leaps out of water	Do flying fish have good eyesight?	True	Flying fish  are commonly found in the epipelagic zone, the top layer of the ocean to a depth of about 200 m (656 ft).  The epipelagic zone is the illuminated zone at the surface of the sea where enough light is available for photosynthesis.  Good eyesight is a necessary survival trait for animals living in well-lit areas.	Which layer of the ocean are flying fish usually found? What are the lighting conditions characteristic of #1? Would good eyesight be necessary for organisms in #2 environment?
1396	Eddie Murphy	American stand-up comedian and actor	Could Eddie Murphy dial 911 in a car as a young child?	False	Eddie Murphy was born in 1961. Car phones did not become commonplace in cars in America until 1984.	What year was Eddie Murphy born in? When did car phones become common in American cars? Is #1 after #2?
1397	Carl Linnaeus	Swedish botanist, physician, and zoologist	Does Carl Linnaeus share the same final resting place as Michael Jackson?	False	Carl Linnaeus is buried in the Uppsala Cathedral. Michael Jackson is entombed at the Forest Lawn Memorial Park.	Where is Carl Linnaeus buried? Where is Michael Jackson entombed? Is #1 the same as #2?
1398	Xenophobia	dislike of that which is perceived to be foreign or strange	Is xenophobia hypothetically unimportant between Saladin and Ali Askari?	True	Xenophobia is the dislike of someone that is foreign or from a different background. Saladin was a Kurdish leader that became sultan of Egypt. Ali Askari was a Kurdish politician.	Which relation between two parties could lead bring about xenophobia? What was Saladin's ethnicity? What was Ali Askari's ethnicity? Does the relation between #2 and #3 fail to describe #1?
1399	Diary	Written record with discrete entries arranged by date	Can a dolphin keep a diary?	False	A diary is a written record. Dolphins cannot write.	What is a diary? What does one need to do in order to keep #1? Can a dolphin do #2?
1400	Tourism	travel for recreational or leisure purposes	Is the Jurassic era a tourist destination?	False	The Jurassic era is a period of time in the past. Time travel does not currently exist. 	When did the Jurassic era occur? Can tourist travel to #1?
1401	CAPTCHA	computer test to discriminate human users from spambots	Are any of the words that CAPTCHA stands for palindromes?	False	A palindrome is a word that reads the same backwards and forwards like madam. CAPTCHA stands for: Completely Automated Public Turing test to tell Computers and Humans Apart.	What words does CAPTCHA stand for? What is the characteristic of a palindrome? Does any word from #1 have the characteristic of #2?
1402	The Young and the Restless	television series	Would a binge watch of entire Young and the Restless take longer than a leap year?	True	A leap year has 366 total days. As of March 19th, 2018, every episode of the Young and the Restless would take 467 days and 2 hours to watch.	How many days are in a leap year? How long would it take to watch every episode of the Young and the Restless? Is #2 greater than #1?
1403	Metroid	Video game series	Was the original Metroid groundbreaking for its polygons?	False	Metroid was a 1986 video game released on the Nintendo Entertainent System. Polygons were a graphics style that became prominent in the 1990s on the Sony Playstation. Nintendo Entertainment System games had a 2-D pixel-art style. Metroid is hailed as being the first mainstream game with a playable female protagonist.	When was video game Metroid originally released? What does polygons in video gaming represent? When did #2 become prominent? Is #1 after #3?
1404	Preventive healthcare	Prevent and minimize the occurrence of diseases	Do you need to schedule separate preventive healthcare and sickness visits? 	True	Preventive healthcare options are typically covered at no charge by health insurance. Sick visits to the doctor are billed separately from preventive healthcare visits. Sick visits and preventive healthcare visits are generally given different time allotments. 	How are preventive healthcare visits billed to insurance companies? How are sick visits to the doctor billed to insurance companies? Is #1 different from #2?
1405	Black	The darkest shade, resulting from the absence or complete absorption of light. Like white and grey, it has no hue	Is Anakin Skywalker from Star Wars associated with the color black?	True	As a Jedi during the Clone Wars, Anakin Skywalker often wore black robes. After he was burned and transformed into the cyborg Darth Vader, he received a distinctive and famous all-black outfit including a black mask.	What is the color of most outfits worn by Star Wars' Anakin Skywalker? Is #1 the same as black?
1406	Whole genome sequencing	A process that determines the complete DNA sequence of an organism's genome at a single time	Can whole genome sequencing be used for COVID-19?	False	Whole genome sequencing is used to analyze DNA RNA viruses do not have DNA COVID-19 is an RNA virus.	What does the whole genome sequencing process determine? Which virus is responsible for COVID-19? Does #2 have #1?
1407	Viscosity	Resistance of a fluid to shear deformation	Do people with swallowing disorders need high viscosity drinks?	True	Swallowing disorders can make thin liquids like water dangerous to drink. Liquid thickeners are marketed towards people with difficulty drinking.	If a person has a swallowing disorder, what types of liquids are dangerous for them to drink? Are high viscosity drinks the opposite of #1?
1408	Blues	Musical form and music genre	Were Depeche Mode heavily influenced by blues music?	False	Blues incorporated spirituals, work songs, field hollers, shouts, chants, and rhymed simple narrative ballads and was derived from African-Americans. Blues music uses instruments like slide guitar, harmonica, piano, and bass drums. Depeche Mode are a British pop synth group. Depeche Mode uses computer synthesizers to create their unique sound as well as heavy rock guitars. Depeche Mode was influenced by The Cure, and Ultravox, new wave rock bands.	What kind of songs and instruments are associated with Blues? What kind of musical instruments does the Depeche Mode use to create music? Is #2 very similar to #1?
1409	Mail carrier	employee of the post office or postal service, who delivers mail to residences and businesses	Was being a mail carrier considered one of the most dangerous jobs?	True	The Pony Express was one of the first mail carrier services. The Pony Express operated form 1860 to 1861 Pony Express riders would have to travel hundreds of miles on horse back through extreme weather and terrain.  The Pony Express sought to hire young expert horse riders willing to risk death.	What was the name of the mail carrier service that operated from 1860 to 1861? What would riders on #1 have to endure? Is #2 considered very dangerous?
1410	Leopard seal	Species of mammal	Is Sea World hazardous to leopard seal's health?	True	Leopard seals have only one natural predator, the killer whale. Sea World is an aquatic show that involves many water animals. Killer Whales, such as Tilikum, are headliners at Sea World.	What is the leopard seals's predator? Would one find a #1 at Sea World?
1411	Compact disc	Optical disc for storage and playback of digital audio	Would a compact disc melt in magma?	True	Magma is the molten material beneath the earth's surface. The temperature of magma ranges between 1300F and 2400F degrees. A compact disc is made of polycarbonate plastic. Polycarbonate plastic melts at 311F degrees.	What material is a compact disc made of? At what temperature does #1 melt What is the typical temperature range of magma? Is #2 less than or within #3
1412	Monarch	Person at the head of a monarchy	Does Canada have a relationship with a monarch?	True	Canada is a constitutional monarchy. The head of the monarchy that rules Canada is Queen Elizabeth.	What system of government does Canada follow? Who is the head of #1? Is #2 a monarch?
1413	Edmund Hillary	New Zealand mountaineer	Would Mount Wycheproof be a breeze for Edmund Hillary?	True	Edmund Hillary was a mountaineer that climbed Mount Everest. Mount Everest reaches 29,029 feet in the air. Mount Wycheproof is the smallest mountain in the world. Mount Wycheproof rises a mere 486 feet above sea level.	Which famous mountain has Edmund Hillary climbed? How tall is #1? How tall is Mount Wycheproof? Is #3 several thousand feet smaller than #2?
1414	Modern Family	American comedy TV series	Did Modern Family win a Slammy award?	False	Modern Family is a television sitcom The Slammy Awards were presented to people involved in professional wrestling	What television genre is Modern Family? What genre are the Slammy Awards given to? Is #1 and #2 the same?
1415	Grey seal	species of seal	Can a grey seal swim in the same water as the subject of Moby Dick?	True	The range of gray seals is limited to parts of the northern hemisphere bordered by the Atlantic ocean The subject of Moby Dick was a sperm whale Sperm whales can be found in the north Atlantic, in addition to most other bodies of water on earth.	What kind of whale was Moby Dick? What is the range of #1? What is the range of gray seals? Is there an overlap between #2 and #3?
1416	C-SPAN	American pay television network	Does the name C-SPAN refer to a form of telecommunications that utilizes outer space?	True	The S in C-SPAN refers to Satellite. Satellite communications require communicating with satellites that orbit the Earth in outer space.	What does C-SPAN's transmission equipment consist of, according to its full meaning? Is any of #1 located in outer space?
1417	Rainbow	meteorological phenomenon	Are flag of Gabon colors found in rainbow?	True	Rainbows contain the following colors:  red, orange, yellow, green, blue, indigo and violet. The flag of Gabon is green, yellow, and blue.	What colors are found in a rainbow? What colors are in the flag of the country Gabon? Are all the colors in #2 found in #1?
1418	Johann Sebastian Bach	German composer	Did Johann Sebastian Bach influence heavy metal?	True	"Johann Sebastian Bach was a classical German composer born in 1685. Lead singer of heavy metal band Skid Row, Sebastian Bach, took his name from German composer Johann Sebastian Bach. Heavy Metal band Metallica released a live album with the San Francisco Symphony. Deep Purple, n English hard rock/heavy metal band has cited classical musicians as their inspiration. Deep Purple's keyboard and guitar solos on ""Highway Star,"" have been called Bach-like in harmonic progression and virtuosic arpeggio figuration."	"Who is the lead singer of ""Skid Row""? Who did #1 name himself after? Which classic musician's work have Deep Purple's solo on ""Highway Star"" been compared with? Are #2 and #3 Johann Sebastian Bach and both bands heavy metal?"
1419	Hello	salutation or greeting	Can your psychologist say hello to you while you are out at the supermarket?	False	Therapists are bound by confidentiality in all areas of their work.  It would violate the standard set by the APA for a therapist to acknowledge any client outside of a therapeutic setting.	What kind of code are therapists bound by in all areas of their work? Would it be in conformity to #1 to acknowledge a client outside a therapeutic setting?
1420	Dustin Hoffman	American actor and director	Will Dustin Hoffman likely vote for Trump in 2020?	False	Dustin Hoffman is a liberal and has long supported the Democratic Party and Ralph Nader. Donald Trump belongs to the Republican Party.	What is Dustin Hoffman's political party affiliation? What party is Donald Trump affiliated with? Is someone from #1 likely to vote for a candidate from #2?
1421	Mood disorder	(psychology) Any of various disorders characterised by disturbance in an individual's mood	Do people with mood disorders need permanent institutionalization?	False	Most mood disorders can be treated in the outpatient setting. Many people with mood disorders do not get diagnosed at all.	Do most mood disorders need the patient to leave their homes to get treatment?
1422	Sahara	desert in Africa	Can Poland Spring make money in the Sahara?	True	The Sahara is the largest hot desert Deserts are dry regions that receive little precipitation Poland Spring sells bottled water	What does Poland Spring produce and sell? What is the weather condition in the Sahara? Would #2 make #1 highly desirable?
1423	Ivan the Terrible	Grand Prince of Moscow and 1st Tsar of Russia	Was 847 Pope Leo same iteration of his name as Ivan the Terrible?	True	Pope Leo in 847 AD was the fourth Leo to have that name and was called Leo IV. Ivan the Terrible was the 4th Tsar to have the name Ivan and was known as Ivan IV Vasilyevich.	Which Pope Leo is associated with the year 847 AD? How many similarly named popes were before #1? What was Ivan the Terrible's title as a ruler? How many similarly named #3 ruled before him? Is #2 equal to #4?
1424	The Powerpuff Girls	American animated television series	Could the Powepuff Girls make the background to the Azerbaijani flag?	True	The national flag of the Republic of Azerbaijan is a horizontal tricolour featuring three equally sized fesses of blue, red, and green Each of the Powerpuff Girls creates a trail of a different color when she flies: Bubbles makes blue, Blossom makes red, and Buttercup makes green.	What colors are present on the Azerbaijani flag? What colors are the Powerpuff Girls? Is #1 the same as #2?
1425	Florence	Capital and most populous city of the Italian region of Tuscany	Is there a Harry Potter character named after Florence?	True	Firenze is the native Italian form of the name Florence. There is a centaur who appars as a minor character in the Harry Potter series named Firenze. Firenze appears in three of the Harry Potter books but only one movie.	What is the native Italian form for the name Florence? What is the name of the centaur who appears  in the Harry Potter series? Is #1 the same as #2?
1426	Snakebite	Injury caused by a bite from a snake	Would a snakebite hypothetically be a threat to T-1000?	False	Snakebites are dangerous because they inject venom into blood streams. The T-1000 is an android from the movie series Terminator. Androids are machines made of wires and computer parts.	Where does the injurous action of a snakebite happen? What kind of entity is a T-1000? Does a #2 have a #1?
1427	Ham	Pork from a leg cut that has been preserved by wet or dry curing, with or without smoking	Did Malcolm X avoid eating ham?	True	Malcolm X was a practicing Muslim Muslims are prohibited from eating foods derived from pigs	What religion did Malcolm X practice? Does #1 forbid its believers eating pig products?
1428	New Year's Eve	holiday celebrated on 31 December	Would New Year's Eve hypothetically be Bacchus's favorite holiday?	True	Bacchus was the Roman god of wine and revelry. One of the main New Year's Eve traditions is drinking a toast to the new year. New Year’s Eve is the biggest day of the year for liquor stores in terms of sales.	What was Bacchus the Roman god of? Do people tend to celebrate with #1 on New Year's Eve?
1429	Zebra	Black and white striped animals in the horse family	Are black and white prison uniforms made to resemble a zebra?	False	Prison stripes are made of parallel lines. Zebra stripes are jagged in appearance. 	What is the design on a prison uniform? What is the pattern on a zebra? Is #1 the same as #2?
1430	Jack Dempsey	American boxer	Did Jack Dempsey ever witness Conor McGregor's fights?	False	Jack Dempsey died in 1983. Conor McGregor's first MMA fight was in 2008.	In what year did Jack Dempsey die? In what year was Conor McGregor's first fight? Is #2 before #1?
1431	Immersion (virtual reality)	perception of being physically present in a non-physical world	Is immersion in virtual reality testable on cnidarians before humans?	False	Perceptions are interpreted in the brain via the nervous system Hypothetical ways of interfacing with the central nervous system are being explored for immersive virtual reality Cnidarians have a nervous system, but not a central nervous system	Which system of the human body will immersive virtual reality interact with? Do cnidarians have #1?
1432	Holy Land	Term used by Jews, Christians, and Muslims to describe the Land of Israel and Palestine	Is the Holy Land important to Eastern religions?	False	Eastern religions include Hinduism, Buddhism, and Shintoism. Hinduism recognizes seven Holy Cities which are Ayodhya, Mathura, Haridwar, Varanasi, Kanchipuram, Dvaraka and Ujjain. Bodh Gaya: (in the current Mahabodhi Temple, Bihar, India), is the most important religious site and place of pilgrimage for Buddhists. The most sacred Shinto shrine is located in the city of Ise, within the Shima Peninsula of Japan.	What are some typical Eastern religions? Which place is referred to as the Holy Land? Which places do some of #1 consider sacred or holy? Is #2 included in #3?
1433	Crucifixion	Method of capital punishment in which the victim is tied or nailed to a large wooden beam and left to hang until eventual death	Is Home Depot a one stop shop for crucifixion supplies?	True	A one stop shop is a store where multiple items are supplied. Crucifixion is a form of punishment in which a person is nailed to a wooden cross. Home Depot sells numerous supplies including: hammers, nails, and wood.	What is the definition of a one stop shop? What tools are necessary for Crucifixion? Is Home Depot a #1 for all of #2?
1434	Chrysler	Automotive brand manufacturing subsidiary of Fiat Chrysler Automobiles	Can you carry a Chrysler in a laptop bag?	False	Chrysler manufactures automobiles, which weigh several thousand pounds Laptop bags are designed to hold laptop computers, which typically weigh under ten pounds	"What kind of object is ""Chrysler"" referring to? How much do #1's typically weigh? What object is a laptop bag designed to carry? How much does #3 typically weigh? Is #4 greater than or equal to #2?"
1435	Bodybuilding	use of progressive resistance exercise to control and develop musculature	Would a bodybuilder enjoy wearing a cast for several weeks?	False	Casts encase a limb and prevent it from moving. Movement of limbs under resistance promote muscle growth. An absence of limb movement will result in decreased muscle size. The goal of bodybuilding is to increase the size of your muscles. Individuals are not happy when they are prevented from pursuing their goals.	What does a bodybuilder need to do on a daily basis? What does a cast limit freedom of? Does the limit on #2 make #1 possible?
1436	Charlemagne	King of the Franks, King of Italy, and Holy Roman Emperor	Would Temujin hypothetically be jealous of Charlemagne's conquests?	False	Temujin was the birth name of Genghis Khan. Genghis Khan founded the Mongol Empire which was the largest land empire in world history. Charlemagne, King of the Franks, conquered most of Western Europe. At its peak, the Mongol Empire had 110 million people. Charlemagne's empire had around 20 million people at its height.	Temujin was the name of which leader? How many people did #1's empire have at its peak? How many people did Charlemagne's empire have at its peak? Is #3 greater than #2?
1437	Brooklyn	Borough in New York City and county in New York state, United States	Can DRL Racer X drone get across Brooklyn Bridge in 18 seconds?	False	The Brooklyn Bridge is 1.1 miles long. The DRL Racer X drone can fly at a top speed of 179.6 MPH. The DRL Racer X drone can cover around 3 miles a minute.	What is the top speed of the  DRL Racer X drone? How long is the Brooklyn Bridge? What is #2 multiplied by 60 and then divided by #1? is #3 less than or equal to 18?
1438	Hyena	family of mammal	Would a human following a hyena diet be unwelcome at a vegan festival?	True	A hyena is a carnivorous mammal that feeds on the flesh of other animals. Vegans are people that stick to a strict diet that does not include animals or animal products.	What does the hyena diet consist mainly of? What do people on a vegan diet eat? Is there an overlap between #1 and #2?
1439	Red panda	Mammal of the family Ailuridae	Is it normal to see a red panda in Shanghai outside of a zoo?	False	The red panda is endemic to the temperate forests of the Himalayas, and ranges from the foothills of western Nepal to China in the east. The red panda lives between 2,200 and 4,800 m (7,200 and 15,700 ft) altitude, inhabiting areas of moderate temperature between 10 and 25 °C (50 and 77 °F) with little annual change. Shanghai is located on an alluvial plain, as such the vast majority of its land area is flat, with an average elevation of 4 m (13 ft).	At what elevations are red pandas found? What is the elevation of Shanghai? Is there an overlap between #1 and #2?
1440	Mayor	head of municipal government such as a town or city	Are Mayors safe from harm from the federal government?	False	The Mayor of Portland is Ted Wheeler. Ted Wheeler was tear-gassed by federal troops sent to his state.	Who is the mayor of Portland? Has #1 been able to avoid harm when federal troops were sent to his state
1441	Snickers	brand name chocolate bar made by Mars, Incorporated	Would 2019 Natalie Portman avoid a Snickers bar due to her diet?	True	Actress Natalie Portman resumed her vegan diet in 2018 after giving birth, and has been vegan ever since. Vegans do not eat animal products. Snickers contains egg whites as an ingredient.	What foods has Natalie Portman avoided since 2018? What are the ingredients in a Snickers bar? Is anything from #2 also in #1?
1442	Albatross	Large seabirds in the order Procellariiformes found in the Southern Ocean and the North Pacific	Do mollymawks live where albatrosses cannot?	False	A mollymawk is a type of albatross Any place inaccessible to albatrosses in general is inaccessible to specific types of albatross	Mollymawks are a type of which animal? Is #1 different from an albatross?
1443	Year	Orbital period of the Earth around the Sun	Can you listen to the entire Itunes song catalog in one year?	False	Itunes has around 43 million songs as of 2017. The average length of a song is 3 minutes. There are 525,600 minutes in a year.	How many songs are on iTunes? What is the average song length? What is #1 multiplies by #2? How many minutes are in a year? Is #4 greater than #3?
1444	Sesame	species of plant	Could white rice go rancid before sesame seeds?	False	Sesame seeds should last 6-12 months unopened. White rice can last 4-5 years in a pantry.	What is the shelf life of sesame seeds? What is the shelf life of white rice? Is #2 shorter than #1?
1445	Taco Bell	American fast-food chain	Does the Taco Bell kitchen contain cinnamon?	True	Taco Bell serves churros. Cinnamon is an ingredient in churros.	What dough pastry based snack does Taco Bell serve? Does #1 contain Cinnamon?
1446	Santa Claus	Folkloric figure, said to deliver gifts to children on Christmas Eve	Are most mall Santa Claus actors white?	True	In 2016, a black man playing Santa Claus at the Mall of America made national headlines. There are map websites dedicated to locating black Santa Claus mall actors.	What is the ethnicity of the man who made headlines for playing Santa Claus at the Mall of America in 2016? Does #1 imply that black Santas are a rare occurrence?
1447	Lip	Visible body part at the mouth	Does having lip piercings lead to more expensive dental bills?	True	Lip piercings can rub the enamel on your teeth and can cause tissue damage to the gums. Tooth enamel protects the teeth from decay.	What is the function of Tooth Enamel? Can Lip piercing cause damage to #1 Will #2 cost you more expensive dental bills?
1448	Bipolar disorder	mental disorder that causes periods of depression and abnormally elevated mood	Are you more likely to find bipolar disorder in a crowd than diabetes?	False	Bipolar disorder is a condition that effects around 1% of the population. It is estimated that around 10% of the population suffers from diabetes.	What percent of the population has bipolar disorder? What percent of the population has diabetes? Is #1 greater than #2?
1449	Heart	organ for the circulation of blood in animal circulatory systems	Do anatomical and symbolic hearts look remarkably different?	True	Symbolic hearts are sharply pointed at the bottom and feature a sharp valley between the bumps at the top. Anatomical hearts are rounded, have numerous vascular tubes entering and exiting them, and do not feature sharp angles.	What are the dimensions of the heart symbol? Do anatomical hearts lack the dimensions of #1?
1450	Gulf of Mexico	An Atlantic Ocean basin extending into southern North America	Are fossil fuels reducing jobs in the Gulf of Mexico?	True	An oil spill is still polluting the Gulf of Mexico Workers such as fishermen are out of work due to pollution	What are the consequences of fossil fuel presence in the Gulf of Mexico? Is #1 putting some people out of job?
1451	Fair trade	form of trade	Did Medieval English lords engage in fair trade with peasants?	False	Fair trade is a system in which fair prices are paid to the producers of a product. English lords had peasants working on their manors and the peasants were indentured servants. The peasants had few rights, were unpaid, and had to even ask their lord for permission to marry.	What is fair trade? Are peasants able to participate in #1 with Lords?
1452	Small Solar System body	object in the Solar System that is neither a planet, nor a dwarf planet, nor a satellite	Is the name of a mythical creature also the name of a Small Solar System body?	True	A centaur is a kind of Small Solar System body with characteristics of both asteroids and comets. A centaur is also a mythical creature that has the body of a horse and the head of a man.	What is a mythical creature with the body of a horse and the head of a man called? Is any Small Solar System named after #1?
1453	Astronomer	Scientist who studies celestial bodies	Do astronomers write horoscopes?	False	Astronomer study the actual science of the stars. Horoscopes are written by astrologers, not astronomers.	Which field of science do horoscopes fall under? Which science field do astronomers study? Is #1 the same as #2?
1454	Crustacean	subphylum of arthropods	Could a Diwali celebration feature a crustacean?	True	Diwali is an important Hindu holiday which includes feasting. Crustaceans are shelled, mainly aquatic animals that include shrimp, lobster, and crabs. Hindus are allowed to eat any food besides beef, since cows are sacred. Hindus are allowed to eat 	What religion celebrates Diwali with feasting? What foods are on #1 s forbidden list? Is lobster part of #2?
1455	Chives	edible species of plant	Are there any chives hypothetically good for battling vampires?	True	Vampires in folklore have a weakness to garlic. Chives, an edible plant species, come in a number of varieties. Garlic chives are a variant of chives first found in China thousands of years ago.	What items are used to ward off vampires according to folklore? What are the varieties of chives that exist? Is any of #1 included in #2?
1456	Golden Gate Bridge	suspension bridge on the San Francisco Bay	Can you make an MP3 from the Golden Gate Bridge?	True	MP3 is a file compression format for audio recordings The Golden Gate Bridge has been reported emitting sounds when the wind passes through its sidewalk railing slats	What is an MP3 a compressed file of? Does the Golden Gate Bridge produce #1?
1457	Ubuntu	Linux distribution based on Debian	If you were at an Apple store, would most of the computers be running Ubuntu?	False	Apple stores stock only Mac brand computers. Mac computers come preinstalled with the latest iOS.	Which operating system do Apple computers run on? Is #1 the same as Ubuntu?
1458	Charles Darwin	"""British naturalist, author of """"On the Origin of Species, by Means of Natural Selection"""""""	Did Lamarck and Darwin agree about the origin of species diversity?	False	Darwin theorized that evolution was driven by the fittest animals surviving and passing their genes on. Lamarck theorized that animals' responses to needs in their life would influence the growth of their offspring.	What was Darwin's theory about the origins of species diversity? What was the theory of Lamarck regarding the origins of different species? Are the theories of #1 and #2 the same?
1459	Saint Vincent and the Grenadines	Country in the Caribbean	Was Saint Vincent and the Grenadines named by an Italian explorer?	True	Christopher Columbus, an Italian explorer, was the first European to discover the islands. He named them after St. Vincent because he first saw the island on the saint's feast day, and the Spanish city of Granada.	Who discovered Saint Vincent and the Grenadines? Was #1 from Italy?
1460	Alice in Wonderland (1951 film)	1951 American animated musical fantasy film produced by Walt Disney Productions	Was milliner in Alice in Wonderland (1951 film) likely in need of succimer?	True	A milliner is someone who makes hats. The character of the Mad Hatter was a milliner in the 1951 Alice in Wonderland film. The phrase, Mad as a Hatter, comes from the fact that hat makers used mercury to line their hats and often suffered mercury poisoning. Succimer is a chemical that is used to treat lead, mercury, and arsenic poisoning.	What does a milliner do? Which Alice in Wonderland (1951 film) character did #1? Which element did #2 use for work that could be harmful to their mental health? Is succimer useful for treatment of the effects of #3?
1461	Curling	Team sport played on ice	Is a curling iron necessary in curling?	False	A curling iron is a tool used to make the hair curly using heat. The sport of curling requires curling brooms, stones (rocks), and curling shoes. Changing the structure of your hair has no practical benefit to the sport of curling.	What equipment is used in the sport of curling? Is a curling iron included in #1?
1462	Red hair	Hair color	If you have black hair and want red hair, do you need bleach?	True	You cannot dye hair to be lighter than the starting color. To make hair a color lighter than the starting color, you need to bleach the hair.	Why would someone need bleach when dying their hair? Is red hair #1 than black hair?
1463	Reddit	Online news aggregator	Can you buy Reddit at Walmart?	False	Reddit is an online social networking forum and community Walmart sells tangible goods and services	What is Reddit? Is #1 tangible? Does Walmart sell tangible items?? Are #2 and #3 the same?
1464	Management	Coordinating the efforts of people	In order to work in district management, does one need a car?	True	District managers are responsible for supervising many stores within an area. District managers must travel to the various stores they supervise to ensure peak performance.	What is the main responsibility of district managers? In order to do #1 efficiently, is a car needed? 
1465	Asparagus	species of plant	Are slime lilies in a different scientific family than asparagus?	False	Asparagus is a species of plants of the Asparagaceae family. Slime lilies are the common name for the flowering albuca plant. The albuca plant belongs to the scientific family of Asparagaceae.	Which family does the asparagus belong to? Which plants are commonly referred to as slime lilies? Which family does #2 belong to? Is #1 different from #3?
1466	Forbidden City	Art museum, Imperial Palace, Historic site in Beijing, China	Is the Forbidden City host to a wooden rollercoaster?	False	Wooden rollercoasters are relatively modern. The Forbidden City is an ancient historic site.	When were wooden rollercoasters first built? What is the Forbidden City? When was #2 built? Did #3 come before #1?
1467	Emu	Large flightless bird endemic to Australia	Are emus related to elks?	False	Emus are a type of flightless bird. Elks are deer, which are mammals.	What type of animal are Emus? What type of animals are Elks? Are #1 and #2 the same?
1468	Celery	species of plant	Did any cultures associate celery with death?	True	Ancient Greeks used garlands of celery leafs to bury their dead. Ancient Greece was considered a culture. 	What are the various forms of cultural depictions of celery? Is any of #1 associated with death?
1469	Butter	dairy product	Would toast for a vegan have margarine instead of butter?	True	Margarine is typically made without the use of dairy ingredients. Vegans do not eat any animal products, including dairy and eggs.	Which products are avoided in vegan diet? Is margarine free of #1?
1470	Michael Crichton	American author, screenwriter, film director	Was Michael Crichton ever in danger of flunking out of Harvard as an undergraduate?	False	Scholastic probation or academic dismissal, sometimes known as flunking out, is the termination of students at a higher educational institution as the result of poor academic achievement. Michael Crichton obtained his bachelor's degree in biological anthropology summa cum laude in 1964. Summa cum laude is the highest distinction a person can achieve in college for academic success. Someone who achieves summa cum laude cannot have even a single semester of poor grades.	What grade is considered flunking in US colleges? What honors did Michael Crichton graduate with? Can someone achieve #2 with grades of #1?
1471	Salsa (sauce)	Sauce	Would the chef at La Grenouille find salsa to be a strange request?	True	La Grenouille is a classic French cuisine restaurant in NYC. Salsa is a staple food in Mexican cuisine.	What type of cuisine does La Grenouille serve? Would you typically find salsa in #1?
1472	Pyrenees	Range of mountains in southwest Europe	Would Jolly Green Giant's largest monument look impressive next to Pyrenees?	False	The Jolly Green Giant monument in Blue Earth, Minnesota is 55.5 feet tall. The Pyrenees mountains are 11,168 feet high. The Pyrenees mountains are 305 miles wide.	How tall is the tallest monument to the Jolly Green Giant? How high is the tallest of the Pyrenees? Is #1 greater than or equal to #2?
1473	Lecturer	tenure-track or tenured position at a university or similar institution	Would Quiet from Metal Gear be a poor hypothetical choice for lecturer at Haub?	True	Quiet is an assassin from the Metal Gear video game series that does not speak. Haub is a school at Pace University that has annual lectures. Haub is a law school that has annual lectures on topics in the law field.	Who is Quiet? What is #1 unable to do? How does one convey information as a lecturer? Is #2 the same as #3?
1474	Morphine	Pain medication of the opiate family	Could morphine cure HIV?	False	Morphine is an opioid that is used to treat pain. HIV is a virus that has no known cure, but can be treated with anti-retroviral drugs.	What is morphine used to treat? What type of system is affected by contraction of HIV? Will treatment of #1 cure HIV-infected #2?
1475	1960	Year	Could you buy Hershey's Kisses in red foil with farthings after 1960?	False	The British farthing was made obsolete at the end of 1960 In 1962, Hershey's Kisses began to be sold in colored wrappers (such as red foil)	When was the British farthing made obsolete? When did Hershey's Kisses begin selling candy sold in colored wrappers? Is #2 before #1?
1476	Ammonia	Chemical compound of nitrogen and hydrogen	Is an ammonia fighting cleaner good for pet owners?	True	Ammonia is a component in pet urine. Ammonia has a very pungent and unpleasant odor.	What unsanitary substances contain ammonia? Is animal waste included in #1?
1477	Orange County, California	County in California, United States	Did the founders of the biggest city in Orange County, California speak Italian?	False	Anaheim is the biggest city in Orange County, California Anaheim was founded by fifty German families People from Germany speak German	What is the biggest city in Orange County, California? Who founded #1? Did #2's speak Italian? 
1478	Isaac	Biblical character	Did Isaac's father almost commit similar crime as Marvin Gay Sr.?	True	Filicide is the act of killing a son or a daughter. Marvin Gay Sr. committed filicide in 1984 when he shot his son, singer Marvin Gaye. Isaac's father Abraham, was commanded by God to sacrifice his son Isaac, but was spared by an angel.	What crime did Marvin Gay Sr commit? Was the Biblical Abraham going to commit #1?
1479	The Jackson 5	American pop music family group	Could the Jackson 5 play a full game of rugby with each other?	False	The Jackson 5 consisted of five members. A full game of rugby is played between 2 teams of 15 players each.	How many members are in the Jackson 5? How many players are there in a full game of rugby? Is #1 greater than or equal to #2?
1480	Snickers	brand name chocolate bar made by Mars, Incorporated	Is Snickers helpful for weight loss?	False	Weight loss is best achieved through watching the calories and sugar in the food you eat. Snickers is high in fat, sugar, and calories, while being low in nutritional value.	What must you avoid to best achieve weight loss? Are snickers avoid of those #1?
1481	Fair trade	form of trade	Is the United States the largest exporter of Fair Trade products?	False	Fair trade is an arrangement designed to help producers in developing countries achieve good trading. The United States is not considered a developing country.	"What countries can use the designation ""fair trade"" for their goods?  Does the US have the designation in #1?"
1482	The Matrix	1999 science fiction action film directed by the Wachowskis	Was Harry Potter a better investment than The Matrix for Warner Bros.?	True	Warner Bros. distributes several movie franchises including The Matrix, Harry Potter, and The Dark Knight. The Matrix had 2 sequels. Harry Potter had 7 sequels and several spin-offs. Harry Potter and the Deathly Hallows – Part 2 is Warner Bros. highest grossing film worldwide with a box office gross of $1,342,932,398.	How much did the Harry Potter (film series) gross? How much did the The Matrix (franchise) gross? Is #1 greater than #2?
1483	Lemon	citrus fruit	Does Lemon enhance the flavor of milk?	False	When milk becomes acidic, the water and fats separate from each other. When the water and fats separate in milk, it becomes clumpy and has a bad texture. Lemon is highly acidic.	What is the effect of acid on milk? Does #1 make milk more desirable? Is Lemon acidic? Is #2 or #3 negative?
1484	Tom Cruise	American actor and producer	Would Tom Cruise ever insult L. Ron Hubbard?	False	Tom Cruise is an outspoken advocate for the Church of Scientology and its associated social programs. The Church of Scientology was founded by L. Ron Hubbard. L. Ron Hubbard is a revered and god-like figure in The Church of Scientology.	What was founded by Ron Hubbard?  Would Tom Cruise ever insult #1
1485	Toyota Supra	A sports car and grand tourer manufactured by Toyota Motor Corporation	Would 2020 Toyota Supra lag behind at a Nascar rally?	True	The 2020 Toyota Supra has a top speed of 155 MPH. Nascar stock cars routinely exceed 200 MPH.	What speeds do stock cars in a NASCAR race routinely attain? What is the top speed of a Toyota Supra? Is #2 less than #1?
1486	Reiki	Pseudoscientific healing technique	Can Reiki be stored in a bottle?	False	"Reiki practitioners use a technique called palm healing or hands-on healing through which a ""universal energy"" is said to be transferred through the palms of the practitioner to the patient in order to encourage emotional or physical healing. Medications are typically stored in pill bottles."	What basic property must a thing have to be able to be stored in a bottle? By definition, Reiki is a pseudoscientific healing what? Do #2's have the property stated in #1?
1487	Düsseldorf	Place in North Rhine-Westphalia, Germany	Can you see Stonehenge from a window in Dusseldorf?	False	Dusseldorf is a city in Germany. Stonehenge is a prehistoric monument in Wiltshire, England. Wiltshire England is around seven hours away from Dusseldorf Germany by car.	Where is Stonehenge located? Where is Düsseldorf located? Is #1 geographically close to #2?
1488	Lorem ipsum	Placeholder text used in publishing and graphic design	Does Lorem ipsum backwards fail to demonstrate alliteration?	False	Lorem ipsum backwards is Muspi merol. Alliteration is the occurrence of the same letter or sound at the beginning of adjacent or closely connected words. Examples of alliteration are phrases like: Mixed messages, and big bang.	What is Lorem ipsum spelled backwards? What property makes a group of words alliterative? Is #2 not present in #1?
1489	War	Intense violent conflict between states	Could casualties from deadliest war rival France's population?	False	The deadliest war in history was World War II. Over 56 million people died during World War II. The population of France as of 2019 is 66 million.	What is the population of France? What was the deadliest war? How many people died in #2? Is #3 greater than #1?
1490	Abortion	Intentionally ending pregnancy	Do pediatricians perform abortions?	False	Pediatricians specialize in the treatment of children and adolescents.  Training in abortions is not provided to pediatricians in their schooling.	What is a Pediatrician's job duties? Is abortion in #1?
1491	Olive	Species of plant	If you're reducing salt intake, are olives a healthy snack?	False	The average amount of sodium a healthy person should have is 2,300mg daily. A half cup serving of olives has an average of 735mg sodium in it.	What is the average amount of sodium a healthy person should have a day? How much sodium is in a serving of olives? Is #2 a small percentage of #1?
1492	Israelis	Ethnic group	Have the Israelis played the Hammerstein Ballroom?	False	The Israelis are an ethnic group The Hammerstein Ballroom is a venue for concerts and musical performances	What kind of groups play in the Hammerstein Ballroom? What kind of a group is the Israelis? Is #2 included in #1?
1493	Attack on Pearl Harbor	Surprise attack by the Imperial Japanese Navy on the U.S. Pacific Fleet in Pearl Harbor in Hawaii	Did the Pearl Harbor attack occur during autumn?	True	Autumn runs from about September 20 to about December 20. Pearl Harbor was attacked on December 7, 1941.	When did the Pearl Harbor attack happen? Where is Pearl Harbor located? When is it autumn in #2? Does #1 fall within the range of #3?
1494	Al-Farabi	Philosopher in 10th century Central Asia	Did Al-Farabi ever meet Mohammed?	False	Al-Farabi was born in 872 AD. Mohammed died in 832 AD.	How long ago did Mohammed die? When was Al-Farabi born? Is #1 before #2?
1495	NASCAR Cup Series	Top tier auto racing division within NASCAR	Could William Franklyn-Miller win a 2020 Nascar Cup Series race?	False	William Franklyn-Miller is an actor known for the TV series Medici: The Magnificent. William Franklyn-Miller turned 16 in March of 2020. Nascar Cup Series races have a minimum age of 18.	Who is William Franklyn-Miller? How old is #1? What is the minimum age to join the Nascar Cup Series? Is #2 larger than #3?
1496	Knight	An award of an honorary title for past or future service with its roots in chivalry in the Middle Ages	Are the knights in the Medieval Times show not authentic knights?	True	The Medieval Times show is popular in the United States. The United States does not actually bestow knighthood on its citizens. Authentic knights are citizens of certain countries, mainly the United Kingdom, who are given the honorary title by their country.	Which country is the Medieval Times show hosted in? Does #1 not confer knighthood on its citizen?
1497	Macbeth	play by William Shakespeare	Would costumes with robes and pointy hats be helpful for Macbeth?	True	Macbeth features scenes with three witches throughout the play.  Witches are often displayed with pointy hats and long black robes.	What characters are in Macbeth? What characters wear pointy hats and robes? Would any of #1 wear #2?
1498	Lord Voldemort	Fictional character of Harry Potter series	Was Lord Voldemort taught by Professor Dumbledore?	True	Lord Voldemort grew up as the orphan boy Tom Riddle. Tom Riddle was brought to Hogwarts by Professor Dumbledore. Dumbledore was one of Riddle's teachers during his time as a student.	Who did Lord Voldemort grow up as? Where was #1 brought to by a professor as a child? Was Professor Dumbledore a teacher at #2 when Tom Riddle was there?
1499	Satanism	group of ideological and philosophical beliefs based on Satan	Is Christianity better for global warming than Satanism?	True	Global warming happens because CO2 is released into the atmosphere and warms it up. Humans release two tons of carbon dioxide a year. Reducing the population will lead to a reduction of CO2 in the atmosphere. The Christian Crusades caused the deaths of nearly three million people. In 1980s and 1990s there were allegations of Satanic ritual deaths, though only a few cases were substantiated.	How much population reduction is needed for there to be an impact on carbon dioxide levels in the atmosphere? How many people have been killed in the name of Christianity? How many people have been killed in the name of Satanism? Is #2 closer to #1 than #3 is?
1500	Purple	Range of colors with the hues between blue and red	Were mollusks an ingredient in the color purple?	True	Mollusks are a group of invertebrate animals including snails and slugs. Purple dye was used in the early 15th century BC to color clothing. The purple dye used in ancient Tyre was made from a liquid extracted from a gland in snails.	Which animal was used in making purple glands in ancient Tyre? Is #1 a mollusk?
1501	Artisan	skilled craft worker who makes or creates things by hand	Are twinkies considered artisan made products?	False	Twinkies are mass produced in multiple commercial bakeries. In bakeries, Twinkies are made by machines.	How are artisan-made products made? How are Twinkies produced? Does #2 match with #1?
1502	Sable	Species of marten	Was the sable depicted in Marvel comics anthropomorphic?	False	Anthropomorphism is the process of giving human characteristics to an animal or non human object. A sable is a carnivorous mammal of the weasel family. Silver Sable was a female character that first appeared in Marvel Comics in 1985. Silver Sable was a human mercenary that wore a silver suit and used hand to hand combat and weaponry to battle war criminals.	What characteristics do anthropomorphic characters have?  What Marvel character is based on a sable? Does #2 fit the criteria for #1?
1503	Mercenary	Soldier who fights for hire	Did mercenaries fight for England in the Glorious Revolution?	False	Mercenaries are soldiers for hire There was no military conflict in England in the Glorious Revolution	What happened in England during the Glorious Revolution? Did #1 involve combat?
1504	Groundhog Day	Traditional method of weather prediction	Is groundhog day used as a global season indicator? 	False	Groundhog Day is an American tradition that occurs on February 2nd.  Groundhog Day derives from a superstition that if a groundhog sees it's shadow it will mean there are six more weeks of winter. People living in the southern hemisphere of the world experience summer while the people in the north experience winter. Different global cultures define the dates of seasons differently.	Where is Groundhog Day celebrated? Is #1 in both the northern and southern hemisphere?
1505	Yeti	Folkloric ape-like creature from Asia	Would a Yeti be likely to have prehensile limbs?	True	The animals that Yetis are said to look similar to are able to use their hands or toes to grasp items The ability to grasp with hands or other limbs is to be prehensile. 	What does it mean to be prehensile? What animals are Yetis said to look like? Would #2 be considered #1?
1506	Asteroid	Minor planet that is not a comet	Can an asteroid be linked with virginity?	True	An asteroid discovered in 1807 was named Vesta Vesta is the Roman virgin goddess of hearth, home and family	What was the name of the asteroid that was discovered in 1807? What did #1 stand for as a Roman goddess? Is #2 related to virginity?
1507	Sugar Ray Robinson	American boxer	Did Sugar Ray Robinson win a fight against Canelo Alvarez?	False	Sugar Ray Robinson died in 1989 Canelo Alvarez was born in 1990	In what year did Sugar Ray Robinson die? In what year was Canelo Alvarez born? Is #2 before #1?
1508	Royal Observatory, Greenwich	observatory in Greenwich, London, UK	In geometry terms, is the Royal Observatory in Greenwich similar to a yield sign?	False	The main building of the Royal Observatory is the Octagon Room. A yield sign is shaped like a rounded triangle. Two figures are similar if they have the same shape but not necessarily the same size.	What is the shape of the Royal Observatory in Greenwich? What is the shape of a yield sign? Is #1 geometrically similar to #2?
1509	Monty Python's Flying Circus	British sketch comedy television series	Did Monty Python write the Who's on First sketch?	False	Who's on First debuted in 1945. Monty Python's first show was in 1969.	When was the Who's on First sketch first performed? When was the debut of the Monty Python show? Is #2 before #1?
1510	Charlemagne	King of the Franks, King of Italy, and Holy Roman Emperor	Did Charlemagne have a bar mitzvah?	False	Charlemagne was a Roman Catholic Bar mitzvah is a coming of age ceremony in Judaism	What was Charlemagne's religion? In what religion is a bar mitzvah celebrated? Is #1 the same as #2?
1511	Common Era	alternative (and religiously neutral) naming of the traditional calendar era, Anno Domini	Is entire Common Era minuscule to lifespan of some trees?	True	The Common Era has lasted for over 2,000 years as of 2020. A tree named Methuselah, from California's White Mountains, is almost 5,000 years old.	How long has the Common Era lasted? How old is the oldest known tree? Is #2 greater than #1?
1512	Kaffir lime	A citrus fruit native to tropical Southeast Asia and southern China	Would kaffir lime be good in a White Russian?	False	A White Russian is a drink containing cream, vodka, and Kahlua. Mixing lime and cream results in curdled milk, which is not good to drink.	What are the ingredients of a White Russian? Do any of #1 curdle when mixed with lime?
1513	Chinook salmon	species of fish	Could eating Chinook salmon help Ryan Reynolds?	True	Chinook salmon is high in omega-3 fatty acids. Omega-3 fatty acids can aid treatment of depression.  Ryan Reynolds has struggled with depression.	What mental disorder did Ryan Reynolds suffer from? What nutrient may be able to aid in treatment of #1? Is chinook salmon high in #2?
1514	Depression (mood)	state of low mood and fatigue	In teenagers and young adults with depression, are SSRI medications less safe than they are for adults?	True	In teens, SSRI medications may increase the risk of suicidal thinking. In adults over 25, SSRI medications are regarded as generally safe.	What are potential side effects of SSRIs for adults? What are the potential side effects of SSRIs for teenagers? Are the hazards in #2 worse than the hazards in #1?
1515	Anorexia nervosa	Eating disorder characterized by refusal to maintain a healthy body weight, and fear of gaining weight due to a distorted self image	Are red legs a sign of failing health in those with Anorexia Nervosa?	True	Heart failure or disease can lead to the legs becoming red or pink in color. Anorexia Nervosa can lead to heart failure and death.	What is a complication associated with Anorexia Nervosa that affects the heart? What happens to a person's legs when #1 occurs? Is #2 a sign of failing health?
1516	Cheshire	County of England	Do citizens of Cheshire sing La Marseillaise?	False	Cheshire is a county located in England in the United Kingdom La Marseillaise is the national anthem of France	Which song is referred to as 'La Marseillaise'? #1 is usually sung by the citizens of which country? Which country is Cheshire located in? Is #2 the same as #3?
1517	Ancient Greek	Version of the Greek language used from roughly the 9th century BCE to the 6th century CE	Are seasons of Survivor surpassed by number of Ancient Greek letters?	False	The reality show Survivor has aired 40 seasons as of 2020. The Ancient Greek alphabet consisted of 24 letters.	How many seasons of Survivor have there been as of 2020? How many letters were in the Ancient Greek alphabet? Is #2 greater than #1?
1518	Jumping spider	family of arachnids	Would a jumping spider need over half a dozen contact lenses?	True	Jumping spiders have eight eyes. Half a dozen objects is equal to six objects. One contact lens is worn per eye.	How many eyes do jumping spiders have? How much is half a dozen? Is #1 more than #2?
1519	Harvey Milk	American politician who became a martyr in the gay community	Would Harvey Milk have approved of Obama?	True	Obama awarded Harvey Milk a posthumous Medal of Freedom.  Obama was known for supporting marriage equality and LGBT rights. 	What was Harvey Milk known for? Did Obama support #1? Is #1 the same as #2?
1520	Dual-energy X-ray absorptiometry	diagnostic test for bone mineral density testing	Would dual-energy X-ray absorptiometry be useful if performed on a crab?	False	Dual-energy X-ray absorptiometry is typically used to diagnose and follow osteoporosis. Osteoporosis is a disease in which bone weakening increases the risk of a broken bone. Crabs are invertebrates. Invertebrates do not have bones.	What condition is diagnosed with dual-energy X-ray absorptiometry? What body parts are affected by #1? Do crabs have #2?
1521	Aloe vera	Species of plant	Would a house full of aloe vera hypothetically be ideal for Unsinkable Sam?	False	Aloe vera is a plant species that is toxic to cats. Unsinkable Sam was a cat that supposedly served during World War II.	What kind of animal was Unsinkable Sam? What is aloe vera? Is #2 safe for #1 to be around?
1522	Hour	unit of time	Can a human eat an entire 12-lb roast turkey in an hour? 	False	A serving of roast turkey is about 1 pound of uncooked turkey. A 12-lb roast turkey would contain about 12 servings of cooked turkey meat. One human cannot eat 12 1-lb servings of turkey in one sitting.	What is the most food a person has eaten in one hour? A 12 pound uncooked turkey provides how much cooked meat? Is #1 greater than or equal to #2?
1523	Kurt Cobain	American singer, composer, and musician	Was Kurt Cobain's death indirectly caused by Daniel LeFever?	True	Kurt Cobain committed suicide with a shotgun. Daniel LeFever was the inventor of the American hammerless shotgun.	What object caused the death of Kurt Cobain? Was #1 invented by Daniel LeFever?
1524	Charles Manson	American criminal, cult leader	Was Charles Manson's body unwanted?	False	Charles Manson's body was debated over for so long that he had to stay on ice. Charles Manson had four people fighting over his corpse.	How many people tried to claim Charles Manson's body? Is #1 equal to zero?
1525	Peach	species of fruit tree (for the fruit use Q13411121)	Are peaches best eaten when firm?	False	Peaches are sweeter and easier to digest when they are soft to the touch. People tend to let their peaches sit until they soften. 	When a peach is considered best to be eaten, what characteristics does it have? When a peach is firm, does it have most of the characteristics listed in #1?
1526	Jack Black	American actor, comedian, musician, music producer and youtuber.	Is Jack Black's height enough to satisfy Coronavirus distancing?	False	"Jack Black is 5'6"" tall. The CDC recommends people stay 6 feet apart."	How tall is Jack Black? What is the minimum recommended length for social distancing? Is #1 at least #2?
1527	Soldier	one who serves as part of an organized armed force	Can children be soldiers in the US Army?	False	A soldier is a member of the armed forces. The US Army is the land warfare branch of the United States. The minimum age for enlistment in the US Army is 18 years old.  A child is considered is considered to be anyone under the age of 18 years old.	What is the minimum age to enlist in the US Army? Is a child's age above #1?
1528	Hotel manager	person managing a hotel	Could Charlie Bucket be a hotel manager?	False	"Charlie Bucket is a fictional character from ""Charlie and the Chocolate Factory"", portrayed as a child. Children cannot be hotel managers."	How was Charlie Bucket portrayed in Charlie and the Chocolate Factory? Is #1 as an adult?
1529	White	color	Can paresthesia be caused by a white pigment?	True	Tingling in the hands or feet is a type of paresthesia Lead white exposure can lead to lead poisoning Symptoms of lead poisoning include tingling in the hands and feet	What kinds of white pigment have adverse health effects? What are the symptoms of paresthesia? Can any of #1 cause #2?
1530	Astrology	Pseudoscience claiming celestial objects influence human affairs	Would Elon Musk be more likely to know about astrology than physics?	False	Elon Musk is a businessman and engineer with a bachelor's degree and unfinished Ph.D. in physics Engineering is based on principles of applied physics Astrology is not a form of science or applied science	Which field(s) of study did Elon Musk specialize in? Is Astrology closely related to (any of) #1?
1531	Pearl Harbor	Harbor on the island of Oahu, Hawaii	Is Pearl Harbor the mythical home of a shark goddess?	True	The native Hawaiian people believed Pearl Harbor was the home of Kaʻahupahau. Kaʻahupahau is a shark goddess in Hawaiian legends. 	What did the native Hawaiian people believe Pearl Harbor was home to? What was #1? IS #2 the same as a shark goddess?
1532	Ocean sunfish	species of fish	Would it be impossible to keep an ocean sunfish and a goldfish in the same tank?	True	Ocean sunfish live in salt water environments. Goldfish live in fresh water environments. Putting a fish into the wrong water type can cause them to die.	What kind of water habitat does the ocean sunfish live in? What kind of water habitat do goldfish live in? Is #1 interchangeable with #2
1533	Maize	Cereal grain	Did Demi Lovato's ancestors help turn maize into popcorn?	True	Demi Lovato's father is Mexican. Maize is another word for corn. Corn was first domesticated in southern Mexico about 10,000 years ago. Popcorn is made from kernels of corn.	Where is popcorn from originally? Where is Demi Lovato's ancestors from? Are #1 and #2 the same?
1534	Baptism	Christian rite of admission and adoption, almost invariably with the use of water	Was Alexander the Great baptized?	False	Baptism is a symbolic Christian rite using water. Christianity started in the first century AD. Alexander the Great lived from 356 BC- 323 BC.	Baptism is a rite in which religion? When did #1 develop? When did Alexander the Great die? Is #2 before #3?
1535	Globalization	process of international integration arising from the interchange of world views, products, ideas, and other aspects of culture	Are System of a Down opposed to globalization?	True	In Boom!, System of a Down condemns globalization. The lead vocalist of the band System of a Down is outspoken against globalization. 	What is globalization? Is the lead vocalist of the band System of a Down against #1?
1536	Scottish people	ethnic inhabitants of Scotland	Are Scottish people Albidosi?	True	The Scottish people emerged from an amalgamation of two Celtic-speaking peoples, the Picts and Gaels, who founded the Kingdom of Scotland. What the Picts called themselves is unknown. It has been proposed that they called themselves Albidosi. The Kingdom of Scotland is also known as the Kingdom of Alba.	Which tribes did the Scottish people emerge from? Have any of #1 been referred to as Albidosi?
1537	Aldi	Germany-based supermarket chain	Would you spend less on your food at Aldi than at Whole Foods?	True	Whole Foods is known for costing 10-20% more than other stores. Aldi is known for having deeply discounted food and home supplies.	What is Aldi mainly known for? Compared to other stores, how do Whole Foods prices compare? Would #1 have goods that cost less than #2?
1538	Los Angeles Memorial Sports Arena	Former arena in California, United States	Was Los Angeles Memorial Sports Arena hypothetically inadequate for hosting Coachella?	True	The Los Angeles Memorial Sports Arena had a capacity of 16,740 people. Coachella has had attendance numbers in excess of 99.000 people. Coachella relies on an outdoor set up to accommodate the massive crowds.	How many people can the Los Angeles Memorial Sports Arena hold? How many people usually attend Coachella? Is #2 greater than #1?
1539	Viscosity	Resistance of a fluid to shear deformation	Does water have viscosity?	False	Viscosity is resistance of fluid to deformation. Water is not resistant to deformation.	What is viscosity? Is water #1?
1540	Pharmacology	Branch of biology concerning drugs	Did Julius Caesar read books on Pharmacology?	False	Pharmacology has its origins in the Middle Ages. The Middle Ages took place from 476 AD-1453 AD. Julius Caesar lived from 100 BC-44 BC.	When did Julius Caesar die? When did Pharmacology emerge as a field of study? Is #1 after or within #2?
1541	NATO	Intergovernmental military alliance of Western states	NATO doesn't recognize double triangle flag countries?	True	NATO is a members only alliance of several countries. Nepal has a double triangle flag. Nepal has not been recognized as a member of NATO.	What country has a flag with double triangles on it? Which countries are part of NATO? Is #1 not included in #2?
1542	Chlorine	Chemical element with atomic number 17	Could a dichromat probably easily distinguish chlorine gas from neon gas?	False	A dichromat is someone with color blindness that can have difficulty distinguishing red and green Chlorine gas is green or yellow-green Neon gas is red	What two colors does a dichromat struggle to distinguish between? What color is Chlorine gas? What color is Neon Gas? Is #1 different from #2 and #3?
1543	New England	Region in the northeastern United States	Can someone from New England profit by growing coffee?	False	Coffee can only be grown in subtropical and equatorial climates New England is located in a humid continental climate	What climates does coffee grow in? What kind of climate does New England have? Is #1 the same as #2?
1544	Saltwater crocodile	species of reptile	Is the saltwater crocodile less endangered than the European otter?	True	"The saltwater crocodile is listed as ""least concern"" on the International Union for the Conservation of Nature Red List. The European otter is listed as ""near threatened"" on the International Union for the Conservation of Nature Red List. The International Union for the Conservation of Nature Red List starts with ""least concern"", then ""near threatened"", ""vulnerable"", ""endangered"", ""critically endangered"", ""extinct in the wild"", and ""extinct""."	What is the saltwater crocodile's conservation status on the IUCN red list? What is the European otter's conservation status on the IUCN red list? Is #1 less severe than #2?
1545	Muslim world	Muslim-majority countries, states, districts, or towns	Is the Muslim world hostile to Israel?	True	Israel, a small Middle Eastern nation which is considered the Jewish holy land, contains the ancient city of Jerusalem and other ancient holy sites. Jerusalem is the third most holy site for Muslims, after Mecca and Medina. Prior to English occupation in the 18th-20th centuries, the Muslim-based Ottoman Empire controlled Jerusalem. The Muslims want to reclaim Jerusalem and the surrounding holy lands.	What is the religious significance of Israel's historic cities to Muslims? Are the Muslims presently in control of Israel? Considering #1, do the Muslims wish to change the situation of #2?
1546	Carnation Revolution	revolution	Was the Carnation Revolution the deadliest revolution in Europe?	False	The Carnation Revolution was initially a 25 April 1974 military coup in Lisbon which overthrew the authoritarian Estado Novo regime. Its name arose from the fact that almost no shots were fired, and Celeste Caeiro offered carnations to the soldiers when the population took to the streets to celebrate the end of the dictatorship; other demonstrators followed suit, and carnations were placed in the muzzles of guns and on the soldiers' uniforms. Portugal is a country located mostly on the Iberian Peninsula, in southwestern Europe.	Why was the Carnation Revolution so named? Does #1 imply that no lives were lost? Did the Revolution take place in Europe? Is #2 or #3 negative?
1547	Table tennis	Racket sport	Does table tennis use prime numbers?	True	A table tennis game is won by the player first scoring 11 points. 11 is a prime number.	What are the scores that can be awarded in a game of table tennis? Is any of #1 a prime number?
1548	Surveillance	monitoring of behavior, activities, or other changing information	Can you conduct surveillance from a teddy bear?	True	Surveillance is the act of monitoring or observation Nanny cams are used for surveillance of behavior when a family leaves their home and/or children in the care of a third party Nanny cams are often placed in common household objects like teddy bears	In what kind of context/environment are nanny cams used for surveillance? Would a teddy bear accommodate a nanny can and be commonly found in #1?
1549	Osama bin Laden	Co-founder of al-Qaeda	Was a Tiny House ceiling out of Osama bin Laden's reach?	False	"Osama bin Laden was 6'5"" tall. Tiny Houses have ceilings that are between 7 and 8 feet tall. The standing reach of the average 6 foot man is around 8 feet."	How tall is Osama bin Laden? What is the standing reach of someone who is #1? How tall is the ceiling of a typical tiny house? Is #2 less than #3?
1550	Northern fur seal	The largest fur seal in the northern hemisphere	Is a northern fur seal needing emergency surgery in July likely a safe anesthesia candidate?	True	Northern fur seals fast throughout the mating season It is recommended that patients, including animals, fast for a time before surgery that requires anesthesia  Peak mating season for northern fur seals occurs in June and July	What is recommended for patients needing anesthesia? What do northern fur seals do in July? Does #2 include #1?
1551	Red Sea	Arm of the Indian Ocean between Arabia and Africa	Would it be very difficult for Nuno Gomes to dive to the Red Sea's deepest point?	True	The Red Sea has a maximum depth of 3,040 m (9,970 ft). Nuno Gomes' deepest dive in the Red Sea to date is 318 metres (1,043 ft).	How deep is the Red Sea's maximum depth? What is the deepest Nuno Gomes can dive? Is #1 greater than #2?
1552	Breast cancer	cancer that originates in the mammary gland	Is breast cancer associated with a ribbon?	True	Breast cancer is one of many diseases associated with a specific color of ribbon. Breast cancer's ribbon is pink.	Which diseases are associated with a (certain color of) ribbon? Is breast cancer included in #1?
1553	Common warthog	Wild member of the pig family	Could common warthog be useful for scrimshaw?	True	Scrimshaw is the process of carving designs or symbols into materials such as ivory, whalebone, and tusks. The common warthog has two sets of long tusks. The common warthog has large teeth that are harnessed for ivory. The common warthog is not an endangered species.	What materials can be used in scrimshaw? Do warthogs have any of the things in #1?
1554	Spice Girls	British girl group	Tata Hexa can accomodate every Spice Girl?	True	The Spice Girls is a five woman musical group from Britain. The Tata Hexa is a car with 6 and 7 seat capacities.	How many women are in the Spice Girls group? How many people can the Tata Hexa seat? Is #2 greater than or equal to #1?
1555	Church of Satan	international organization dedicated to the religion of Satanism	Is being 5 year Capital One Venture member more cost effective than being in Church of Satan?	False	The Capital One Venture card has an annual fee of around $95. The Church of Satan has a one time lifetime membership fee of $225.	What is the Church of Satan's lifetime membership fee? How much does being a Capital One Venture member cost per year? What is #2 times 5? Is #3 less than #1?
1556	Dosa	Thin pancakes originating from South India	Would lumberjacks get full after eating three dosa?	False	Dosa are thin rice pancakes from South India. One dosa is approximately 110 calories. The average lumberjack would eat 8000 calories per day.	What is a Dosa? How many calories are in #1? How many calories does a lumberjack need per day? Is 3 times #2 a significant amount of #3?
1557	Gorilla	Genus of mammals	Do gorillas fight with panda bears?	False	Gorilla distribution is limited to areas of the continent of Africa Panda bears are found in the wild only in China	What is the range for Gorillas? What is the range for pandas? Does #1 overlap #2?
1558	Foreign and Commonwealth Office	Ministry of Foreign Affairs of the United Kingdom	Is the Foreign and Commonwealth Office a European political agency?	True	The Office is part of the government of the United Kingdom. The United Kingdom is in Europe.	What country is the Foreign and Commonwealth Office part of? Is #1 located in Europe?
1559	Knight	An award of an honorary title for past or future service with its roots in chivalry in the Middle Ages	Are there any official American knights?	False	The English monarchy bestows the title of knighthood upon deserving English citizens. They only knight English people. The American government does not do knightings of its own.	Which kind government bestows knighthood on its citizens? Would #1 confer knighthood on a citizen of another country? Is the American government an example of #1? Is #2 or #3 positive?
1560	Hypertension	Long term medical condition	Are two cans of Campbell's Soup a day good for hypertension?	False	Hypertension is a medical condition in which the blood pressure is high. Salt increases blood pressure. Campbell's Soup has an average of 1400 to 1800 mg of sodium (salt). The FDA states that sodium intake per day should not exceed 2300 mg.	Which substance has generated controversy about Campbell's canned soups regarding health concerns? Is excess of #1 good for people with hypertension?
1561	Underworld	The mythic Relm of the Dead, located far underground (aka, Hades; Underworld)	Can Kit & Kaboodle hypothetically help someone past the Underworld gates?	False	The Underworld is guarded by a beast known as Cerberus. Cerberus is a three-headed dog. Cerberus eats the raw flesh of anyone that tries to escape the Underworld. Kit & Kaboodle is a brand of cat food. 	What guards the gates of the Underworld? What kind of creature is #1? What kind of animal is Kit & Kaboodle meant for? Is #3 the same as #2?
1562	British cuisine	culinary traditions of the United Kingdom	Could an American confuse breakfast in British cuisine for dinner?	True	In British Cuisine, baked beans are served with toast for breakfast. In the US, baked beans are served alongside barbecue dinners. British 'Full breakfasts' include grilled vegetables like mushrooms and whole cherry tomatoes. Grilled mushrooms and tomatoes are used more often in evening dishes in the US.	What foods are part of a traditional British breakfast? What foods are part of a traditional American dinner? Is there overlap between #1 and #2?
1563	Reproduction	Biological process by which new organisms are generated from one or more parent organisms	Is it true that gay male couples cannot naturally reproduce?	False	Gay men can have any of the various sex organs that humans have. Trans men will sometimes become pregnant with their significant other before transitioning medically. 	What defines a male gender? What organs are needed to impregnate someone? What organs are needed to carry a pregnancy? Does #1 exclude persons with either of #2 or #3?
1564	Electronic dance music	broad category of electronic music	Did Beethoven enjoy listening to EDM?	False	Ludwig van Beethoven died in 1827. EDM originated in the mid-to-late 20th century.	When did Ludwig van Beethoven die? When did EDM originate? Is #1 after #2?
1565	Cheeseburger	hamburger topped with cheese	Is a krabby patty similar to a cheeseburger?	True	A krabby patty is a fictional sandwich featuring a patty on a split bun with toppings like lettuce, onion, and tomato. A hamburger is typically served on a bun and offers toppings like lettuce, onion, and tomato.	What are the ingredients of a Krabby Patty? What are the ingredients of a cheeseburger? Is there significant overlap between #1 and #2?
1566	Ben & Jerry's	American ice cream company	Are both founders of Ben & Jerry's still involved in the company?	False	Ben & Jerry's was founded by Ben Cohen and Jerry Greenfield. The founders sold the company to Unilever in 2000.	Who were the founders of Ben & Jerry's ice cream? Who owns Ben & Jerry's now? Is #2 the same as #1?
1567	Apollo 13	A failed crewed mission to land on the Moon	Was ship that recovered Apollo 13 named after a World War II battle?	True	Apollo 13 was recovered by the USS Iwo Jima. Iwo Jima was captured from the Imperial Japanese Army during World War II by the US in a conflict called the Battle of Iwo Jima.	Which ship recovered Apollo 13 crew? What was #1 named for? Did #2 occur during World War II?
1568	Ringo Starr	British musician, drummer of the Beatles	Would Ringo Starr avoid the pot roast at a restaurant?	True	Ringo Starr is a vegetarian. Vegetarianism is the practice of abstaining from the consumption of meat. Pot roast is a braised beef dish made by browning a roast-sized piece of beef before slow cooking the meat in a covered dish, sometimes with vegetables, in or over liquid.	What dietary system does Ringo Starr follow? What type of foods are not allowed to be eaten by someone following #1? What is pot roast made of? Is #3 part of #2?
1569	Hamas	Palestinian Sunni-Islamist fundamentalist organization	Is starving Hamas agent eating pig bad?	False	"Hamas is a Sunni-Islam fundamentalist group that strictly prohibits the eating of a pig. Sunni Islam has a concept called the Law of Necessity. The Law of Necessity states that, ""That which is necessary makes the forbidden permissible."""	What religion do members of Hamas follow? What foods are forbidden in #1? Are there no exceptions to #2?
1570	Bern	Place in Switzerland	Are Citizens of Bern Switzerland are descendants of Genghis Khan?	True	Genghis Khan had sixteen children. 1 in 200 men are direct descendants of Genghis Khan. Switzerland has a large Asian immigration population which was around 19,000 in 2018.	What ethnic groups contain much of Genghis Khan's descendants? Is there a large population of any of #1 in Bern?
1571	Lord Voldemort	Fictional character of Harry Potter series	Is Lord Voldemort associated with a staff member of Durmstrang?	True	Igor Karkaroff is the headmaster of Durmstrang school. Karkaroff is a former Death Eater. The Death Eaters were Voldemort's minions.	Who is the headmaster of Durmstrang school? What did #1 part of in the past? Is #2 related to Lord Voldemort?
1572	Will Ferrell	American actor, comedian, producer, writer and businessman	Does Dean Cain have less days to birthday than Will Ferrell every 4th of July?	False	Will Ferrell was born on July 16th. Dean Cain was born on July 31st.	What day of the year was Will Ferrell born? What day of the year was Dean Cain born? How many days away from July fourth is #1? How many days away from July fourth is #2? Is #4 less than #3?
1573	Metallica	American heavy metal band	Is Metallica protective over their music?	True	Napster was a P2P music sharing service. Metallica sued Napster in order to remove their songs from the program, as they were not getting profit from it.	What did Metallica do in response to Napster hosting their songs? Did #1 involve legal action?
1574	Rahul Dravid	Indian cricketer	Does Rahul Dravid belong to the family Gryllidae?	False	"Crickets (also known as ""true crickets""), of the family Gryllidae, are insects related to bush crickets, and, more distantly, to grasshoppers. Cricket is a bat-and-ball game played between two teams of eleven players on a field at the centre of which is a 20-metre (22-yard) pitch with a wicket at each end, each comprising two bails balanced on three stumps. Human beings belong to the family Hominidae."	What kind of creature is Rahul Dravid? Which family does #1 belong to? Is #2 the same as Gryllidae?
1575	United States presidential election	type of election in the United States	Will bumblebees derail the United States presidential election?	False	The United States presidential election is held in November of each year. Bees die off during the winter months except for the queen bee. During November, bees go into their hives and hibernate.	When is the presidential election? What is a necessary characteristic for something to disrupt the election?  Are bees #2 in #1?
1576	Ludacris	American rapper and actor	Does Ludacris have Greek heritage?	True	Ludacris's real name is Christopher Brian Bridges Christopher is a name derived from Greek origins	What is Ludacris's real name? Where is #1 derived from?
1577	Statue of Freedom	19th-century statue by Thomas Crawford on top of the US Capitol	Can you see the Statue of Freedom from the Statue of Liberty?	False	The Statue of Freedom is in Washington, D.C. on the Capitol Building The Statue of Liberty is in New York City	Where is the Statue of Freedom located? Where is the Statue of Liberty located? Is #1 within reasonable range of visibility from #2?
1578	Spinach	species of plant	Has spinach been a source of power in a comic movie?	True	The comic character Popeye uses spinach as a source of power. A movie was made about Popeye. Popeye consumes spinach as a source of power in the movie.	Which movie was made for comic character Popeye? What was Popeye's source of power in #1 Is #2 spinach?
1579	Chlorophyll	group of chemical compounds	For Hostas to look their best, do they need lots of chlorophyll?	True	Hostas are characterized by large green striped leaves. The green color in plants is attributed to chlorophyll. 	What color is a visually appealing hosta? Do the get #1 from chlorophyll?
1580	Jeremy Irons	English actor	Did Jeremy Irons master sweep picking as a child?	False	Jeremy Irons was the drummer and harmonica player in a four-man school band called the Four Pillars of Wisdom. Sweep picking is a guitar playing technique.	What kind of musical instrument involves sweet picking? What musical instruments did Jeremy Irons play in the school band Four Pillars of Wisdom? Is #1 included in #2?
1581	Cookie Monster	character from the television series Sesame Street	Would the Cookie Monster decline an offer of free Keebler products?	False	The Cookie Monster has an enormous appetite and craving for cookies. The Keebler Company is an American cookie and cracker manufacturer.	What type of food does the Cookie Monster enjoy the most? What types of food are produced by the Keebler Company? Is #1 not included in #2?
1582	Winemaking	the production of wine, starting with the selection of the fruit, its fermentation into alcohol, and the bottling of the finished liquid	Are grapes essential to winemaking?	False	Winemaking involves a process known as fermentation where energy is extracted from carbohydrates. A cup of cherries has about 19 grams of carbohydrates. Cherry wine does not contain any grapes.	In winemaking, what is the process in which energy is drawn? In #1, where does the energy come from? Are grapes the only thing that contains #2?
1583	QWERTY	"keyboard layout where the first line is ""QWERTYUIOP"""	Can the majority of vowels be typed on the first line of a QWERTY keyboard?	True	In English the vowels consist of A, E, I, O, U, and sometimes Y. The first line of the QWERTY keyboard contains the vowels E, I, O, U, and Y. A majority means more than half of the total.	What letters are vowels in the English language? What are the letters on the first line of a Qwerty keyboard? Is more than half of the letters listed in #1 also listed in #2?
1584	Golden eagle	species of bird	Is the Golden eagle considered a scavenger bird?	False	Scavengers are defined as animals that feed on dead carcasses of animals they have not killed themselves. Vultures are scavengers that hover in the air and swoop down to feed once they see an animal killed by another animal. The Golden eagle has sharp talons to hunt its own prey. Golden eagles kill and feed on hares, rabbits, and ground squirrels.	Who kills the prey that scavengers feed on? Who kills the prey that Golden eagles feed on? Is #1 the same as #2?
1585	Pyrenees	Range of mountains in southwest Europe	Can an elite runner circle the Pyrenees in one day?	False	The Pyrenees mountains are 305 miles wide. An elite runner can cover 100 miles in around 12 hours.	How many miles can an elite runner cover in one day? How far around in miles are The Pyrenees mountains? Is #1 more than #2?
1586	Hermes	ancient Greek god of roads, travelers, and thieves	Is Hermes equivalent to the Roman god Vulcan?	False	Hermes is the Greek messenger god and god of roads and travelers. Mercury is the Roman messenger god of roads and travelers. The Roman Vulcan is actually equivalent to the Greek Hephaestus. Hermes is equivalent to Mercury.	What is Hermes god of? Who is the god of #1 in Roman mythology? Is #2 the same as Vulcan?
1587	Kelly Clarkson	American singer-songwriter, actress, and television personality	Has Kelly Clarkson outsold season 4 American Idol winner?	False	Carrie Underwood was the winner of the fourth season of American Idol. Carrie Underwood has sold a little over 65 million albums. Kelly Clarkson has sold a little over 25 million albums.	Who was the season 4 American Idol winner? How many albums has Kelly Clarkson sold? How many albums by #1 have been sold? Is #2 more than #3?
1588	European wildcat	Small wild cat	Do black-tailed jackrabbits fear the European wildcat?	False	The European wildcat is native to continental Europe, Scotland, Turkey and the Caucasus. The black-tailed jackrabbit is native to Mexico and the western United States.	What is the range of the black-tailed jackrabbit? What is the range of the European wildcat? Does #1 and #2 overlap?
1589	Jackson Pollock	American painter	Is it understandable to compare a blood spatter pattern to a Jackson Pollock piece?	True	Jackson Pollock is well known for a style of art formed through splashing liquids on canvas. Blood spatter patterns are caused by a splash of blood onto a surface or multiple surfaces.	What kinds of work pieces is Jackson Pollock well known for? How does he form #1 How is a blood splatter formed? Is #2 comparable to #3?
1590	Johns Hopkins University	Private research university in Baltimore, Maryland	Has Johns Hopkins University always treated subjects ethically?	False	Henrietta Lacks' DNA was used and replicated by Johns Hopkins University without her family's knowledge or approval. Henrietta Lacks' family medical history was released by Johns Hopkins University without their knowledge.	Did researchers at John Hopkins obtain approval from Henrietta Lacks before using her cancer cells? Did John Hopkins obtain approval from Henrietta Lacks or her family before releasing their medical records to the public? Are #1 and #2 positive?
1591	Porch	a room or gallery at the front entrance of a building forming a low front	In Hey Arnold, did any characters stay on a porch all the time?	True	Hey Arnold was an animated children's series. Hey Arnold featured 'Stoop Kid', a character who never left the front stoop of his home. A stoop is the city equivalent of a porch.	Where is 'Stoop Kid' in Hey Arnold known to never leave? Is #1 in the series equivalent to a porch in real life?
1592	Carl Friedrich Gauss	German mathematician and physicist	Could Carl Friedrich Gauss speak to someone 100 miles away?	False	Carl Friedrich Gauss was born in 1777. Speaking to someone 100 miles away requires a telephone. The telephone was invented in 1876.	What device allows people to speak to each other even if they are 100 miles apart? When was #1 invented? When did Carl Friedrich Gauss die? Is #2 before #3?
1593	Brazilian Navy	Naval warfare branch of Brazil's military forces	Are some Brazilian Navy ships built in Britian?	True	"The Brazilian Navy stated in 2018 that they had purchased the helicopter carrier ship HMS Ocean. HMS stands for ""His/Her Majesty's Ship"", which is emblazoned on ships of the British Royal Navy.  Some of the ships in the Brazilian Navy are guided missile frigates built in Britian."	Which helicopter carrier ship did the Brazilian Navy announce that they had acquired in 2018? Was #1 built in Britain?
1594	Sable	Species of marten	Are sables related to wolverines?	True	The sable is a species of marten, which make up the genus Martes. Wolverines are from the genus Gulo. Both the Martes and the Gulo are from the family Mustelidae.	What species is a sable? What genus is #1 from? What genus are wolverines from? Are #2 and #3 from the same family?
1595	Watchmaker	artisan who makes and repairs watches	Is a watchmaker likely to be able to fix an Apple Watch?	False	A watchmaker makes and repairs watches using tiny instruments to fix coils, springs, gears, and other metal parts.. The Apple Watch is a computer driven watch that can connect to devices using wireless technology. Apple Watches do not have the usual springs and gears of traditional watches.	What components of watches do watchmakers repair? What are the main components of an Apple Watch? Is there an overlap between #1 and #2?
1596	Noah	Biblical figure	Was Noah concerned with buoyancy?	True	Buoyancy is the property of an object related to its ability to float in liquid Noah was tasked with building a boat to house many animals and survive a catastrophic flood Boats must be properly buoyant or they will sink	What was Noah famous for building? Did #1 have to be buoyant to work?
1597	Fair trade	form of trade	Can you buy a fair trade laptop?	False	Fair trade is a term used with sustainable development focusing on agricultural production Laptops are consumer electronics	What type of product is the fair trade label used with?  What type of product is a laptop? Is #2 the same as #1?
1598	Giraffe	Tall African ungulate	Is it foolish to stand on giraffe's head to see over Eiffel Tower?	True	The neck of a giraffe can be up to 7 feet in length. Including their necks, giraffes can be as tall as 20 feet. The Eiffel Tower is 1,063 feet tall.	How tall is a giraffe? How tall is the Eiffel Tower? Is #1 greater than #2?
1599	Napoleonic Wars	Series of early 19th century European wars	Was a nuclear bomb used in the Napoleonic Wars?	False	The Napoleonic Wars took place between 1803 and 1815. Nuclear bombs have only been used in warfare twice, both times in 1945.	When was the Napoleonic Wars? What year were nuclear bombs used in war? Is #2 in the range of years of #1?
1600	Lionel Richie	American singer-songwriter, musician, record producer and actor	Is Lionel Richie related to Sheila E?	False	Lionel Richie is an American singer and raised Nicole Richie. Nicole Richie was born to Sheila E's brother, Peter Michael Escovedo. Lionel Richie adopted Nicole Richie from Peter Michael Escovedo. Adoptive parents are not considered related to birth parents.	What is the relationship between Lionel Richie and Nicole Richie? Are #1 considered related to birth parents?
1601	Nicole Kidman	Australian-American actress and film producer	Does Nicole Kidman know any Scientologists?	True	Nicole Kidman was married to Tom Cruise. Tom Cruise is a Scientologist. 	Who has Nicole Kidman been married to? Have any of #1 practiced Scientology?
1602	Cream	Dairy product	Would Kylee Jenner ask for no cream in her coffee?	True	Kylee Jenner is lactose intolerant. Lactose intolerance makes it uncomfortable for people to digest foods containing lactose. Cream is a dairy product and is rich in lactose.	What dietary condition does Kylee (Kylie) Jenner suffer from? What do people who have #1 have to avoid? Does cream have #2 in it?
1603	Roman numerals	Numbers in the Roman numeral system	Does the FDA require sell by dates using Roman Numerals?	False	There are no requirements for food to have sell by dates.  Sell by dates on most food items are written using arabic numerals.	Is there any regulation on the sell by dates of food products?
1604	JPEG	Lossy compression method for reducing the size of digital images	Could the leader of Heaven's Gate save images in JPEG format?	True	Marshall Applewhite, Jr. was the leader of the Heaven's Gate cult Marshall Applewhite, Jr. died in 1997 JPEG format was released in 1992	Who led the Heaven's Gate cult? During what span of years was #1 alive? What year was JPEG released? Is #2 inclusive of #3?
1605	Vitamin C	nutrient found in citrus fruits and other foods	Did pirates who had scurvy need more Vitamin C?	True	Pirates were known for having poor teeth and deteriorated gums. Gum deterioration and tooth decay is a symptom of scurvy. Scurvy is caused by a lack of dietary vitamin C.	What causes scurvy? Is #1 the same as insufficient vitamin C intake?
1606	Easy Rider	1969 film by Dennis Hopper	Did producer of Easy Rider ever star in a movie with Dean Cain's Princeton girlfriend?	True	Easy Rider was produced by Peter Fonda. Dean Cain dated Brooke Shields while at Princeton. Brooke Shields and Peter Fonda star in the movie Wanda Nevada.	Who produced Easy Rider? Who did Dean Cain date while at Princeton? What movies did #1 star in? What movies did #2 star in? Is at least one element of #3 also found in #4?
1607	Laziness	disinclination to activity or exertion	Can depression be mistaken for laziness?	True	Symptoms of depression include low energy, inability to get out of bed, and low motivation. Low energy and low motivation can cause someone to seem like they are slacking on responsibility.	What are some common symptoms of depression? Does any of #1 share characteristics with laziness?
1608	Bulk carrier	merchant ship specially designed to transport unpackaged bulk cargo	Is the average bulk carrier ideal for transporting bromine at room temperature?	False	Bulk carriers are defined as a ship that carries nonliquid cargoes such as grain or ore in bulk. Bromine is a liquid at room temperature. The average bulk carrier is used for unpackaged bulk cargo, such as grains, coal, ore, steel coils and cement.	What are the kinds of cargo that a typical bulk carrier can transport? What kind of substance is bromine at room temperature? Can any of #1 be classified as #2?
1609	Chlorophyll	group of chemical compounds	Would human race go extinct without chlorophyll?	True	Chlorophyll is a pigment in plants responsible for photosynthesis. Photosynthesis is the process by which plants release oxygen into the atmosphere. Humans need oxygen to live.	What is Chlorophyll responsible for in plants? What does #1 release into the air? Do humans need #2 in order to survive?
1610	Walt Disney	American entrepreneur, animator, voice actor and film producer	Walt Disney dominated his amusement park peers at Academy Awards?	True	Walt Disney won a total of 26 Academy Awards. The founder of Six Flags, Angus G Wynne, had 0 academy awards. The founder of Knott's Berry Farm, Walter Knott, had 0 academy awards.	At the Academy Awards, how many awards did Walt Disney win? At the Academy Awards, how many awards did Angus G Wynne win? At the Academy Awards, how many awards did Walter Knott win? Is #1 more than #2 and #3?
1611	Toyota Hilux	Series of light commercial vehicles produced by the Japanese car-manufacturer Toyota.	Can a human heart last from NYC to Raleigh NC by Toyota Hiux?	True	Human hearts can last up to six hours outside the body. The distance from NYC to Raleigh, NC is 505 miles. The top speed of a Toyota Hilux is 105 MPH.	How many hours can a human heart last outside of the human body? What is the distance between NYC to Raleigh, NC in miles? What is the top speed of a Toyota Hilux in MPH? Is #1 times #3 more than #2?
1612	History of art	history of human creation of works for aesthetic, communicative, or expressive purposes	Can the history of art be learned by an amoeba?	False	The history of art is the academic study of the development of human artistic expression over time Academic study requires human-level intelligence An amoeba is a single-celled organism 	What intellectual ability is necessary to study the history of art? Does an amoeba possess #1?
1613	Snow White	fairy tale	Do Snow White dwarves best The Hobbit dwarves in battle?	False	Snow White had seven dwarves. There are 13 dwarves in The Hobbit. Several of The Hobbit dwarves, including Thorin Oakenshield, were acclaimed warriors.	How many dwarves are there in the Snow White story? How many dwarves are in The Hobbit? Is #1 greater than #2?
1614	Sonnet	form of poetry with fourteen lines; by the thirteenth century it signified a poem of fourteen lines that follows a strict rhyme scheme and specific structure	Would Rime of the Ancient Mariner make a good sonnet?	False	A sonnet is a form of poetry that sticks to a strict 14 line rule. The Rime of the Ancient Mariner is a story by Samuel Taylor Coleridge and contains over thirty lines.	How many lines are in a Sonnet? How many lines is the Rime of the Ancient Mariner? Is #2 equal to #1?
1615	Pompey	1st/2nd-century BC Roman general	Has type of political association Pompey had with Caesar influenced reality TV?	True	Pompey, Julius Caesar, and Marcus Licinius Crassus formed a political association called a triumvirate. A triumvirate spits rule between three powerful people that get to make decisions. Reality show The Challenge: Total Madness appoints three weekly winners to make decisions for the group, known as the Tribunal. Reality show American Idol has had three judges making decisions about which contestants advance.	Which political association did Pompey form with Julius Caesar and Marcus Licinius Crassus? How many people does #1 typically involve? How many judges are on reality show American Idol? Is #2 equal to #3?
1616	Nissan	Japanese automobile manufacturer	Is CEO of Nissan an internationally wanted fugitive?	True	Carlos Ghosn was CEO of Nissan.  With help from an American private-security contractor, Carlos Ghosn fled from Japan to Lebanon on 30 December, breaking his bail conditions On 2 January 2020, Interpol issued a red notice to Lebanon seeking Carlos Ghosn's arrest.	Which of Nissan's former CEOs have been the subject of corporate unrest? Is #1 presently a fugitive on the run?
1617	Lighthouse of Alexandria	Ancient lighthouse in Egypt	Is Statue of Unity hypothetically more level with Statue of Liberty than Lighthouse of Alexandria?	False	The Statue of Liberty rises 305 feet into the air. The Statue of Unity is 597 feet high. The Lighthouse of Alexandria was between 338 and 387 feet tall.	What is the height of the Statue of Liberty? What is the height of the Statue of Unity? What is the height of the Lighthouse of Alexandria? Is #2 minus #1 less than #3 minus #1?
1618	Surfing	sport that consists of riding a wave	Is surfing popular in Des Moines, Iowa?	False	Des Moines is a city in the landlocked state Iowa. Surfing involves riding the waves at a beach or ocean. There are no beaches in Iowa.	What conditions are necessary to be able to surf? Does Iowa have (or is close to) the conditions listed in #1?
1619	Palaeography	Study of ancient handwriting	Paleography hypothetically helps to understand Cthulhu?	True	Palaeography involves the study of ancient writings. Paleography has helped decode Anatolian hieroglyphics from all the way back as the first millenia BC. Author H.P. Lovecraft's Cthulhu is an ancient mystical being from eons ago.	Palaeography is the study of what? Cthulhu is from which age? Will a language from #2 be a subject of focus of #1?
1620	Supreme Court of the United States	Highest court in the United States	Do members of the Supreme Court of the United States have longer terms than most senators?	True	Senators, on average, serve for 10 years. Supreme Court Justices serve for their entire life. The average term for a Supreme court justice is 16 years.	How many years is in a term for a U.S. Senator? What is the term for a Supreme Court justice? Is #1 a shorter term than #2?
1621	Sea shanty	work song sung to accompany labor on board large merchant sailing vessels	Did travelers sing sea shanties on the Oregon Trail?	False	Sea shanties are sung on seaborne vessels The Oregon Trail was a land-based emigration trail	In what mode of travel are sea shanties typically sang? What mode of travel was mostly used on the Oregon Trail? Is #1 the same as #2?
1622	1999	Year	Were some people afraid of New Years Day coming in 1999?	True	It was believed that computers might not know how to change from 1999 to 2000 on New Years Day. People were concerned that human services and utilities that were computerized might crash due to the Y2K bug. People believed that the year 2000 would cause computers to crash due to the 'Y2K' bug.	Which New Year's Day followed 1999? What concerns were there about computers during the transition from 1999 to #1? Was #2 a cause of fear?
1623	Chiropractic	form of alternative medicine	Are some chiropractic manipulations dangerous?	True	Manipulations of the neck can lead to complications such as stroke or paralysis. Manipulation of the lower back can lead to herniated disks.	What body parts do chiropractors manipulate? Are any of #1 prone to damage if mishandled?
1624	Spinal cord	long, thin, tubular structure made up of nervous tissue	Can you buy spinal cord at Home Depot?	False	Home Depot sells home improvement and building supplies The spinal cord is an anatomical feature located in the vertebrae	Where are spinal cords found? What does Home Depot sell? Is #1 listed in #2?
1625	Bulk carrier	merchant ship specially designed to transport unpackaged bulk cargo	Would eliminating competition in the Japanese bulk carrier market be profitable for a steel company?	True	62% of bulk carriers are built in Japan Bulk carrier hulls are made of steel	Where are most bulk carriers built? What materials would #1 use in making bulk carriers? Is steel a major component of #2?
1626	Isaac Newton	Influential British physicist and mathematician	Is Issac Newton often associated with a red fruit?	True	Issac Newton claimed to have contemplated gravity for the first time after seeing an apple fall. In most illustrations of Issac Newton discovering gravity, the apple shown falling is red.	Which of Isaac Newton's famous discoveries featured a fruit? Is #1 colored red in popular depictions?
1627	Alcatraz Island	United States historic place	Would it be possible to fit a football field in Alcatraz Island?	True	Alcatraz is 511 meters by 180 meters A football field is 91 meters by 48 meters	What is the land area of a football field? What is the land area of the Alcatraz Island? s #1 less than or equal to #2?
1628	Mongoose	family of mammals	Did mongoose come from later period than rhinos?	True	The mongoose originated  in the Neogene geological period. Rhinos are from the Paleogene geological period. The Paleogene period spans 43 million years from the end of the Cretaceous Period 66 million years ago to the beginning of the Neogene Period.	During which period did the mongoose originate? Which period did Rhinos originate from? Is #2 before #1?
1629	Penny	unit of currency in various countries	Would 1943-S penny be good for making silverware?	True	Modern pennies are made of zinc and copper. The 1943-S penny was made of 99% steel and 1% zinc. Modern silverware is made from stainless steel.	What are 1943-S pennies made out of? What is typically modern silverware made out of? Is there any overlap between #1 and #2?
1630	Flag of the United States	National flag	Would someone with leukophobia enjoy looking at the Flag of the United States?	False	Leukophobia is a fear of the color white. The United States flag is colored red, white, and blue. People do not typically enjoy facing their fears.	What does someone suffering from leukophobia fear? What are the colors of the United States flag? Is #1 included in #2?
1631	Dodgeball	sport	Does Felix Potvin have a position on a dodgeball team?	False	Felix Potvin was an NHL goaltender There is no goalie position on a dodgeball team	Which sport and position did Félix Potvin play as a professional sportsman? Is #1 the same as or required in dodgeball?
1632	Steven Spielberg	American film director and screenwriter	Could Steven Spielberg send emails as a child?	False	Steven Spielberg was born in 1946. Email did not become available to the general public until 1995.	When was Stephen Spielberg born? When was email invented? What is #1 plus 10? Is #2 before #3?
1633	Red hair	Hair color	Does a Disney princess on Broadway have red hair?	True	Ariel, the princess from Disney's the Little Mermaid, has red hair. The Little Mermaid is one of several Disney animated classics that was adapted for the stage and performed on Broadway.	What is the name of the princess with red hair? What is the name of the animated classic in which #1 is the main star of? Has #2 been adapted for Broadway?
1634	Bob Marley	Jamaican singer-songwriter	Can you find Bob Marley's face in most smoke shops?	True	Bob Marley's face is on the packaging of a popular brand of rolling papers. Bob Marley is a popular graphic to print on t-shirts for sale to smokers.	On what items is Bob Marley's face commonly found? Are some of #1 sold in most smoke shops?
1635	Martyr	person who suffers persecution and death for advocating, refusing to renounce, and/or refusing to advocate a belief or cause, usually a religious one	Can a martyr saint have been excommunicated?	True	Joan of Arc was excommunicated by the Catholic Church in 1431. Joan of Arc was declared a martyr in 1456 after an investigation ordered by King Charles VII. Joan of Arc was canonized a Saint by the Catholic Church on May 16, 1920.	Is Joan of Arc considered a matyr? Was she initially excommunicated by the Catholic Church? Is #1 or #2 negative?
1636	Homelessness	circumstance when people desire a permanent dwelling but do not have one	Could Toyota stadium house people suffering homelessness in Michigan?	True	As of 2019 there were an estimated 8,575 people experiencing homelessness in Michigan. Toyota stadium has a capacity of 45,000 people.	How many people are experiencing homelessness in Michigan? What is the capacity of the Toyota stadium? Is #1 less than #2?
1637	Chief Justice of the United States	Presiding judge of the U.S. Supreme Court	Would it be impossible to seat every Chief Justice of the United States on a Boeing 737?	False	There have been a total of 17 Chief Justices since the Supreme Court was established. The Boeing 737 has evolved through four generations, offering several variants for 85 to 215 passengers.	How many Chief Justices has the Supreme Court had? What is the least amount of people that a Boeing 737 could hold? Is #2 smaller than #1?
1638	Cookie Monster	character from the television series Sesame Street	Is Cookie Monster's diet Paleo friendly?	False	Cookie Monster is a Sesame Street character that eats copious amounts of chocolate chip cookies. The Paleo diet includes foods made from ingredients found during the Paleolithic area. Chocolate chip cookies contain soy lecithin and artificial grains. Lecithin is used in complex modern industrial processes.	What is the major component of the Cookie Monster's diet? What does Paleo diet consist of? Is #1 one of #2
1639	Bronze Age	Prehistoric period and age studied in archaeology, part of the Holocene Epoch	Were all the materials to make a cannon known during the bronze age?	False	The Bronze Age happened from about 3300 BC to 300 BC. Cannons require a fuse, gunpowder, and iron or other material to house the chemicals. Gunpowder was discovered around the 9th century AD.	What years did the Bronze age encompass? What materials are required for a cannon to fire? When were all the parts of #2 discovered? Are all the dates in #3 before or during #1?
1640	Desperate Housewives	American comedy-drama TV series	Did Teri Hatcher last twice as many episodes on Desperate Housewives as her Superman show?	True	Actress Teri Hatcher completed a total of 180 episodes of Desperate Housewives. Teri Hatcher starred in Lois & Clark: The New Adventures of Superman based on the Superman comic. Teri Hatcher was in 87 episodes of Lois & Clark: The New Adventures of Superman.	How many episodes of Desperate Housewives did Teri Hatcher appear in? What show did Teri Hatcher appear in that is based on a Superman comic? How many episodes of #2 did Teri Hatcher appear in? What is #3 multiplied by 2? Is #1 greater than or equal to #4?
1641	National Hockey League	North American professional ice hockey league	Do American teams in National Hockey League outnumber Canadian teams?	True	The National Hockey League is the premiere North American hockey league. The National Hockey League has 7 Canadian teams. The National Hockey League has 24 teams from the United States.	How many Canadian teams are in the The National Hockey League? How many American teams are in the The National Hockey League? Is #2 greater than #1?
1642	Elon Musk	American industrialist and investor	Has Elon Musk's hairline changed?	True	When Elon Musk was much younger, he was clearly balding. Elon Musk does not show any signs of balding as of 2020.	What feature of Elon Musk's hair was notable when he was younger? Is #1 no longer observable in present times?
1643	Astronomer	Scientist who studies celestial bodies	Does Nintendo's link ever see an astronomer?	True	"Link is the main character of the Nintendo franchise 'Zelda"". In ""Legend of Zelda: Majora's Mask"" Link meets an astronomer in an observatory."	Which game is Link from? In #1, did link meet an astronomer?
1644	Swastika	a geometrical figure and an ancient religious icon in the cultures of Eurasia and 20th-century symbol of Nazism	Does the swastika have positive uses?	True	The swastika is used in the Hindu religion to represent the sun. People practicing Hindu believe the swastika represents prosperity and good luck.	What does the swastika represent in Hinduism? What beliefs do Hindu worshippers associate with #1? Are #2 positive?
1645	Doctorate	academic or professional degree	Is a doctorate required to teach at a SUNY School?	False	At SUNY schools, there are some full time professors with doctorates. At SUNY schools, there are adjunct professors who teach with a Masters degree. 	Is it the case, that there are no people teaching at SUNY that do not have a doctorate degree?
1646	University of Pittsburgh	American state-related research university located in Pittsburgh, Pennsylvania	Did University of Pittsburgh founder have great deal in common with Judith Sheindlin?	True	Hugh Henry Brackenridge founded University of Pittsburgh in 1787. Judith Sheindlin is a judge, lawyer, and author. Hugh Henry Brackenridge was a writer, lawyer, judge, and Justice of the Supreme Court of Pennsylvania.	Who was the founder of University of Pittsburgh? What are the major things #1 is known for? What are the major things Judith Sheindlin is known for? Is there an overlap between #2 and #3?
1647	Los Angeles County, California	County in California, United States	Is Disney associated with Los Angeles County?	True	Disney Concert Hall and Disney Studio are located in Los Angeles. The city of Los Angeles is located in Los Angeles County.	Where are Disney Concert Hall and Disney Studio located? Is #1 located in Los Angeles County?
1648	Pea	species of plant	Could a bee hummingbird balance a scale with a single pea on it?	False	The average pea weighs between 0.1 and 0.36 grams. Female bee hummingbirds on average weigh 2.6 grams, while on average male bee hummingbirds weigh 1.95 grams.	What is the weight range of the average pea? What is the weight range of the average bee hummbingbird? Is there an overlap between #1 and #2?
1649	Abstract art	Art with a degree of independence from visual references in the world	Can photography be considered abstract art?	False	Abstract art is a form of modern art that does not reflect images of our every day world. Abstract art relies on exaggerated colors and shapes. Photography is an art that uses cameras to take pictures of events unfolding in the real world.	What kind of events/scenarios is depicted in abstract art? What kind of imagery does photography capture? Is #1 very similar to #2?
1650	Great Depression	20th-century worldwide economic depression	Can the Great Depression be treated with Prozac?	False	Prozac is a pharmaceutical antidepressant for treatment of psychological disorders The Great Depression was an economic phenomenon occurring in the early 20th century	What conditions can be treated with Prozac? The conditions in #1 are inflicted upon what? Does the Great Depression have #2?
1651	Edward Snowden	American whistleblower and former National Security Agency contractor	Is Edward Snowden in hiding from the United States?	False	Edward Snowden has an active twitter account and has been on political commentary shows. Edward Snowden's country of residence is listed on his Wikipedia.	Where does Edward Snowden live? Is the location of #1 kept secret?
1652	Bumblebee	genus of insects	Are aggressive bumblebees suicidal?	False	Bees with barbed stingers lose the barb after attacking a victim and die soon afterwards Bumblebees do not have barbed stingers and can sting multiple times without dying	Can bees with non-barbed stingers sting multiple times? Do bumblebees have non-barbed stingers? By #1 and #2 do bumblebees die after stinging just once?
1653	Alfred Nobel	Swedish chemist, innovator, and armaments manufacturer (1833–1896)	Has categories of Nobel prizes remained same since Alfred Nobel established them?	False	Alfred Nobel established the Nobel prize in his will in 1895. Alfred Nobel established 5 Nobel prize categories: Chemistry, Literature, Peace, Physics, and Physiology or Medicine. The Nobel prize evolved to include a sixth category of Economic Sciences in 1968.	When did Alfred Nobel establish the Nobel prize? Has the Nobel Prize remained unchanged in all respects since #1?
1654	British Airways	flag carrier airline of the United Kingdom	Is British Airways the air force of the United Kingdom?	False	British Airways is a commercial transportation company. The military air force of the United Kingdom is named the Royal Air Force.  British Airways is headquartered in London.  Royal Air Force is part of the British Armed Forces.	What is the air force of the United Kingdom known as? Is #1 the same as British Airways?
1655	Cerebral palsy	A group of disorders affecting the development of movement and posture, often accompanied by disturbances of sensation, perception, cognition, and behavior. It results from damage to the fetal or infant brain.	Is a slime mold safe from cerebral palsy?	True	Cerebral palsy is a disorder caused by damage to fetal or infant brains. Slime molds are simple organisms that are similar to fungi. Slime molds do not possess a brain.	Damage to what structure can cause cerebral palsy? What structures do slime molds have? Is #1 listed in #2?
1656	Harry Potter and the Philosopher's Stone	1997 fantasy novel by J. K. Rowling	Was Harry Potter and the Philosopher's Stone popular during the great depression?	False	The Great Depression started in 1929 and ended in 1933. Harry Potter and the Philosopher's Stone was first published in 1997.	When did the Great Depression end? When was Harry Potter and the Philosopher's Stone first published? Is #2 before #1?
1657	United States Department of Defense	United States federal executive department	Is the CIA part of the Department of Defense?	False	The Department of Defense covers national defense and the armed forces, led by the Secretary of Defense. The CIA is a federal agency within the United States Intelligence Community, which answers to the Director of National Intelligence.	Which agencies are under the United States Department of Defense? Is the CIA included in #1?
1658	Barley	Species of plant	Would the owners of the company Peter Griffin works for need barley?	True	Peter Griffin works for Pawtucket Brewery. Pawtucket Brewery produces beer. Barley is the preferred grain for making beer.	What kind of company is Peter Griffin? What does #1 produce? Does producing #2 require barley?
1659	Chipmunk	Tribe of mammals (rodent (marmot))	Is an Eastern chipmunk likely to die before seeing two leap years?	True	A leap year happens every four years. The Eastern chipmunk has an average lifespan of three years.	What is the average lifespan of an Eastern chipmunk? How often does a leap year occur? Is #2 greater than #1?
1660	Ahura Mazda	highest deity of Zoroastrianism	Does Ahura Mazda have a rivalry with Zeus?	False	Ahura Mazda is a deity of Zoroastrianism, a contemporary religion Zeus is a deity of Greek mythology	What belief system is Ahura Mazda associated with? What belief system is Zeus associated with? Is #1 the same as #2?
1661	Holy Land	Term used by Jews, Christians, and Muslims to describe the Land of Israel and Palestine	Did Holy Land belong to Adamu's tribe?	True	The Holy Land is a place that Jews, Muslims, and Christians revere. Adamu was an early king of Assyria. The Assyrians were in regions of the Holy Land as far back as 2600 BC. The predecessors to the Assyrians were in regions of the Holy Land as far back as 3500 BC.	Which place is referred to as the Holy Land? Which tribe was Adamu a leader of? Did #2 occupy #1?
1662	Edward II of England	14th-century King of England and Duke of Aquitaine	Was Edward II crucial to England's victory at Battle of Falkirk?	False	The Battle of Falkirk was a battle between England and the Scots. King Edward I led English forces to victory against William Wallace at the Battle of Falkirk. The Battle of Falkirk took place in 1298. Edward II was born in 1284 and his first campaign with his father against Scotland happened in 1300. Edward II was knighted in 1306.	When did the Battle of Falkirk occur? When did Edward II start appearing at battles with his father? Did #2 occur before #1?
1663	White blood cell	type of cells of the immunological system	Do white blood cells outnumber red blood cells in the human body?	False	Red blood cells are about 40-50% of what makes up human blood. White blood cells make up about 1% of the blood in a human body.	What percent of blood by volume is made up of white blood cells? What percent of blood by volume is red blood cells? Is #1 greater than #2?
1664	Cornwall	County of England	Was John George Bice's birthplace near Cornwall?	True	Politician John George Bice was born in Callington. Cornwall is a place located in South West England. Callington is a small town in South East Cornwall.	Where was John George Bice born? Is #1 located close to Cornwall?
1665	History of Europe	History of Europe from the beginnings of recorded history	Does the history of Europe include the age of dinosaurs?	False	Dinosaurs went extinct many millions of years ago. In contrast, ancient humans only started recording history several thousand years ago.	When did the dinosaurs exist? When did humans first colonize Europe? Is #2 contained within the range of #1?
1666	Model (person)	person employed to display, advertise and promote products, or to serve as a visual aid	Would a model be likely to frequently enjoy the menu at Cookout?	False	Models are known for being very thin on average. Cookout serves high calorie American style barbecue food. Models often have pressure put on them to maintain a slim figure.	What is the typical body shape of a model? What kind of food does a cookout typically have? Are #2 foods high in calories? In order to maintain #1, what kinds of food must a person eat? Does #3 match with #4?
1667	Markhor	species of mammal	Could a markhor give birth three times in a single year?	False	The gestation period of a markhor lasts 135–170 days. There are 365 days in a year.	What is the gestation period of a Markhor? How many days are in a year? Can #1 be divided into #2 at least 3 times
1668	The Onion	American news satire organization	Could a delicious recipe be made with The Onion?	False	Despite its name, The Onion is not a food, but rather an organization. It is not possible to eat a business organization.	What is The Onion? Is #1 an item you can eat?
1669	Urban planner	professional who works on city planning	Would Paul Bunyan hypothetically be a poor choice for an urban planner?	True	Paul Bunyan was a legendary giant from tall tale stories. Urban planners need to design buildings and ceilings in cities. Paul Bunyan lived in the country side with a giant blue ox. New York city apartment ceilings average around 8 feet in height. Paul Bunyan was over seven feet tall.	What environments are urban planners experts of? Did Paul Bunyan live or work in #1?
1670	Fax	method of transmitting images, often of documents	Do most college students own a fax machine?	False	College students typically must submit assignments via email, web portal, or on paper. Most colleges have on-campus fax machines available for student use.	How do college students typically submit their assignments nowadays? Does #1 require a fax machine?
1671	Leafhopper	family of insects	Do Leafhoppers compete with Log Cabin syrup producers for resources?	True	Leafhoppers are insects that feed on sap from trees. Log Cabin is a  company that originated in Minnesota and makes several varieties of maple syrup. Sap is an ingredient in maple syrup.	What does the leafhopper diet consist of? What kind of syrup is produced by Log Cabin? What are the ingredients in #2? Is any substance listed in #1 also found in #3?
1672	Scottish people	ethnic inhabitants of Scotland	Does the Pixar film Brave feature Scottish people?	True	The movie Brave is set in the Scottish highlands. Merida, the main character of Brave, is a Princess of Medieval Scotland 	Who are the main characters of the Pixar film Brave? Are any of #1 from Scotland?
1673	Chick-fil-A	American fast food chain	Would a vegetarian be able to eat something at Chick-fil-A?	True	Most people who follow a vegetarian diet don't eat meat, fish or poultry.  While Chick-fil-A sells chicken, they also offer other items.  Items that are meat free include: hash browns, waffle fries, and superfood sides.	What foods must a vegetarian avoid? What foods are on the menu of Chick-fil-A? Are any items in #2 free of #1?
1674	Eid al-Fitr	Islamic holiday that marks the end of Ramadan	Could  jockey win Triple Crown between Eid al-Fitr endpoints?	False	The Triple Crown is an accomplishment in which a jockey wins three specific races. The three Triple Crown races are: Preakness, Kentucky Derby, and Belmont Stakes. The three Triple Crown races take place weeks apart. Eid al-Fitr is a Muslim holiday that lasts for three consecutive days.	How long does Eid al-Fitr last? How long is it between the first and last races of the Triple Crown? Is #1 longer than #2?
1675	Harry Houdini	American magician, escapologist, and stunt performer	Did Harry Houdini appear on Chris Angel Mindfreak?	False	Chris Angel Mindfreak was released in 2005. Harry Houdini died in 1926.	When did Harry Houdini's career as an entertainer come to an end? When was the Criss Angel Mindfreak show first aired? Is #2 before #1?
1676	Psychotherapy	clinically applied psychology for desired behavior modification	Do some psychotherapy patients have no mental illness?	True	Psychotherapy is useful for couples navigating relationship issues. Grief is a common reason that people seek psychotherapy. 	What are some common issues that make people seek psychotherapy? Does #1 not always involve mental illness?
1677	Lolcat	image combining a photograph of a cat with text intended to contribute humour	Is purchasing food for a Lolcat unnecessary?	True	An image macro is a piece of digital media featuring a picture, or artwork, superimposed with some form of text. Food is any substance consumed to provide nutritional support for an organism. An organism is any individual entity that embodies the properties of life. Digital media does not embody the properties of life.	Which kind of entities require food? Is a lolcat excluded from #1?
1678	Common warthog	Wild member of the pig family	Would a Common warthog starve in a greenhouse?	False	A greenhouse is an enclosed building in which plants are grown. The Common warthog is an animal that feeds on grasses, roots, berries, and small insects. Aphids, fungus gnats, and caterpillars, are common insects found in greenhouses.	What kind of things are found in a greenhouse? What does the warthog diet consist of? Is there significant overlap between #1 and #2?
1679	Saltwater crocodile	species of reptile	Would alligator best saltwater crocodile in hypothetical Lake Urmia battle?	False	Lake Urmia is a salt lake in Iran. Saltwater crocodiles have special glands that allow them to survive in salt water. Alligators lack glands to stay in salt water for extended periods of time.	What kind of water is in Lake Urmia? Can alligators survive for long in #1?
1680	Sirius	Brightest star in the night sky	Is Sirius part of a constellation of an animal?	True	Sirius is the brightest star in the constellation Canis Major. Canis Major represents a large dog.	What constellation is Sirius a part of? What does #1 represent? Is #2 an animal?
1681	The Godfather	1972 film directed by Francis Ford Coppola	Is Y2K relevant to the plot of The Godfather?	False	The story in the Godfather spans from 1945 to 1955. Y2K refers to events related to the formatting and storage of calendar data for dates beginning in the year 2000.	What era is the story of The Godfather set in? What year does Y2K refer to? Is #2 included in #1?
1682	Scrabble	board game with words	Could a two-year old win a Scrabble tournament?	False	Scrabble is a word game that requires a large vocabulary in order to play well. A two-year old has a very limited vocabulary and lacks the reasoning capability needed to perform well in Scrabble.	What size vocabulary do Scrabble champions have? What size vocabulary do two-year olds have? is #2 greater than #1?
1683	Chives	edible species of plant	Could chives be mistaken for grass?	True	Chives grow upwards in thin green cylindrical shoots.  Grass grows upwards in thin green flat shoots.	What is the shape and color of Chives? What is the shape and color of grass? Is #1 the same as #2?
1684	New York Harbor	harbor in the New York City, U.S.A. metropolitan area	Does a giant green lady stand in New York Harbor?	True	New York Harbor is a body of water between south Manhattan and the Atlantic Ocean The Statue of Liberty stands in New York Harbor The Statue of Liberty is a very large, green statue of a woman	Where is The Statue of Liberty located? Is #1 in New York Harbor?
1685	Attack on Pearl Harbor	Surprise attack by the Imperial Japanese Navy on the U.S. Pacific Fleet in Pearl Harbor in Hawaii	Was only woman to serve as U.S. Speaker of the House alive during the attack on Pearl Harbor?	True	Nancy Pelosi is the only woman to ever serve as Speaker of the United States House of Representatives. Nancy Pelosi was born on Mar 26, 1940 The attach on Pearl Harbor occurred on December 7, 1941	Who is the only woman to ever serve as Speaker of the United States House of Representatives? When was #1 born? When did the attack on Pearl Harbor occur? Is #2 before #3?
1686	Honey	Sweet food made by bees mostly using nectar from flowers	Is honey associated with queens?	True	Honey is made by bees. Each bee hive is led by a queen bee.	What produces honey? Do #1 have queens?
1687	Basel	Place in Basel-Stadt, Switzerland	Is it dark is Basel during the day in Los Angeles?	True	Basel is located in the CEST time zone. Los Angeles is located in the PDT time zone.	What time zone is Basel in? What time zone is Los Angeles in? What is the time difference in hours between #1 and #2? Is #3 at least equal to 8?
1688	Learning disability	Range of neurodevelopmental conditions	Does penicillin cure a learning disability?	False	Learning disabilities are neurological impairments Neurological impairments can result from genetic issues, developmental problems, and accidents like head trauma, malnutrition or exposure to toxins Penicillin is an antibiotic that treats bacterial infection	What kind of impairment is a learning disability? What are the causes of #1? What is Penicillin used to treat? Is #3 also listed in #2?
1689	Mickey Mouse	Disney cartoon character	Would Mickey Mouse blend in with the American flag?	False	The American Flag is colored red, white, and blue. Mickey Mouse typically wears red shorts, large yellow shoes, and white gloves. The color yellow stands out distinctly from red, white, and blue. Things that are colored similarly or identically will blend in with each other.	What colors are Mickey Mouse? What colors are the American flag? Are most of the colors in #1 also found in #2?
1690	Hippie	diminutive pejorative of hipster: 1960s counterculture participant	Was hippie culture encouraged by the government in the Soviet Union?	False	"Long hair was associated with the subcultures and youth movements that arose in the Western world during the mid-1960s, such as Hippies.  Máničky) is a Czech term used for young people with long hair, typically men, in Czechoslovakia through the 1960s and 1970s. From the mid-1960s, ""máničky"" became a target of continuous interest of the state security apparatus."	What hairstyle was associated with hippies in the mid 1960's? What Czech term was used to describe people with #1? Was the government accepting of people who identified as #2?
1691	Giant squid	Deep-ocean dwelling squid in the family Architeuthidae	Can you house a giant squid at Soldier Field?	True	Soldier Field is a football stadium Football fields are 120 yards long, or 360 feet The maximum length of a giant squid is 43 feet	How long are giant squid? What type of field is Soldier Field? How long are #2? Is #3 equal to or greater than #1?
1692	English Channel	Arm of the Atlantic Ocean that separates southern England from northern France	Can Iowa be hidden in the English Channel?	False	The maximum width of the English Channel is 150 miles The minimum width of Iowa is 200 miles	What is the maximum width of the English Channel? What is the minimum width of Iowa? Is #1 greater than or equal to #2?
1693	Earth's magnetic field	Magnetic field that extends from the Earth’s inner core to where it meets the solar wind	Do Flat Earthers doubt the existence of Earth's magnetic field?	True	Theories about the Earth's magnetic field depend on the globe model of the Earth. Flat Earthers are skeptical of most science related to the Earth and space, believing it to be part of a conspiracy coverup.	Which theory about the earth do the Flat-Earthers believe? Which earth theory supports the existence of the earth's magnetic field? Does #1 contradict #2?
1694	CNES	French space agency	Has CNES planted a French flag on the lunar surface?	False	The lunar surface is on the moon. CNES has not sent a person to the moon.	Where is the lunar surface? What country is the CNES part of? Which countries have sent people or probes to #1? Is #2 included in #3?
1695	Myth	Type of traditional narrative	Was story of Jesus inspired by Egyptian myth?	True	Jesus was a biblical character that walked on water, was born of a virgin, and was killed beside two thieves. Horus was a character in ancient Egyptian myth that walked on water, had a virgin mother, and was executed beside two thieves.	"What are the main characteristics of the Horus story? What are the main characteristics of the Jesus story? Is there evidence people believed #1 before #2? Is there significant overlap between #1 and #2? Are #4 and #3 both ""Yes""?"
1696	Harbor seal	Species of mammal	Can you see live harbor seals in Washington DC?	True	The Smithsonian National Zoo is in Washington DC. There is a harbor seal exhibit at the Smithsonian National Zoo. 	Is there a zoo in Washington DC? Is there a harbor seal exhibit at #1?
1697	Atmosphere of Mars	atmosphere	Are all the elements plants need for photosynthesis present in atmosphere of Mars?	True	Plants need three elements for photosynthesis: Hydrogen, Oxygen, and Carbon. The atmosphere of Mars is composed of carbon dioxide, nitrogen, argon, and trace levels of water vapor, oxygen, carbon monoxide, hydrogen and other noble gases.	What are the elements needed by plants need for photosynthesis? Which elements are found in the atmosphere? Are #1 included in #2?
1698	Latino	A group of people in the United States with ties to Latin America	Is blonde hair green eyed Sara Paxton considered a Latino?	True	Sara Paxton is an American actress. Latino's are people with ancestral ties to Latin America. Sara Paxton was born to an Irish/English father and a Mexican/Spanish/Chilean mother. Mexico is a country that is part of Latin America.	Latinos are people with which nationality? Which countries are Sara Paxton's parents from? Is any of #2 included in #1?
1699	Bee	Clade of insects	Does the human stomach destroy a bee if ingested?	True	Bees have an outer protective exoskeleton made of chitin, a polymer of glucose. The human stomach releases harsh acids that break down materials. The human stomach breaks down glucose in about 33 hours.	What material protects a bee? What is #1 made of? Can the human stomach digest #2?
1700	Voyages of Christopher Columbus	1492-1502 voyages to the Americas; beginning of the Columbian exchange	Could largest ship from Voyages of Christopher Columbus haul Statue of Liberty?	False	The largest ship Christopher Columbus used was the Santa Maria. The Santa Maria has a cargo capacity of 108 tons. The Statue of Liberty weighs 225 tons.	What was the largest of Columbus' ships? What was the cargo capacity of #1? How much does the Statue of Liberty weigh? Is #2 greater than #3?
1701	Yellow pages	Telephone directory of businesses by category	Would it be uncommon for a high schooler to use the yellow pages?	True	High school students are between 14-19 years old.  Teenagers now are considered 'digital natives'.  'Digital natives' are individuals who have grown up during the computer age, being exposed to technology from early childhood.	Which age range do most high school students fall within? What is the age range of children who are considered to have grown during the computer age? Is #1 similar to #2?
1702	5	Natural number	Is pi in excess of square root of 5?	True	Pi is a mathematical number approximately equal to 3.14 The square root of a number are the two numbers multiplied together that equal that number. The square root of 5 is around 2.23.	What is the square root of 5? What is the value of pi? Is #2 greater than #1?
1703	Iris (mythology)	Greek goddess of the rainbow	Would Iris (mythology) and Hermes hypothetically struggle at a UPS job?	False	UPS is the number one delivery/courier service according to 2019 sales. Iris is the goddess of the rainbow and serves as a messenger of the gods in Greek mythology. Hermes in Greek mythology was a god that functioned as the emissary and messenger of the gods.	What role does the Greek goddess Iris play for gods? What role does the Greek deity Hermes play for gods? What kind of service does UPS provide? Are #1 and #2 much different from #3?
1704	Doctor Strange	Superhero appearing in Marvel Comics publications and related media	Would Doctor Strange like the Pittsburgh Steelers logo?	True	The Pittsburgh Steelers logo features patches of red, gold and blue Doctor Strange's costume uses the colors red, gold and blue	What colors are in Doctor Strange's costume? What are the colors in the logo of the Pittsburgh Steelers? Are #1 and #2 the same?
1705	Torah	First five books of the Hebrew Bible	Can you give at least one word from the Torah to all residents of Bunkie Louisiana?	True	Torah scrolls must be duplicated precisely by a trained scribe. The Torah has a total of 8,674 words. The population of Bunkie Louisiana is 3,939 people according to a 2018 census.	How many words are in the Torah? How many residents does Bunkie, Louisiana have? Is #1 greater than #2?
1706	Leaf	organ of a vascular plant, composing its foliage	Does the texture of leaves remain the same independent of their coloring changing?	False	When leaves turn colors like red, yellow, or brown, they start being cut off from their main supply of nutrients and moisture. As leaves change colors, they become dry and brittle. Leaves tend to be supple and soft when they are green.	When leaves change to red and orange, what does their texture become? When leaves are green, what is their texture? Is #1 the same as #2?
1707	Snow White	fairy tale	Can all of Snow White's dwarfs play a game of 7 Wonders simultaneously?	True	The fairy tale character Snow White was friends with seven dwarfs. The board game 7 Wonders is for 2 to 7 players.	How many players can participate in a game of 7 Wonders? How many dwarfs are in the story of Snow White? Is #2 less than or equal to #1?
1708	Dominican Order	Roman Catholic religious order	Could the Dominican Order hypothetically defeat Blessed Gerard's order?	False	The Dominican Order is a Catholic group of friars that several priestly vows. Blessed Gerard was the founder of the Order of St John of Jerusalem (Knights Hospitaller).  The Order of St John of Jerusalem (Knights Hospitaller) were a well trained Catholic military order that fought in the Crusades.	To what order did Blessed Gerard belong? What is the purpose of members of #1? Do members of the Dominican Order have training similar to #2?
1709	Leadership	ability of an individual or organization to guide other individuals, teams, or entire organizations	Is Steve Carell's character on The Office portrayed as one with tremendous leadership skills?	False	Steve Carell plays Michael Scott on The Office. Michael Scott is a clueless and naive character that is not meant to be seen as effective in his job as General Manager.	Who is Steve Carell's character on The Office? What are leadership skills? Does #1 possess #2?
1710	Christopher Nolan	British–American film director, screenwriter, and producer	Could Christopher Nolan's movies finance Cyprus's entire GDP?	False	The films of Christopher Nolan have grossed around 4.7 billion at the box office. The GDP of Cyprus was 24.96 billion in 2018.	How much have Christopher Nolan films grossed? What is the GDP of Cypress? Is #1 greater than #2?
1711	Subway (restaurant)	American fast food chain	Did Subway have a sex offender as a spokesperson?	True	Jared Fogle was a national spokesman for the company in the US starting in January 2000. Jared Scott Fogle is a convicted sex offender. 	Who was the spokesman for Subway in January 2000? Has #1 ever been convicted of a sex crime?
1712	Zorro	Fictional character	Did Zorro carve his name into items regularly?	False	Zorro was known for using his weapon to leave a mark wherever he went. The mark Zorro left was the first initial of his name and nothing more.	What mark did Zorro leave using his weapon? Is his name the answer in #1?
1713	Yeti	Folkloric ape-like creature from Asia	Is there a Yeti associated with Disney theme parks?	True	In the 1960s, an attraction called Matterhorn featuring a cartoon version of the Yeti opened in Disneyland. Later in 2005, Expedition Everest opened at Animal Kingdom in Disney World, featuring a much scarier version of the Yeti.	What 1960s attraction featured a cartoon version of the Yeti? Is #1 part of a Disney park?
1714	Football War	1969 War between Honduras and El Salvador	Did either side score a touchdown during the Football War?	False	The Football War was a war in 1969 between Honduras and El Salvador The Football War was caused in part by rioting during a FIFA Cup qualifying match The FIFA Cup is a soccer tournament Touchdowns are scored in American football	Which sport was involved as one of the causes of the Football War? Which sport are touchdowns scored in? Are #1 and #2 the same?
1715	Grief	reaction to loss of someone or something close or important	Is grief always obvious when it is being experienced?	False	Grief has no set external representation.  People who are grieving may laugh, cry, or even seem angry.	What are the ways a person may express their grief? Based on #1, can one always tell when someone is grieving?
1716	Bill Nye	American science educator, comedian, television host, actor, writer, scientist and former mechanical engineer	Did Bill Nye vote for Franklin Delano Roosevelt?	False	Bill Nye was born in 1955 Franklin Delano Roosevelt's last election was in 1944	When was the last time Franklin Delano Roosevelt contested in an election? When was Bill Nye born? Is #1 at least 18 years after #2?
1717	Jack Dempsey	American boxer	Did Jack Dempsey have most title fight wins in either of his weight classes?	False	Jack Dempsey competed as a heavyweight and a lightheavyweight. Jack Dempsey only had a handful of title defenses as heavyweight champion. Wladimir Klitschko had 25 heavyweight title fight wins. Jack Dempsey did not hold the lightheavyweight title. Dariusz Michalczewski had 23 lightheavyweight title fight wins.	What weight class did Jack Dempsey have title fight wins in? How many title fight wins did Jack Dempsey have in #1? How many title fight wins did Wladimir Klitschko have in #1? Is #2 greater than #3?
1718	Subway (restaurant)	American fast food chain	Was Subway involved in a pedophilia scandal?	True	In 2000, Jared Fogle became a national spokesman for Subway after he lost a lot of weight eating only Subway sandwiches. In 2015, Fogle was found guilty of child molestation and possession of child pornography, and Subway terminated its relationship with him.	Who was the famous spokesman for Subway? What crimes did #1 commit? Are #2 directly related to pedophilia?
1719	Earth's magnetic field	Magnetic field that extends from the Earth’s inner core to where it meets the solar wind	Are implants from an ORIF surgery affected by the magnetic field of the Earth?	False	An ORIF surgery is an Open Reduction Internal Fixation, done to fix broken bones. Most hardware from ORIF surgeries is made of titanium. Titanium is only slightly magnetic and does not affect metal detectors.	What kind of materials can be significantly affected by the earth's magnetic field? What kind of materials are ORIF surgery implants made of? Is #2 included in #1?
1720	Romani people	Ethnic group living mostly in Europe and the Americas	Is the use of the word Gypsy by non-Romani people considered okay?	False	'Gypsy' is considered a slur in the Americas by Romani people. Lady Gaga has faced online criticism regarding her use of the word 'Gypsy' as the title and lyrics of a song.	What kind of word is Gypsy considered in the Americas by Romani people? Would using #1 types of words be considered okay?
1721	Banana	edible fruit	Can a banana get a virus?	True	A virus is a disease that is caused by infectious agents. A banana comes from a banana plant. Blight is a disease that is caused by infections on plants. The Banana bunchy top virus (BBTV) is a plant virus of the genus Babuvirus,that causes diseased streaks.	What are the various diseases that affect banana plant? Are any of #1 caused by virus?
1722	E.T. the Extra-Terrestrial	1982 American science fiction film directed by Steven Spielberg	Would E.T. the Extra-Terrestrial alien hypothetically love Friendly's?	True	E.T., the main alien from E.T. the Extra-Terrestrial, loved Reese's Pieces candy. Friendly's is a restaurant that serves dinner entrees and ice cream dishes. Friendly's has several desserts with Reese's candy including the Reese's Peanut Butter Cup Sundae, and Reese's Pieces Sundae.	What is E.T. the Extra-Terrestrial's favorite food? Does Friendly's serve dishes made with #1?
1723	Sugar Ray Robinson	American boxer	Could Sugar Ray Robinson box if he stole in Iran?	False	Sugar Ray Robinson was an American boxer who relied on his fists to achieve 109 KO victories. The penalty for stealing in Iran is having your hand cut off. In August 2015 a prisoner in Iran, who was caught stealing, had his right hand and part of his left leg cut off.	What body part does Iran cut off if someone steals? What body part is necessary for boxing? Is #1 different from #2?
1724	Pizza	Usually savory dish of flattened bread and toppings	Would a TMNT coloring book have pizza in it?	True	TMNT is an abbreviation for 'Teenage Mutant Ninja Turtles'. The Teenage Mutant Ninja Turtles canonically only ever ate pizza in the animated series. 	What cartoon does TMNT stand for? In the animated series, did #1 canonically eat only pizza?
1725	Crucifixion	Method of capital punishment in which the victim is tied or nailed to a large wooden beam and left to hang until eventual death	Does crucifixion violate US eighth amendment?	True	The eighth amendment prohibits cruel and unusual punishment. Crucifixion was particularly barbaric as people do not die instantly and live for several days.	What does the Eighth Amendment say about punishment measures? What are the features of crucifixion as a method of punishment? Is #1 contradicted by #2?
1726	Stork	family of birds	Should you wrap a gift for a mother of a stillborn in stork wrapping paper?	False	Storks are used as a symbol of a new baby on the way. Stillborn babies are those who are born lifeless.	What is the significance of stork to a potential mother? Can stillborn babies be regarded as #1?
1727	Naruto	Japanese manga and anime series	Would the historic Hattori Hanzō admire Naruto?	False	Naruto is a ninja Ninja tactics were considered dishonorable by samurai Hattori Hanzō is a famous historical samurai 	What was Naruto's profession? What was Hattori Hanzō's profession?  Did #2 respect the actions of #1?
1728	Uniting Church in Australia	christian denomination	Was Muhammed a member of the Uniting Church in Australia?	False	The Uniting Church in Australia is a combination of Methodist and Presbyterian congregations. Methodists and Presbyterians are Christians. Muhammed was the Muslim prophet and was not a Christian.	Which religion was Muhammed a prophet in? What is the religion of the members of the Uniting Church in Australia? Is #1 the same as #2?
1729	Sand cat	Small wild cat	Do sand cats avoid eating all of the prey of eels?	False	Sand cats eat a number of animals including insects, birds, hares, and reptiles. Eels prey on fish, worms, frogs, and lizards. Lizards are a type of reptile.	"What does the sand cat's diet consist of? What does the eel's diet consist of? Are any of the foods in #2 a subtype of a food in #1? Is it not the case that #3 is ""yes""?"
1730	Paul the Apostle	Early Christian apostle and missionary	Did Paul the Apostle's cause of death violate the tenets of Ahimsa?	True	Ahimsa is is an ancient Indian principle of nonviolence which applies to all living beings.  Ahimsa is a key virtue in Hinduism, Buddhism and Jainism. Paul the Apostle was violently beheaded.	What is Ahimsa? Does #1 believe in non-violence? Did Paul the Apostle die due to violence? Are #2 and #3 the same answer?
1731	Sophist	Specific kind of teacher in both Ancient Greece and in the Roman Empire	Would a sophist use an épée?	False	A sophist is a specific kind of teacher in ancient Greece, in the fifth and fourth centuries BC. Sophists specialized in using the tools of philosophy and rhetoric, though other sophists taught subjects such as music, athletics and mathematics. An épée is a sword used in fencing. The épée was not developed until the 19th century.	How long ago were the sophists around? How long ago was the epee developed? Is #2 greater than or equal to #1?
1732	The Powerpuff Girls	American animated television series	In most Mennonite homes, would children know of The Powerpuff Girls?	False	Mennonites are a religious with similar beliefs to Amish groups. Mennonites do not prohibit or view the use of technology as a sin. Most Mennonites avoid using television sets at home.	On what devices can one watch The Powerpuff Girls? What modern items do Mennonites prohibit themselves from using? Is #1 different from #2?
1733	Athena	ancient Greek goddess of wisdom and war	Is Freya a combination of Athena and Aphrodite?	True	Athena was the Greek goddess of war. Aphrodite was the Greek goddess of love. Freya was the Norse goddess of war, love, and fertility.	What was Athena the Greek goddess of? What was Aphrodite's specialty? What was Freya the Norse goddess of? Does #3 have part of the same answer as #1 and #2?
1734	September	ninth month in the Julian and Gregorian calendars	Could you brew beer from start to finish in the month of September?	False	Brewing a batch of beer takes at least 5 weeks. There are 30 days, or 4 1/2 weeks, in the month of September.	How long does it take to brew a batch of beer? How many weeks does September have? Is #2 longer than #1?
1735	Foot (unit)	customary unit of length	When en route from China to France, must pilots know their altitude in the imperial foot?	True	Most international airports and aviators use the foot to measure altitude  China and North Korea require pilots to use meters for altitude Pilots must communicate their altitude with local air traffic control 	Which unit of altitude does France require pilots to use? Which unit of altitude does China require pilots to use? Is #1 or #2 the imperial foot?
1736	Lieutenant	junior commissioned officer in many nations' armed forces	Would Gomer Pyle salute a lieutenant?	True	Gomer Pyle was a character on a television sitcom Pyle was in the US Marine Corp Lieutenants are junior commissioned officers in the USMC Marine custom dictates that officers are to be saluted by other Marines	Which arm of the US Armed Forces did Gomer Pyle join? What was his rank in the #1? According to #1 tradition. would a #2 salute a lieutenant?
1737	Prime Minister of the United Kingdom	Head of UK Government	Does the Prime Minister of the United Kingdom have poor job security?	True	The Prime Minister of the United Kingdom is an elected official. Elected officials can be recalled with a vote of no confidence in UK parliament. 	How does the prime minister of UK get his position? Can people who are #1 be easily removed?
1738	The Jungle Book	1894 children's book by Rudyard Kipling	Does The Jungle Book contain racist subtext?	True	"Baloo, the father character in The Jungle Book, refers to the money characters as ""flat-nosed flaky creeps"" mocking a common black feature feature. The antagonist snake character was made to sound like an Indian mag, and was said to hate men. King Louie is viewed socially as a racist archetype of a black man."	"What term did Baloo use to refer to the monkey characters in ""The Jungle Book""? What sentiment did the antagonistic snake express towards men? Do #1 and #2 have racist connotation?"
1739	Ginger	Species of plant	If you're pregnant, might you be recommended ginger?	True	Pregnancy often causes nausea and stomach upset. Small doses of ginger have been shown to help with vomiting and nausea. Doctors say that, in small doses, ginger is safe for pregnant women.	What symptoms can ginger help alleviate? Do pregnant women suffer from any symptoms in #1?
1740	History of the world	Recorded history of humanity	Are the events of Star Trek: The Next Generation in the history of the world?	False	The history of the world includes factual events. Star Trek: TNG is a fictional television show. 	Which universe is Star Trek: The Next Generation set in? Is #1 the same as the real world?
1741	Cuisine of Hawaii	Cuisine of Hawaii	Is pig meat considered inedible within the cuisine of Hawaii?	False	SPAM is a pork and ham product that is very popular around the world. In the cuisine of Hawaii, SPAM is a cherished and widely used ingredient.	What are some popular dishes in Hawaiian cuisine? Is pork (pig meat) excluded from #1?
1742	Hanging	execution or suicide method involving suspension of a person by a ligature	Is hanging a viable execution method on a ship at sea?	True	Hanging is typically set up using rope. Ships have plenty of rope on board because their operation relies heavily on rope.	What materials are necessary for hanging? Would #1 be available on a ship?
1743	Southern United States	Cultural region of the United States	Can you hunt Iberian wolves in the Southern United States?	False	The Iberian wolf inhabits northern Portugal and northwestern Spain. Portugal and Spain are not located in the Southern United States.	What is the range of the Iberian wolf? Is #1 located in the Southern United States?
1744	1980 United States presidential election	49th quadrennial presidential election in the United States	Were there greater landslides than 1980 United States presidential election?	True	A landslide refers to a competitor beating their opponent by a wide margin. Ronald Reagan defeated Jimmy carter in the 1980 United States presidential election by around 8 million votes. Franklin D. Roosevelt won the 1936 United States presidential election over Alf Landon by more than 11 million votes. In 1804 Thomas Jefferson received 162 (92%) of the electoral votes while Charles Cotesworth Pinckney received only 14 (8%).	By what votes margin did Ronald Reagan defeat Jimmy Carter in the 1980 US Presidential election? By how many votes was Franklin D. Roosevelt leading Alf Landon in the 1936 US Presidential election? How many more votes did Thomas Jefferson receive than Charles Cotesworth Pinckney in the 1804 United States presidential election? Are #2 and #3 greater individually than #1?
1745	Swastika	a geometrical figure and an ancient religious icon in the cultures of Eurasia and 20th-century symbol of Nazism	Does the word swastika have meaning in sanskrit?	True	In Sanskrit, the word swastika is a combination of ‘su’ (meaning ‘good’) and ‘asti’ (meaning ‘to exist’) This meaning of swastika  from Sanskrit this gets translated as ‘all is well.’ 	Was the word swastika derived from a Sanskrit word?
1746	Gothenburg	City in Västergötland and Bohuslän, Sweden	Could the Toyota Stadium sit a tenth of the population of Gotheburg?	False	The Toyota Stadium seats 45,000 people Gothenburg has a population of over five hundred thousand	How many people can the Toyota Stadium sit? What is the population of Gothenburg? Is #2 less than #1?
1747	Portuguese Colonial War	1961–1974 armed conflicts in Africa between Portugal and independence movements	Do all of the African regions that participated in the Portugese Colonial War share an official language?	True	 The current African nations of Angola, Guinea-Bissau and Mozambique participated in the the Portugese Colonial War. The Portugese Colonial War was a decisive struggle in Lusophone Africa. Lusaphone countries are those that include Portugese as an official language.	Which African nations participated in the Portuguese Colonial War? Which African region did all of #1 belong to? Do all nations in #2 share official language?
1748	Land of Israel	Traditional Jewish name for an area of indefinite geographical extension in the Southern Levant.	Was Land of Israel in possession of an Islamic empire in 16th century?	True	Land of Israel was controlled by the Ottoman Empire in 16th century.  The religion of Ottoman Empire was Sunni Islam. 	Who ruled the geographic region of Israel in the 16th century? Was Islam the state religion of #1?
1749	Mount Emei	mountain	Can a Liebherr LTM 11200-9.1 hypothetically lift Mount Emei?	True	Mount Emei is a 70 ton mountain located in China. The Liebherr LTM 11200-9.1 is the world's strongest crane that can lift 1200 tons.	How much does Mount Emei weigh? How much can a Liebherr LTM 11200-9.1 lift? Is #2 greater than #1?
1750	Solo (music)	musical piece or part of musical piece performed by a single musician	Can the Department of Defense perform a solo?	False	A solo is the part of a musical piece performed by a single musician The Department of Defense is a US government agency composed of many individuals and unrelated to music	How many are part of a solo performance?  What is the Department of Defense? How many people are part of #2? Is #1 the same as #3?
1751	Bumblebee	genus of insects	Does a bumblebee have to worry about spider veins?	False	Spider veins is a condition in which the veins become inflamed. Bumblebees have a free flowing blood system and do not have veins or arteries.	What anatomical features are necessary for a being to have spider veins? Do bumblebees have #1?
1752	Bee	Clade of insects	Are queen bees unnecessary for growing apples?	True	Mason bees are solitary (they live alone) Mason bees are efficient pollinators for orchards Apple trees are grown in orchards	What is the social structure of Mason bees? Where are Mason bees recognized as efficient pollinators? Is #1 needless of a queen, and are apples grown in #2?
1753	Law & Order	original television series (1990-2010)	Can you taste Law & Order?	False	Law & Order is a television show. Television shows cannot be tasted, only viewed. 	What is Law & Order? Is the answer to #1 something that can be tasted?
1754	Osama bin Laden	Co-founder of al-Qaeda	Does Osama bin Laden put a wafer on his tongue every Sunday?	False	Osama bin Laden was an Islamic fundamentalist The practice of putting a wafer on your tongue is called Communion Communion is a Christian religious practice Christians commonly attend religious services on Sunday	What is the practice of putting a wafer on your tongue called? What religion practices #1 on Sundays? Does Osama bin Laden practice #2?
1755	Easy Rider	1969 film by Dennis Hopper	Will the producer of Easy Rider become an octogenarian in 2021?	False	The producer of Easy Rider was Peter Fonda. Peter Fonda died in 2019 at the age of 79. An octogenarian is someone who is between 80 and 89 years old and is still alive.	Who produced Easy Rider? What characteristics does someone need to be considered an octogenarian? What characteristics does #1 have? Are all the characteristics in #2 also in #3?
1756	Blueberry	section of plants	Was the Treaty of Versailles settled over blueberry scones?	False	Blueberries are native to North America. Blueberries did not come to Europe until the 1930's. The treaty of Versailles was made effective in 1920. 	Where was the The Treaty of Versailles settled? When did blueberries first go over to #1? When was The Treaty of Versailles settled? Did #2 occur before #3?
1757	Zucchini	Edible summer squash, typically green in color	Would 7 zucchini's satisfy potassium USDA daily recommendation?	True	The USDA recommends at least 3500 mg of potassium a day. One zucchini has 512 mg of potassium.	How much potassium is in a zucchini? How much potassium does the USDA recommend daily? Would seven times #1 be more than #2?
1758	Colitis	inflammation of the colon or the large intestine	Is it best to avoid kola nuts with colitis?	True	Colitis is a disease in which the colon becomes inflamed. Many things can trigger colitis, including dairy, alcohol, and caffeine. The kola nut is the fruit of the tropical cola tree that contains caffeine inside.	What triggers colitis?  Are any of the triggers in #1 present in the kola nut?
1759	Donald Duck	Disney cartoon character	Would Donald Duck be allowed into most grocery stores?	False	"Donald Duck is known for not wearing any pants or shoes. Most grocery stores have a ""No shoes, No Shirt, No Service"" policy."	What is Donald Duck known for not wearing? Would most grocery stores serve people without #1?
1760	Indian Ocean	The ocean between Africa, Asia, Australia and Antarctica (or the Southern Ocean)	Does the United States of America touch the Indian Ocean?	False	The United States of America is bordered by the Atlantic and Pacific Oceans. Even the westernmost point of the USA, the Hawaiian Islands, is too far east in the Pacific to be anywhere near that ocean's border with the Indian Ocean.	What oceans does the US of America border? Is the Indian Ocean part of #1?
1761	QWERTY	"keyboard layout where the first line is ""QWERTYUIOP"""	Can second row of QWERTY keyboard spell Abdastartus's kingdom?	True	QWERTY keyboards have one row of numbers followed by three rows of letters. The second row of the QWERTY keyboard has the letters: QWERTYUIOP. Abdastartus was king of Tyre from 929 – 921 BC.	What letters are on the second row of a QWERTY keyboard? What was Abdastartus' kingdoms name? Are all the letters in #2 also found in #1?
1762	Pottery	Craft of making objects from clay	Are all types of pottery safe to cook in?	False	Some types of pottery glaze are unsafe for contact with food meant for human consumption.  Antique pottery pieces may have hazardous levels of lead in them.	Are all antique or glazed pottery safe to cook in?
1763	New Year's Eve	holiday celebrated on 31 December	Should you ask a neighbor for candy on New Year's Eve?	False	Halloween is a holiday where children knock on doors of houses in their neighborhood asking for treats Halloween falls on October 31st New Year's Eve is a celebration of the end of the year held on December 31st	On which holiday do children go trick-or-treating? What is the date of #1? When is New Year's Eve celebration? Are #2 and #3 the same?
1764	Eye surgery	medical specialty	Would Eye surgery on a fly be in vain?	True	Researchers at BYU have been developing smaller surgical instruments to improve medical procedures. BYU researchers  created robotically-controlled forceps that can pass through a hole about 3 millimeters in size. The eye of a fly is considerably small and estimates range from .5mm to 2mm.	What levels of precision can be reached by robot-assisted surgery? What is the size range of the eye of a fly? Is #1 considerably larger than the range of #2?
1765	Sonnet	form of poetry with fourteen lines; by the thirteenth century it signified a poem of fourteen lines that follows a strict rhyme scheme and specific structure	Can Jabberwocky be considered a sonnet?	False	A sonnet is a fourteen line poem that follows certain rhyme schemes. Jabberwocky is an 1871 poem by Lewis Carroll. Jabberwocky is a 28 line poem that uses nonsense words.	How many lines does a sonnet have? How many lines did the poem Jabberwocky have? Is #1 the same as #2?
1766	White	color	Is white light the absence of color?	False	White light is formed by the combination of red, green, and blue light. Instead, black is considered to be the absence of color.	How many colors of light are mixed to create white light? Is #1 equal to zero?
1767	Christopher Walken	American actor	Could Christopher Walken enlist in the United States Marine Corps?	False	Christopher Walken is 77 years old. The maximum age for first-time enlistment in the United States Marine Corps is 28.	How old is Christopher Walken? What is the age limit for enlistment in the United States Marine Corps? Is #1 less than or equal to #2?
1768	Milky Way	Spiral galaxy containing our Solar System	Is number of stars in Milky Way at least ten times earth's population?	True	The number of stars in the Milky Way galaxy is between 100 and 400 billion. Earth's population in 2018 was 7.5 billion people.	How many stars are in the Milky Way galaxy? What is the number of the human population on earth? Is #1 greater than or equal to ten times #2?
1769	The Hobbit	Fantasy novel by J. R. R. Tolkien	Can The Hobbit be read in its entirety in four minutes?	True	The Hobbit is a 95,356 word book by J.R.R. Tolkien. Speed reader Howard Stephen Berg could read at the speed of 25,000 words per minute. Speed reader Maria Teresa Calderon from the Philippines claimed to be able to read 80,000 words per minute with 100% comprehension.	How many words are in the Hobbit? How many words per minute could Maria Teresa Calderon read? What is #2 multiplied by 4? Is #3 greater than or equal to #1?
1770	Peach	species of fruit tree (for the fruit use Q13411121)	Will you see peach blossoms and Andromeda at the same time?	False	Peach trees bloom in the spring. Andromeda is visible in the fall.	When do peach trees bloom? When can you see Andromeda? Is #1 the same as #2?
1771	Mini	British car model made by the British Motor Corporation (BMC) and its successors from 1959 until 2000	Was the British car, the Mini, the first car manufactured?	False	The first car widely manufactured was the Model T. The Model T was manufactured in 1908. The Mini was made beginning in 1959.	When was the first car manufactured? When was the Mini first manufactured? Is #2 the same as #1?
1772	Arnold Schwarzenegger	Austrian-American actor, businessman, bodybuilder and politician	Could Arnold Schwarzenegger hypothetically defeat Hafþór Björnsson in a powerlifting competition if both are at their peak strength?	False	A powerlifting competition is won by the person who lifts the most combined weight across the squat, deadlift, and bench press. Arnold Schwarzenegger's powerlifting personal records are a 545 lb squat, 520 lb bench press, and a 710 lb deadlift. Hafþór Björnsson's powerlifting personal records in competition are a 970 lb squat, 551 lb bench press, and a 904 lb deadlift.	What lifts are contested in powerlifting? What are Arnold Schwarzenegger's personal records in #1? What are Hafþór Björnsson's personal records in #1? Is the sum of #2 greater than the sum of #3?
1773	Mesopotamia	Historical region within the Tigris–Euphrates river system	Was Mesopotamia part of what is now China?	False	Mesopotamia occupies an area of land called the Fertile Crescent which is part of what is currently known as the Middle East. China is much further East, beyond the Stans and India.	What land did Mesopotamia occupy? What is #1 currently known as? Is #2 located in China?
1774	Doctor Who	British science fiction TV series	In Doctor Who, did the war doctor get more screen time than his successor?	False	"The War Doctor was succeeded by the ""9th Doctor"".  The War Doctor was featured in two episodes of Doctor Who. The 9th Doctor was featured in 13 episodes of Doctor Who."	Who was the successor of the War Doctor? How many episodes was #1 in? How many episodes was the War Doctor in? Is #3 greater than #2?
1775	Paprika	spice made from dried fruits of Capsicum annuum	Can Paprika be made without a dehydrator?	True	Peppers can be dehydrated in the oven in lieu of a dehydrator. Sunlight and heat have been used for centuries to dry peppers and other foods.	What is paprika made from? Can #1 be dehydrated without using a dehydrator?
1776	Pancake	Thin, round cake made of eggs, milk and flour	Are some types of pancakes named after coins?	True	Silver dollar pancakes are a variety that is smaller than traditional pancakes. Silver dollars are a type of American coin.	What are some common types of pancakes? Is any of #1 named after a coin?
1777	Fantasy	Genre of literature, film, television and other artforms	Would J.K Rowling's top sellers be on a fantasy shelf?	True	J.K Rowling's top sellers are her Harry Potter series. Harry Potter is a series about a boy who goes to a magical school to learn wizardry.	What is J. K. Rowling's top selling book? Is #1 fantasy?
1778	P. G. Wodehouse	English author	Was P. G. Wodehouse's favorite book The Hunger Games?	False	P. G. Wodehouse died in 1975. The Hunger Games was published in 2008.	When did P. G. Wodehouse die? When was the Hunger Games first published? Did #2 happen before #1?
1779	Limbic system	structures of the brain	Will The Exorcist stimulate limbic system?	True	The limbic system of the brain contains regions that detect fear, control bodily functions and perceive sensory information. The Exorcist has been called one of the scariest movies of all time. The Exorcist ranked number 3 on the American Film Institute's 100 Years/100 Thrills list.	Based on its functions, what kinds of stimuli is the limbic system likely to respond to? What is the general opinion of the movie The Exorcist? Does #2 suggest that the movie will generate #1?
1780	Judo	modern martial art, combat and Olympic sport	Do silicone suits make judo difficult?	True	Judo is a martial art that requires combatants to grip their opponents and throw them in various ways. Judo practitioners traditionally wear an outfit called a gi, which opponents use to grip and throw. Silicone is one of the slipperiest substances on the planet.	What maneuvers are required to do Judo? What characteristics does an article of clothing need to have in order to do #1 effectively? What characteristics does a silicone suit have?  Is #3 excluded from #2?
1781	JAG (TV series)	American legal drama television series (1996-2005)	Could you watch all of JAG in six months?	True	JAG has 227 episodes in the entire series. Each episode of JAG is between 42-47 minutes long. There are over 200,000 minutes in a month.  The entire series of JAG is under 12,000 minutes. 	How many episodes of JAG are there? How long is an episode of JAG? What is #1 multiplied by #2? How many minutes are there in six months? Is #3 less than or equal to #4?
1782	Solubility	Capacity of a designated solvent to hold a designated solute in homogeneous solution under specified conditions	In isopropyl alcohol, is the solubility of salt low?	True	Isopropyl alcohol is unique in the sense that salt remains visible. When salt has high solubility, it becomes invisible.	How does high solubility affect the visibility of salt? Does salt in isopropyl alcohol fail to exhibit #1?
1783	Noble gas	group of chemical elements tend to be chemically inert and thus form odorless, colorless, monatomic gases with low reactivity; consists of helium, neon, argon, krypton, xenon, radon, and possibly oganesson	Was the Japanese street aesthetic once illuminated by noble gasses?	True	Japan was known for their use of brightly lit businesses and signage. The signs in Japan were lit with neon for a long time.	What were the signs in Japan known for in the past? Were noble gasses the reason behind #1?
1784	Rick and Morty	Animated sitcom	Could Rich and Morty be triggered for children of alcoholics?	True	Rick, one of the titular characters of Rick and Morty, is often seen drunk and speaking abusively to Morty. Morty's mother Beth is depicted multiple times neglecting her children while getting drunk on wine.  Trauma triggers can occur when someone is exposed to something that reminds them of a traumatic situation. 	What depictions are common triggers for children of alcoholics? Do any of the characters from Rick and Morty exhibit the characteristics in #1?
1785	Gorillaz	British virtual band	Does it seem like the Gorillaz is composed of more members than they have?	True	In music videos for Gorillaz songs, there are four animated bandmates playing. Gorillaz is a collaboration of 3 band members.	How many band members are in Gorillaz? How many animated band members are in Gorillaz videos? Is #2 more than #1?
1786	Bengal cat	Breed of cat	Can a Bengal cat survive eating only pancakes?	False	Bengal cats are carnivores. Pancakes contain no meat. Carnivores eat only meat to survive. 	What type of diet does a Bengal cats follow? What do #1 mainly eat? Do pancakes contain #2?
1787	Oceanography	The study of the physical and biological aspects of the ocean	Does a person suffering from Thalassophobia enjoy oceanography?	False	Thalassophobia is a deep and persistent fear of the sea. Oceanography is the study of bodies of water. Oceanographers frequently observe and interact with bodies of water such as lakes, seas, and oceans.	What do people that have thalassophobia fear? Oceanography is the study of what? Is #1 excluded from #2?
1788	United Airlines	Airline in the United States	Is Glycol something United Airlines would buy?	True	Glycol is a commonly used de-icing fluid for commercial planes. American Airlines flies all year round, including throughout the winter.	What is Glycol commonly used for? What cold season does American Airlines fly its planes? Would #1 be helpful in #2?
1789	Poseidon	Ancient Greek god of the sea, earthquakes and horses	Is Poseidon similar to the god Vulcan?	False	Poseidon is the Greek god of the sea and water, and is the brother of Zeus. Neptune is the Roman god of the sea. Hephaestus is the Greek god of fire. Hephaestus's ROman equivalent is Vulcan, the Roman god of fire.	What are the major characteristics of Poseidon? What are the major characteristics of Vulcan? Is there a significant overlap between #1 and #2?
1790	Green Party of England and Wales	Political party in England and Wales	Can members of the Green Party of England and Wales vote in the USA?	False	Green Party of England Wales isn't registered in the USA. People who live in England can't vote in the USA.	Members of the Green Party of England and Wales are from which country? Can people living in #1 vote in the US?
1791	Golden Gate Bridge	suspension bridge on the San Francisco Bay	Do depressed people travel to the Golden Gate Bridge often?	True	The Golden Gate Bridge is one of the most popular suicide spots in the USA. Suicide is often caused by severe depression.	What is the ultimate end that severe depression can lead to? Is the Golden Gate Bridge a place where #1 is known to often happen?
1792	Olive oil	liquid fat extracted by pressing olives	Do some people soak in olive oil and water?	True	Adding olive oil to bath water is a common practice for dry skin. In baths, people tend to soak for a period of time. 	During which activity do people soak in water for some time? Is it common to add olive oil water for dry skin during #1?
1793	Bucharest	Capital of Romania	Could a wandering albatross fly from Bucharest to New York City without a rest?	True	Wandering albatross can travel at least 15,000 km (just under 10,000 miles) over the sea before returning to land.  It's 4766 miles or 7670 km from Bucharest to New York City.	How far can a Wandering albatross travel over the sea before returning to land? How far is it from Bucharest to New York City Is #2 less than #1?
1794	Durian	genus of plants	Are Durian fruits an olfactory delight?	False	Durian is a plant type that produces several kinds of fruit. Olfactory refers to the human sense of smell. Pleasant smells according to polls include flowers and sweet foods. Durian fruits have been banned in Singapore due to its overwhelming smell.	What kind of smell is the durian known for? Is #1 pleasant?
1795	Aerosmith	American rock band	Can Aerosmith legally drive in the carpool lane?	True	Aerosmith is a rock band with five members Carpool lanes require at least two occupants in each vehicle	How many people does the band Aerosmith have? What is the minimum number of occupants required to use the carpool lane? Is #1 greater than or equal to #2?
1796	Petroleum	Naturally occurring hydrocarbon liquid found underground	Can petroleum jelly be used as fuel in a car?	False	Petroleum is a highly reactive liquid used to power cars. Petroleum jelly is a solid substance used as an ointment on cuts and scrapes to promote healing. Petroleum jelly does not oxidize on exposure to the air and is not readily acted on by chemical reagents.	What is petroleum jelly used for? Does #1 include fueling cars?
1797	New York Public Library	Public library system in New York City	Does the New York Public Library sell Alpo products?	False	The New York Public Library is a public lending library system in New York City Alpo produces pet food and related products	What does The New York Public Library offer for customers? What kinds of products does Alpo make? Is there any overlap between #1 and #2?
1798	Spider wasp	family of insects	Do spider wasps have eight legs?	False	A spider wasp is a kind of wasp, which is an insect. Insects all have six legs.	What kind of animal is a spider wasp? Do #1's have eight legs?
1799	Newt Gingrich	50th Speaker of the United States House of Representatives	Is Newt Gingrich's nickname a type of Reptile?	False	Newt Gingrich was born Newton Leroy Gingrich and goes by the nickname Newt. A newt is a type of Amphibian with smooth, sticky skin.. Reptiles have dry and hard skin.	What was Newt Gingrich's nickname? Is #1 a reptile?
1800	Tomato	Edible berry of the tomato plant, originating in South America	Do you need both hot and cold water to peel a tomato?	True	The first step in removing the skin from at tomato is to quickly submerge it in boiling water. The second step in removing the skin from a tomato is to take the tomatoes out of the boiling water and put them into ice water.	What are the various steps involved in peeling tomatoes? Does any of #1 use hot water? Does any of #1 use cold water? Are #2 and #3 positive?
1801	Tony Bennett	American singer	Is Tony Bennett's middle name shared by a former UFC champion?	True	Tony Bennett's full name is Anthony Dominick Benedetto. Dominick Cruz is a two-time UFC Bantamweight Champion.	What is Tony Bennett's middle name? What are the names of the former UFC champions? Is #1 found in #2?
1802	Friday	day of the week	Does 2015 have more unlucky Friday's than usual?	True	Friday the 13th is known as an unlucky Friday because of the number 13. A year can have as many as three Friday the 13ths. One Friday the 13th is the average per year. There were 3 Friday the 13ths in 2015.	How many Friday the 13ths were in 2015? What is the usual number of Friday the 13ths per year? Is #1 more than #2?
1803	Estonian language	Finno-Ugric language spoken in Estonia	Did Jesus know anyone who spoke Estonian?	False	Estonian is the language of Estonia, which is located in Northern Europe near Finland. Jesus is recorded to have lived and traveled almost exclusively within the borders of Galilee. Galilee is a territory within the borders of northern Israel. Israel is located on the Mediterranean sea in the Middle East. Israel is almost 2,000 miles from Estonia. 	Where is Estonian spoken? Where did Jesus live and travel? Where is #2 located? Is #1 close to #3?
1804	The Dark Knight (film)	2008 film directed by Christopher Nolan	Would The Dark Knight be appropriate for a preschool class?	False	Preschoolers are between 3 and 5 years old. The Dark Knight is rated PG-13. PG-13 is a rating that means parents are strongly cautioned that the content of a film may not be appropriate for children under 13.	What is the average age of preschoolers? What is the Dark Knight rated? What is the minimum age to watch something rated #2? Is age #1 above #3?
1805	Jujutsu	Japanese martial art	Are all limbs required for jujutsu?	False	Jujutsu is a Japanese martial art that uses unarmed combat to subdue opponents. Nick Newell, a congenital amputee, got his black belt after two straight submission wins. Fighter Aaron LaPointe has succeeded in martial arts with a fully paralyzed arm.	What kind of sport is jujutsu? Which sport did Nick Newell get a black belt in? Did Nick Newell have all limbs intact or is #2 not a form of #1?
1806	Underworld	The mythic Relm of the Dead, located far underground (aka, Hades; Underworld)	Can you get a ride on Amtrak to the Underworld?	False	Amtrak is a passenger railroad service operating in North America The Underworld is a fictional location from mythology and religion	Which major regions are covered by the passenger railroad service 'Amtrak'? Is the Underworld part of #1?
1807	The Jackson 5	American pop music family group	Did Jackson 5 members exceed number in The Osmonds?	False	The Jackson 5 was composed of: Jackie, Tito, Jermaine, Marlon and Michael. The Osmonds consisted of:  Alan, Wayne, Merrill, Jay and Donny.	How many members did The Jackson 5 have? How many members did The Osmonds have? Is #1 greater than #2?
1808	Mickey Mouse	Disney cartoon character	Did Mickey Mouse appear in a cartoon with Bugs Bunny in 1930?	False	Bugs Bunny was created in the late 1930s. Mickey Mouse was created in 1928. Mickey Mouse appears in Disney cartoons. Bugs Bunny appears in Warner Bros. cartoons.	When was Bugs Bunny created? Is #1 before 1930?
1809	Isaac Newton	Influential British physicist and mathematician	Is Isaac Newton buried at the same church as the author of Great Expectations?	True	Isaac Newton is buried at Westminster Abbey. Charles Dickens's book Great Expectations was published  in 1861. Charles Dickens is buried at the Poets' Corner of Westminster Abbey. Westminster Abbey is a large church in the City of Westminster, London, England.	Who is the author of 'Great Expectations'? Where is #1 resting place? Where was Isaac Newton buried? Are #2 and #3 the same?
1810	Butler	male domestic worker in charge of all the male household staff	Do most middle class families have butlers?	False	Butlers make about $60,000 per year on average for their work. Middle class income is between $48,000 and $145,000.	What is a butler? How much does #1 make per year on average? How much is the average middle class income? Would #3 be enough to pay #2?
1811	C	Letter of the Latin alphabet	Is letter C crucial to spelling the two most common words in English language?	False	"The most common word in the English language is ""the"". The second most common word in the English language is ""be""."	"What is the most common word in the English language? What is the second most common word in the English language? What letters make up #1? What letters make up #2? Is the letter ""c"" found in both #3 and #4?"
1812	Jury	sworn body of people convened to render a verdict officially submitted to them by a court, or to set a penalty or judgment	Is a felony jury enough people for a Bunco game?	True	Felonies and other serious crimes have a jury of 12 people. Bunco is a parlour game requiring 12 or more players.	How many people are on a felony criminal jury? How many players are needed for a game of Bunco? Is #2 the same or less than #1?
1813	Odyssey	Epic poem attributed to Homer	"In baseball, is a ""Homer"" named after the poet Homer who wrote the Odyssey?"	False	"Homer is a famous poet who wrote the epic poem the Odyssey. The Odyssey is about a character Odysseus on an epic journey home after the fall of Troy. In baseball a trip around all the bases is called a Home Run. ""Homer"" is a shortened name for Home Run."	What does the baseball term homer mean? Is #1 the same thing as the poet Homer?
1814	Tax collector	person who collects taxes	Does Kenny G hold the qualifications to be a tax collector?	True	The qualifications to be a tax collector in the US inlude a bachelor's degree in accounting. Kenny G studied accounting at the University of Washington and graduated magna cum laude.	What are the qualifications to be a tax collector? Does Kenny G possess #1?
1815	Guitarist	person who plays the guitar	Do guitarists need both hands to play?	True	The left hand typically positions the chords on the fretboard. The right hand plays the strings, either strumming a whole chord or finger-picking individual strings. The position of the left hand on the fretboard changes the tones of the strings played by the right hand, so both hands are necessary.	Which musical instrument do guitarists play? How many hands are typically used to play #1? Is #2 equal to two?
1816	Karachi	Megacity in Sindh, Pakistan	Karachi was a part of Alexander the Great's success?	True	Karachi is a city in modern day Pakistan. Krokola was an ancient port located in what is now Karachi. Alexander the Great stationed his fleet in Krokola on his way to Babylon. Alexander the Great defeated Darius and conquered Babylon before expanding his empire.	What is Karachi? What was the name of the ancient port that was once located in #1? Before expanding his empire, what city did Alexander the Great conquer? Did Alexander the Great station his fleet at #2 prior to #3?
1817	Maize	Cereal grain	Would a bodybuilder choose maize over chicken breast for dinner?	False	Bodybuilders aim to eat high amounts of protein in order to stimulate muscle growth. Maize contains 9.4 grams of protein per 100 grams. Baked chicken breast contains 31 grams of protein per 100 grams.	What nutrient is critical for bodybuilding? How much #1 is in maize? How much #1 is in chicken breast? Is #2 greater than #3?
1818	King Kong (2005 film)	2005 film directed by Peter Jackson	Was King Kong (2005 film) the lead actress's biggest box office role?	True	Naomi Watts starred in King Kong (2005 film). Naomi Watts has starred in several movies such as Divergent and the RIng. Divergent: Insurgent made 295 million at the box office worldwide . The Ring made 248 million at the box office worldwide . King Kong (2005 film) made 550 million at the box office worldwide.	Who was the lead actress in King Kong (2005)? What other films has #1 starred in? How much did King Kong (2005) make at the box office? How much did each of #2 make at the box office? Is #3 greater than any of #4?
1819	Do it yourself	building, modifying, or repairing something without the aid of experts or professionals	Are some Do It Yourself projects potentially lethal?	True	Deep fried turkey can be made at home, but a small mistake can cause the entire setup to erupt into a grease fire. Home roofing repair can be a DIY project but without proper safety gear a fall can be deadly.	How could DIY deep fried turkey go wrong in case of a mistake? What accidents could DIY home roofing cause if something went wrong? Are #1 and #2 deadly?
1820	Andes	Mountain range in South America	Has mummification in the Andes been prevented by rainfall?	False	The Andes includes high, dry zones without precipitation. Dry climates do not impede mummification. Many mummies have been found in the Andes.	What type of climate is present in the Andes? Does #1 cause rainfall?
1821	Lettuce	Species of annual plant of the daisy family, most often grown as a leaf vegetable	Can lettuce result in spontaneous abortion?	True	Food-borne pathogens that can survive on lettuce include Listeria monocytogenes,  Listeria monocytogenes is the causative agent of listeriosis. The manifestations of listeriosis include intrauterine or cervical infections in pregnant women, which may result in spontaneous abortion.	What diseases can be caused by contaminated lettuce? Can any of #1 cause intrauterine or cervical infections?
1822	1800	Year	Is number of different US President's in 1800s a lucky number in Hong Kong?	False	There were 24 different US President's in the 1800s. 4 is an unlucky number in Chinese numerology. Where East Asian and Western cultures blend, such as in Hong Kong, it is possible in some buildings that the thirteenth floor along with all the floors with 4s to be omitted. 	How many U.S. Presidents served during the 1800's? What number is unlucky in Chinese numerology? Does #1 end with a number other than #2?
1823	Slot machine	Casino gambling machine	Do any video games about the end of civilization have slot machines?	True	Fallout New Vegas is a game that takes place after the apocalypse has ocurred.  In Fallout New Vegas, players can go to casinos and play on slot machines.	What video games take place in a post-apocalyptic world? Which video games have slot machines? Is at least one game in #1 found in #2?
1824	Eminem	American rapper and actor	Would Terence Tao outperform Eminem in a math competition?	True	Eminem disliked math and social studies, and dropped out of high school at age 17. Terence Tao was a child prodigy in mathematics, attending university-level mathematics courses at the age of 9. From 1992 to 1996, Tao was a graduate student at Princeton University under the direction of Elias Stein, receiving his Ph.D. at the age of 21.	What achievements did Terence Tao make as a student of mathematics? What was Eminem's disposition to mathematics as a high-schooler? Does #1 indicate a higher mathematical ability than #2?
1825	Tonsure	hairstyle related to religious devotion	Does a person using tonsure have hair at the top of their scalp?	False	Tonsure involves shaving some or all of the hair from the head. Tonsure styles include a large bald spot at the top of the scalp.	What parts of the head are shaved for the tonsure hairstyle? Is the top of the scalp excluded from #1?
1826	Peach	species of fruit tree (for the fruit use Q13411121)	Would a black widow woman have use for peaches?	True	A black widow woman refers to a woman who murders her husbands for money and remarries. Peach pits contain amygdalin, a type of cyanide. Cyanide is poisonous to humans.	What is a black widows main goal? What do peach pits contain? If a human ate #2, would #1 occur?
1827	Nordic countries	Geographical and cultural region in Northern Europe and the North Atlantic	Does someone from Japan need a passport to go to a Nordic country?	True	The Nordic Passport Union allows citizens of the Nordic countries: Denmark (Faroe Islands included since 1 January 1966, Greenland not included), Sweden, Norway (Svalbard, Bouvet Island and Queen Maud Land not included), Finland and Iceland (since 24 September 1965) to cross approved border districts without carrying and having their passport checked. Japan is not one of the approved countries.	What countries recognize the Nordic Passport Union? Is Japan included in #1?
1828	Tibia	larger of the two bones of the leg below the knee for vertebrates	Would you find a tibia beside parsley on a holiday plate?	True	The tibia of a goat is eaten during Passover, a Jewish holiday Parsley is served on a Passover seder plate beside the goat shank 	How is Passover celebrated? What part of a goat is eaten during #1? Is parsley typically served on the same plate as #2?
1829	Hanuman	The divine monkey companion of Rama in Hindu mythology	Did Hanuman ever experience an orgasm?	False	Hanuman was a life long celibate. Celibates refrain from all sexual activity. Orgasms are only experienced during sexual activity.	What does one have to do to experience an orgasm? Which of Hanuman's characteristics concerned his #1 aspect? Do people who identify as #2 engage in #1?
1830	U2	Four-member Irish rock band, from Dublin	Could someone listen to the entire U2 debut studio album during an episode of Peppa Pig?	False	U2's debut studio album was titled Boy. The album, Boy, is 42 minutes and 52 seconds long. An episode of Peppa Pig has a running time of approximately 5 minutes.	What is the title of U2's debut studio album? How long is #1? How long is Peppa Pig episodes? Is #3 longer than #2?
1831	Soul music	Genre of music	Would Brian Warner be a good singer for a soul music band?	False	Soul music is a music genre that originated in the United States African American community in the 1950s. Soul music combines elements of African-American gospel music, rhythm and blues and jazz. Brian Warner is the lead singer of the band Marilyn Manson. The band Marilyn Manson plays industrial heavy metal music.	What kind of music does Brian Warner play? Is soul music listed in #1?
1832	Comma	Punctuation mark	Would three commas be sufficient for displaying US 2018 GDP?	False	The 2018 GDP of US was 20.54 trillion dollars. There are three commas in a billion. There are four commas in a trillion.	How much was US GDP in 2018? When written in figures, how many commas would #1 contain? Is #2 less than or equal to three?
1833	Kanji	adopted logographic Chinese characters used in the modern Japanese writing system	Can a person who knows only English read Kanji?	False	Kanji is a Japanese language. People who only know English can't read Japanese.	Is knowledge of Kanji included in English language?
1834	Walt Disney	American entrepreneur, animator, voice actor and film producer	Was Walt Disney able to email his illustrations to people living far away?	False	Walt Disney died in 1966 Modern email came into existence in 1971	When was email first used? When did Walt Disney die? Is #1 before #2?
1835	AirTrain JFK	People mover system at JFK Airport in New York City	Could Katharine Hepburn have ridden the AirTrain JFK?	False	The AirTrain JFK was built in December 17, 2003. Katharine Hepburn died on June 29, 2003.	When was the AirTrain JFK built? When did Katharine Hepburn die? Is #1 before #2?
1836	Great Recession	Early 21st-century global economic decline	Was Great Recession the period of severest unemployment?	False	The Great Recession had an unemployment peak of 10%. The Great Depression saw global GDP decline by almost 30% and unemployment approach 25%. US unemployment numbers approached 15% in May 2020 due to the Coronavirus.	What was the unemployment rate during the Great Recession? What was the US unemployment rate in May 2020? Is #2 less than #1?
1837	Groundhog Day	Traditional method of weather prediction	At Christmastime, do some films remind us that groundhog day is approaching?	True	Jack Frost is a 1979 stop motion Christmas film. In Jack Frost, the groundhog is a character and gets his own song reminding people of his own holiday.	What is the name of a stop motion Christmas film that was released in 1979? In #1, what does the groundhog get? Does #2 remind people of Groundhog Day?
1838	Pearl hunting	Collecting pearls from wild mollusks	Would Michael Phelps be good at pearl hunting?	True	Pearl hunters swim underwater to collect pearls from oysters. Michael Phelps is the most decorated Olympic swimmer of all time.	What do pearl hunters do? What is Michael Phelps famous for? Does #2 help with accomplishing #1?
1839	Hornet	Genus of eusocial wasp	Do hornets provide meaningful data for oceanographers?	False	Hornets live on land Oceanographers study oceans	Where do hornets live? What do oceanographers study? Is #1 the same as #2?
1840	USB	Industry standard	Is 500GB USB device enough to save 10 hours of Netflix shows a day?	False	5 hours of Netflix programming uses up approximately 1 TB of data. 1 TB is equal to 1000 GB of data.	How many terabytes of data does 5 hours of Netflix use up? What is #1 multiplied by 2? How many GB are in a TB? What is #3 multiplied by #2? Is #4 less than 500?
1841	Maritime pilot	mariner who manoeuvres ships through dangerous or congested waters	Can COVID-19 spread to maritime pilots?	True	Maritime pilots are human beings. COVID-19 can spread among human population. 	Which organisms are susceptible to COVID-19? Are maritime pilots one of #1?
1842	B	letter in the Latin alphabet	Could B be mistaken for an Arabic numeral?	True	The letter 'B' resembles a figure-8 with a flattened left side. The Arabic numeral '8' is drawn as one large circle and a smaller circle immediately on top, intersecting each other.  A 'figure-8' is a shape consisting of two intersecting circles, the larger on the bottom.	Which figure is the letter B similar in appearance to? Is #1 an Arabic numeral?
1843	Grizzly bear	Subspecies of mammal	Did occupants of Vellore Fort need to defend themselves from Grizzly Bears?	False	The Vellore Fort was a 16th century stronghold in India. Grizzly Bears are native to the North American continent.	Where is the Vellore Fort located? Where can grizzly bears be found? Is #1 included in #2?
1844	Gladiator	combatant who entertained audiences in the Roman Republic and Roman Empire	Did a gladiator kill his opponent with a shotgun?	False	The gladiator games lasted for nearly a thousand years, reaching their peak between the 1st century BC and the 2nd century AD. The gladiator games finally declined during the early 5th century. The shotgun was not invented until approximately the 18th century.	When did the gladiator games take place? When was the shotgun invented? Is #2 within the range of #1?
1845	Immanuel Kant	Prussian philosopher	Would Immanuel Kant be disgusted by the Black Lives Matter movement?	True	Immanuel Kant believed that Africans occupied the second lowest position on his racial hierarchy, below Whites and Asians. The Black Lives Matter movement advocates for racial equality and anti-racism.	What were Immanuel Kant's views on race? What are the main beliefs of the Black Lives Matter movement? Is #1 significantly different from #2?
1846	Pregnancy	time when children develop inside the mother's body before birth	Will 2020 elephant pregnancy last past next year with 4 solar eclipses?	False	The gestation period of elephants are around 95 weeks. The year 2029 is the next year with 4 solar eclipses.	What is the duration of an elephant's gestation period? How many years from 2020 will there be a year with four solar eclipses? Is #1 greater than #2?
1847	Fear	Basic emotion induced by a perceived threat	Is an espresso likely to assuage fear?	False	Fear raises heart rate Caffeine raises heart rate Coffee may also increase symptoms such as jitteriness and nausea 	What does fear typically do to a person's heart rate? What does espresso typically do to a person's heart rate? Is #1 the opposite of #2?
1848	Burning Man	annual experimental festival based in Nevada, United States	Are people more likely than normal to get sunburn at Burning Man?	True	Burning Man often attracts lots of young people who are typically wearing minimal clothing due to the weather and for style.  Burning Man festivities occur in the hot summer sun and are often not in shaded areas.	What style of clothing do people wear to the burning man festival? Sun burning occurs easily while wearing what style of clothing? Is #1 and #2 the same?
1849	Marco Polo	Italian explorer and merchant noted for travel to central and eastern Asia	Do you often hear Marco Polo's name shouted near water?	True	"""Marco Polo"" is a popular game among children and adults played while swimming. To play ""Marco Polo"", one person shouts ""Marco"" and the other shouts ""Polo"" while avoiding being tagged."	What is the game Marco Polo? When is #1 typically played? Does #2 occur near or in water?
1850	Rahul Dravid	Indian cricketer	Did Rahul Dravid ever kick a field goal?	False	Rahul Dravid was a professional cricket player Field goal kicks are part of American football	Which sport does Rahul Dravid play? Does #1 involve field goal kicks?
1851	Donatello	Italian painter and sculptor	Did Donatello use a smartphone?	False	Donatello died on December 13, 1466. The first smartphone did not come out until 1992.	What years was Donatello alive? When was the first smartphone released? Did #2 occur during #1?
1852	The Dark Knight (film)	2008 film directed by Christopher Nolan	Was the death of Heath Ledger caused by his work on The Dark Knight?	False	Heath Ledger accidentally overdosed on prescription medication. Heath Ledger's overdose led to his death. 	What was the cause of Heath Ledger's death? Is #1 related to his work on the The Dark Knight?
1853	Parody	Imitative work created to mock, comment on or trivialise an original work	"Is ""A Tale of Two Cities"" a parody of the Bible?"	False	"""A Tale of Two Cities"" is an original work by Charles Dickens. The Bible is a religious text written down in the early centuries AD. A parody is a deriative work intended to make fun of another piece of media. "	"Was the story of ""A Tale of Two Cities"" written as an imitation of the Bible?"
1854	D	letter in the Latin alphabet	Is the letter D influenced by the shape of ancient doors?	True	D is the fourth letter of the Latin alphabet D is a descendent of the ancient Phoenician Dalet Dalet was represented by a glyph of a door	Which ancient language did the letter 'D' descend from? What was used to represent 'D' in #1? Was #2 a symbol of a door?
1855	Acetylene	chemical compound	Did Julio Gonzalez like acetylene?	True	Julio Gonzalez was an artist who welded metal to create sculptures Welding is achieved by using a blowtorch on metal Blowtorches use acetylene as fuel	What technique did Julio Gonzalez use to create his scultures? What is the main tool used for #1? What is a common fuel for #2?
1856	Supreme Court of Canada	highest court of Canada	Is clerk of Supreme Court of Canada safe profession for someone with seismophobia?	True	Seismophobia is the extreme fear of earthquakes. The Supreme Court of Canada is located in Ottawa. The Ottawa-Gattineau region is located far from active tectonic plates.	What is seismophobia a fear of? Movement of what causes #1? Where is the Supreme Court of Canada located? Is #3 located near active #2's?
1857	Oceanography	The study of the physical and biological aspects of the ocean	Does an individual oceanographer study many sciences?	True	Study of the oceans involve many fields or science. To properly study their specific topic of research, an oceanographer must understand how their science interacts with the other involved sciences.	What other fields of science does oceanography cover? Does an individual oceanographer have to understand all of #1 to properly understand oceanography?
1858	Homelessness	circumstance when people desire a permanent dwelling but do not have one	Does Antarctica have a lot of problems relating to homelessness?	False	Antarctica has no permanent residents. Exposure to the elements would be deadly for homeless people during certain times of year.	What do homeless people lack? Does the weather in Antarctica support life without #1?
1859	Superhero fiction	Fiction genre	Was Superhero fiction invented in the digital format?	False	The Golden Age of comics occurred between the 1930's and the 1950's. Shatter was the first digitally drawn, commercially published comic.	In which format was superhero fiction first introduced? During which period were #1 first published and made popular? When was the first digitally drawn #1 published? Is #2 after #3?
1860	Cooper (profession)	Maker of staved vessels such as barrels	Are coopers required in the beverage industry?	True	Coopers make barrels. Barrels are used to store certain alcoholic beverages during production.	What liquids are barrels made for? Are any of #1 part of the beverage industry?
1861	American black bear	species of bear	Could two newborn American Black Bear cubs fit on a king size bed?	True	"The average size of an American Black Bear cub is only 8 inches at birth. King size beds are 76""x80"" in size."	What is the average length of an American Black Bear cub? What is the size of a king bed? Is two times #1 smaller than #2?
1862	Gandalf	Fictional character created by J. R. R. Tolkien	Gandalf hypothetically defeats Rincewind in a wizard battle?	True	Gandalf is a 2000 plus year old wizard that has fought orcs and spirits in Middle Earth. Rincewind is the protagonist of the Discworld series. Rincewind is a failed student at the Unseen University for wizards in Ankh-Morpork. Rincewind is described by other wizards as the magical equivalent to the number zero.	How powerful is Gandalf as portrayed in LOTR? How powerful is Rincewind as portrayed at the Unseen University for wizards? Does #1 include far more experience and accomplishments than #2?
1863	Alfa Romeo	Italian automotive manufacturer	Would an Alfa Romeo vehicle fit inside a barn?	True	Alfa Romeo makes cars. Barns are large enough to hold a car.	What is the average length of an Alfa Romeo? What is the average size of a barn? Is #1 smaller than #2?
1864	Tonsillitis	Inflammation of the tonsils	Is strep throat harmless to singer Rita Ora after her 2020 tonsilitis surgery?	False	Tonsilitis is an inflammation of the tonsils. Singer Rita Ora had her tonsils removed in February of 2020 due to tonsilitis. Strep throat can still grow in the throat of people without tonsils.	What causes strep throat? Does #1 only flourish when tonsils are present?
1865	United States Military Academy	U.S. Army's federal service academy in West Point, New York	Would the United States Military Academy reject an applicant with multiple sclerosis?	True	Multiple Sclerosis is a progressive condition affecting the brain and spinal chord. The US Military Academy does not give waivers for serious progressive conditions.	What kind of condition is Multiple Sclerosis? Would the US Military Academy have to reject someone with #1?
1866	Metropolitan Museum of Art	Art museum in New York City, New York	Could someone in Tokyo take a taxi to the The Metropolitan Museum of Art?	False	Tokyo is located in Japan. Japan and the United States are separated by the Pacific Ocean. A taxi is not capable of travelling over water.	Where is Tokyo? Where is the Metropolitan Museum of Art? What separates #1 and #2? Can a taxi drive on #3?
1867	Game engine	Software-development environment designed for building video games	Does Adobe Suite have video game engine coding?	True	Adobe applications runs on the C++ framework. Many video games are run on Unity game engine. The Unity game engine is a C++ coded engine.	What framework does Adobe Suite run on? What game engine do most video games run on? What type of engine is #2? Is the framework for #1 the same as the engine for #3?
1868	Europa (moon)	The smallest of the four Galilean moons of Jupiter	Is Europa (moon) name origin related to Amunet?	False	Europa (moon) gets its name from the Greek Classical Mythology story. Europa was a woman that Zeus was in love with, and he changed into a bull to deceive her. Amunet is a primordial goddess in Ancient Egyptian religion.	What was the moon 'Europa' named after? Which myth is #1 a part of? Is Amunet a part of #2?
1869	Hunger	Sustained inability to eat sufficient food	Was Jean Valjean imprisoned due to hunger?	True	Jean Valjean was sentenced to imprisonment due to theft of property. The item Jean Valjean stole was a loaf of bread for his family.	What crime was Jean Valjean convicted of? What did Jean Valjean gain from #1? Who did he give #2 to? Is hunger experienced by #3 the main reason for wanting #2?
1870	Hypothermia	A human body core temperature below 35.0°C	Would someone on Venus be unlikely to experience hypothermia?	True	Hypothermia typically occurs from exposure to extreme cold. The average surface temperature on Venus is 863°F. A warmer surface temperature on the planet will result in a higher body temperature for people on that planet.	What is the average surface temperature on Venus? In order for the human body to experience hypothermia, it would have to be exposed to temperature that are what in relation to body temp? What is human body temperature? Does #1 meet the condition of #2 relative to #3?
1871	Jack Black	American actor, comedian, musician, music producer and youtuber.	Is Jack Black unlikely to compete with Bear McCreary for an award?	True	Jack Black is a musician but not a composer Bear McCreary is a composer Their interests are similar but their skills not overlap in awards categories	What music-related occupation does Bear McCreary have? What types of awards are won by notable figures who work as #1?  What music-related occupation does Jack Black have? What types of awards have been won by notable figures who work as #3? Are #2 and #4 separate categories of awards?
1872	Insomnia	The inability to fall or stay sleep	Would Cuba Libre consumption help with insomnia?	False	"Cuba Libre is a highball cocktail consisting of cola, rum, and in many recipes lime juice on ice. Traditionally, the cola ingredient is Coca-Cola (""Coke""), and the alcohol is a light rum such as Bacardi.  Coca-Cola typically contains caffeine. Caffeine consumption often promotes insomnia."	What is the traditional source of cola in Cuba Libre? Does intake of #1 help treat insomnia?
1873	Solubility	Capacity of a designated solvent to hold a designated solute in homogeneous solution under specified conditions	Does Nigella Lawson care about solubility?	True	Nigella Lawson is a chef Chefs are concerned with cooking processes and nutrition Solubility plays a role in both the chemistry of cooking processes as well as the body's interaction with substances that it ingests	What is Nigella Lawson's major occupation? What kind of substances and processes is the concept of solubility applicable to? What kind of substances and processes are of importance to #1? Are any of #2 included in #3?
1874	Daytona 500	Auto race held in Daytona, Florida, United States	Can E6000 cure before a hoverboard finishes the Daytona 500? 	True	The Daytona 500 is 500 miles A hoverboard can move at six to eight miles per hour E6000 fully cures in 24 to 72 hours	How long is the Daytona 500? How fast can a hoverboard move in hours? What is #1 divided by #2? How many hours does it take for a E6000 to cure? Is #4 more less than #3?
1875	Pope	Leader of the Catholic Church	Could the Pope be on an episode of Pimp My Ride?	True	Pimp My Ride is a show where people's cars are upgraded and improved The Pope has a personal vehicle called the Popemobile	In the show Pimp My Ride, what type of vehicles are upgraded and improved? Does the Pope have #1?
1876	Penny	unit of currency in various countries	Are pennies commonly used in Canada?	False	Canada used pennies historically as one cent coins. Canada stopped minting pennies in 2012. 	What coins are used in Canada? Are pennies among #1?
1877	Drag king	female performance artists who dress and behave in masculine way for performance	Do drag kings take testosterone to look masculine?	False	Drag Kings will use contouring and makeup to make their facial features appear more masculine and chiseled.  Testosterone is prescribed for transgender men to help with transitioning and dysphoria. Drag kings often identify as women, but dress as men for show.	Which features of themselves do drag kings modify to look masculine? Would #1 require testosterone intake?
1878	Halloween	Holiday celebrated October 31	Will Chick Fil A be open on Halloween 2021?	False	Chick Fil A restaurants close on Sundays. Halloween 2021 falls on a Sunday.	What day of the week does Halloween fall on in 2021? What days of the week is Chick Fil A closed? Is #1 included in #2?
1879	Alfa Romeo	Italian automotive manufacturer	Can you order an Alfa Romeo at Starbucks?	False	Alfa Romeo is a brand of automobile Starbucks sells coffee, tea, food, and some drink products like thermoses	What kind of product is an Alfa Romeo? What kind of goods does Starbucks sell? Is #1 found in #2?
1880	United States Marine Corps	Amphibious warfare branch of the United States Armed Forces	Would a recruit for the United States Marine Corps be turned away for self harm?	True	Self harm is when someone intentionally causes injury or pain to themselves. Self harm is almost always related to a mental health condition. Those experiencing mental wellness related illnesses cannot join the Marines.	What medical condition is self harm usually related to? Are people who suffer from #1 turned away from the US Marine Corps?
1881	Aldi	Germany-based supermarket chain	Are Aldi's foods discounted due to being out of date?	False	Aldi cuts costs by charging for bags, buying in bulk, and by avoiding brand name items.  Aldi removes spoiled or expired foods from their shelves immediately upon identification.	How does Aldi cut cost? Is selling discounted food part of #1?
1882	Frost	coating or deposit of ice that may form in humid air in cold conditions, usually overnight	Would it be unusual to see frost in September in Texas?	True	Texas is a Southern state of the United States, known for high heat. On average, Texas is between 68 and 89 degrees during the month of September. Frost forms at 32 degrees or lower.	What are the average temperatures in Texas during the month of September? What temperature does frost form at? Is #1 warmer than #2?
1883	Breakdancing	Style of street dance	Did breakdancing grow in popularity during WW2?	False	Breakdancing was created by the African American youth in the early 1970s. World War II was a global war that lasted from 1939 to 1945.	When did break-dancing experience a growth in popularity? Through which period did World War II take place? Is #1 within #2?
1884	Vitamin C	nutrient found in citrus fruits and other foods	Can vitamin C rich fruits be bad for health?	True	Oranges are fruits that are rich in vitamin C. Oranges are very acidic fruits that can wear down tooth enamel. Too much Vitamin C can cause nausea and diarrhea.	Which vitamin are oranges rich in? Is #1 the same as vitamin C? Can excess of #1 be harmful to a person's health? Can the acidity of oranges have adverse effects on human consumers? Are #2, #3 and #4 positive?
1885	Monarch butterfly	milkweed butterfly in the family Nymphalidae	Could a monarch butterfly rule a kingdom?	False	A monarch butterfly would be easily killed by a human due to its small size. A monarch butterfly does not have the intellectual capacity to rule over a kingdom of humans.	Does a monarch butterfly have the physical capacity to rule over humans? Does a monarch butterfly have the intellectual ability to rule over humans? Is #1 or #2 positive?
1886	Crucifixion	Method of capital punishment in which the victim is tied or nailed to a large wooden beam and left to hang until eventual death	If it socially acceptable to wear an icon depicting crucifixion? 	True	The crucifixion of Jesus is a common sign used by Catholics and Christian denominations.  Many jewelry stores offer necklaces with the Crucifixion of Jesus Christ.	Which common symbol is used by Catholics to depict crucifixion? Is #1 commonly found in jewelry stores?
1887	Brake	mechanical device that inhibits motion	Can people die from brake failure?	True	Brake failure is the inability of brakes to function. When vehicles experience brake failure, they cannot be stopped safely, which results in a crash. People die in vehicular crashes.	What is a brake failure? What can #1 lead to in a car? Have people died from #2?
1888	Humour	tendency of experiences to provoke laughter and provide amusement	Was the man who played the male lead in Mrs. Doubtfire known for his humour?	True	Robin Williams played the male lead in Mrs. Doubtfire. Robin Williams had a prolific standup and film comedy career.	Who played the male  lead in MRs. Doubtfire? What was the career of #1? Is #2 a humorous job?
1889	Stone Cold Steve Austin	American professional wrestler	Coud every wife of Stone Cold Steve Austin fit in Audi TT?	True	Stone Cold Steve Austin has been married to 4 different women. The Audi TT is a sports car with 4 seats.	How many wives has Stone Cold Steve Austin had? How many people can sit in an Audi TT Is #2 at least #1?
1890	Hamlet	tragedy by William Shakespeare	Is Hamlet more common on IMDB than Comedy of Errors?	True	IMDB, The Internet Movie Database, catalogs movies. IMDB lists 6 Hamlet movie adaptations. IMDB lists 5 Comedy of Errors movie adaptations.	How many listings of Hamlet are there on IMDB? How many listing of Comedy of Errors is there on IMDB? Is #1 greater than #2?
1891	Freemasonry	group of fraternal organizations	Has Freemasonry been represented on the Moon?	True	Freemasonry is a group of fraternal organizations rooted in fraternities of stonemasons of the fourteenth century. Buzz Aldrin was initiated into the Freemason fraternity in 1955 Buzz Aldrin and Neil Armstrong were the first men to land on the moon in 1969.	What occupation goes into space? Have any #1 been Free Masons? Have any people listed in #2 been to the moon?
1892	Legend	Traditional story of heroic humans.	Do urban legends always have to occur in cities?	False	An urban legend is commonly accepted folk lore.  Urban means related to a city. Many urban legends occur in rural towns that lack dense population. Most Urban legends are unverified due to lack of witnesses. 	In what settings do urban legends occur? Does #1 only consist of urban environments?
1893	Copper	Chemical element with atomic number 29	Would a fungal life-form be threatened by a pigment from copper?	True	Verdigris is a pigment made from copper Verdigris is also used as a fungicide 	Which element is the pigment verdigris derived from? Is #1 copper and verdigris also used as a fungicide?
1894	Goldstone Deep Space Communications Complex	United States historic place	Do the telescopes at Goldstone Deep Space Communications Complex work the night shift?	True	The night shift is considered to be the hours of 11pm - 7am. The telescopes at Goldstone Deep Space Communications Complex are running 24 hours a day.	What hours are typically considered the night shift? What hours do the telescopes at Goldstone Deep Space Communications Complex run? Is there any overlap between #1 and #2?
1895	Jackson Pollock	American painter	Was Jackson Pollock straight edge?	False	Jackson Pollock was a famous painter. Straight Edge is a punk inspired lifestyle who's adherents abstain from alcohol and drugs. Jackson Pollock was an alcoholic. Jackson Pollock died in a car crash while driving under the influence of alcohol.	What substances do people avoid if they are straight edge? Did Jackson Pollock always avoid #1?
1896	Mercedes-Benz	automobile brand of Daimler AG	Is it legal for a licensed child driving Mercedes-Benz to be employed in US?	True	The minimum age for driving in the US is 16. Child labor laws in the US require a child to be 14 years of age or older to work.	What is the minimum driving age in the US? What is the minimum age for someone to be employed in the US? Is #1 greater than or equal to #2?
1897	Sofer	profession	Would a sofer be a bad job for a vegan?	True	A sofer is a transcriber of religious texts, and has its origins in Judaism. Sofers transcribe texts on a material known as vellum. Vellum is made of materials derived from calfskin. Vegans do not use any animal products.	What materials do sofers use? What products do vegans refuse to use? Is #1 included in #2?
1898	Year	Orbital period of the Earth around the Sun	Can an African Elephant get pregnant twice in a year?	False	There are 365 days in one year. It takes around 645 days for an African Elephant to give birth to one baby elephant.	What is the gestation period of an African elephant? Is #1 less than a year?
1899	JAG (TV series)	American legal drama television series (1996-2005)	Did Joan Crawford guest star on  JAG (TV series)?	False	JAG began airing in 1995. Joan Crawford died in 1977.	When did Joan Crawford's career as a television actress come to an end? When was the TV series JAG launched? Is #2 before #1?
1900	Elijah Cummings	U.S. Representative from Maryland	Will Elijah Cummings vote for Joe Biden in the next presidential elections?	False	The next presidential elections will take place in November of 2020 Elijah Cummings passed away in October of 2019	When will the next presidential election be held? When did Elijah Cummings pass away? Is #2 after #1?
1901	Coen brothers	American filmmakers	Do people watching Coen brothers films in Guinea Bissau need subtitles?	True	The Coen brothers direct films primarily using English The primary languages used in Guinea Bissau are Creole, native African languages, and Portuguese	In what country do the Coen Brothers make films? What is the primary language spoken in #1? What is the primary language spoken in Guinea Bissau? Is #3 different than #2?
1902	Great Pyramid of Giza	Largest pyramid in the Giza Necropolis, Egypt	Is Great Pyramid of Giza the last wonder of its kind?	True	The Great Pyramid of Giza is classified as one of the Seven Wonders of the Ancient World. Five of the ancient wonders were destroyed, and a sixth (the Hanging Gardens of Babylon) may not have existed. The Great Pyramid of Giza is largely intact as of 2020.	What are the wonders of the ancient world that are either destroyed or non-existent? What is the wonder of the ancient world that is still intact? Has #2 survived a much longer time than #1?
1903	Hydrogen	Chemical element with atomic number 1	Hydrogen's atomic number squared exceeds number of Spice Girls?	False	Hydrogen is the first element and has an atomic number of one. To square a number, you multiply it by itself. The Spice Girls has five members.	What is the atomic number of hydrogen? How many people are in the Spice Girls band? Is the square of #1 greater than #2?
1904	Fibonacci number	integer in the infinite Fibonacci sequence	If you have a serious injury in Bangladesh, would you probably dial a Fibonacci number?	False	The number for emergency services in Bangladesh is 999 999 is not a Fibonacci sequence integer 	What number would you dial for help with an emergency in Bangladesh? Is #1 a Fibonacci number?
1905	Donkey	El burrito de sheck	Are Donkeys part of Christmas celebrations?	True	"""Dominic The Donkey"" is a popular Christmas song. ""Nestor The Ling Eared Christmas Donkey"" is a popular Christmas Movie."	Which animals have been popularly recognized as part of the Christmas culture? Are donkeys one of #1?
1906	Medicine	The science and practice of the diagnosis, treatment, and prevention of physical and mental illnesses	Did polio medicine save the life of polio vaccine creator?	False	Jonas Salk developed the first polio vaccine. Jonas Salk died of a heart attack in 1995. Heart attacks are commonly treated with beta blockers.	Who created polio vaccine? Did #1 have his life saved by the use of polio vaccine?
1907	Latitude	The angle between zenith at a point and the plane of the equator	Is latitude required to determine the coordinates of an area?	True	Longitude is one of the required data points needed for determining coordinates. Latitude is the other angle required to determine coordinates of an area. 	What are the two sets of data points that determine coordinates of a location? Is latitude one of the answers to #1?
1908	Asiana Airlines	airline in South Korea	Can Harry Potter book a flight on Asiana Airlines?	False	Asiana Airlines is the second largest airline in South Korea Harry Potter is a fictional character	Which universe does Harry Potter exist in? Does Asiana Airlines exist in #1?
1909	Monkey	"Animal of the ""higher primates"" (the simians), but excluding the apes"	Would a monkey outlive a human being on average?	False	The average human lifespan is 79 years. The longest-lived monkey species have a lifespan about 45-50 years in captivity.	How long does the average human live? What is the longest lifespan of a monkey? Is #2 larger than #1?
1910	Olive oil	liquid fat extracted by pressing olives	Would Carmine's kitchen staff be panicked if they had no olive oil?	True	Carmine's is an Italian restaurant. Olive oil is a large component of a lot of Italian cooking.	What kind of food does Carmine's serve? What are essential ingredients in #1? Is olive oil listed in #2?
1911	Black pepper	species of plant	Are ground bell peppers the main ingredient of black pepper?	False	Black pepper is made from black peppercorns. Black peppercorns grow on the Piper Nigrum plant. Bell peppers are from the capsicum annuum plant.	What is used to make black pepper? Is #1 the same thing as bell pepper?
1912	Snow leopard	species of mammal	Can a snow leopard eat twice its own body weight?	True	The average snow leopard weighs 72 pounds. The favorite food of snow leopards is an ibex. The average weight of an ibex is 150 pounds.	How much do snow leopards weigh on average? What is a snow leopard's favorite food? How much does #2 weigh? Is #3 at least twice as much as #1?
1913	Fibonacci number	integer in the infinite Fibonacci sequence	Are there five different single-digit Fibonacci numbers?	True	The first six numbers in the Fibonacci sequence are 1,1,2,3,5,8. Since 1 is doubled, there are only five different single digit numbers.	What are the single-digit numbers in the Fibonacci sequence? How many unique numbers are in #1? Does #2 equal 5?
1914	Kinetic energy	Energy in motion Or Object In Motion	Does taking ukemi halt kinetic energy?	False	"""Taking ukemi"" refers to the art of falling or receiving in martial arts Taking ukemi usually requires the person doing it to move their body in a way that minimizes injury, and so it uses kinetic energy"	What does the term 'taking ukemi' refer to? What state of an object indicates exertion of kinetic energy? Can #1 be executed while avoiding #2?
1915	Sahara	desert in Africa	Can Spartina Patens thrive in the Sahara Desert?	False	Spartina Patens is a type of cordgrass that grows in salt marshes. Spartina Patens requires a marsh-like environment to thrive. The Sahara Desert is known for being dry and very hot.	What soil conditions are suitable for the growth of Spartina Patens? Is #1 likely to be present in the Sahara desert?
1916	Cucumber	species of plant	Is growing seedless cucumber good for a gardener with entomophobia?	True	Seedless cucumber fruit does not require pollination Cucumber plants need insects to pollinate them Entomophobia is a fear of insects	What are people with Entomophobia fearful of? How do #1's usually help in the process of gardening? Do seedless cucumbers not require #2?
1917	PayPal	Online financial services company based in San Jose, California	Would it be unusual to use paypal for drug deals?	True	Paypal prohibits the use of their platform for drugs or drug paraphernalia.  Using paypal leaves a digital footprint of any drug purchase.	Which kind of payments are prohibited on Paypal? Does #1 include payment for drug deals?
1918	Casio	Japanese electronics company	Is Casio's founding year a composite number?	True	Electronics company Casio was founded in 1946. A composite number is a number that can be divided by numbers other than 1 and itself. 1946 can be divided by 278 and 7.	What condition(s) makes a number composite? When was Casio founded? Does #2 satisfy #1?
1919	Al-Farabi	Philosopher in 10th century Central Asia	Would ISIS agree with Al-Farabi's religious sect?	False	The philosopher Al-Farabi was believed to be a Shia Muslim. ISIS is an extremist Sunni Muslim group. The Sunni and Shia are constantly at war—Sunni often use car bombs, while Shia favor death squads.	What religious sect did Al-Farabi belong to? What religious sect does ISIS belong to? Do #1 and #2 avoid conflict with each other?
1920	Lord Voldemort	Fictional character of Harry Potter series	Would half muggle wizards fear Lord Voldemort?	True	Lord Voldemort created a slur to describe half muggle wizards, calling them mudbloods. Lord Voldemort sought to purge the wizarding world of half muggle wizards through death.	What did Lord Voldemort seek to do to half muggle wizards? Is #1 enough to instill fear in them?
1921	Casablanca	City / State in Casablanca-Settat, Morocco	Is it hard to get a BLT in Casablanca?	True	A BLT is a sandwich consisting of bacon, lettuce and tomato Casablanca is predominantly Muslim Islam forbids the consumption of pork and pork products	What is the predominant religion of Casablanca? What dietary restrictions does #1 impose? What all goes on a BLT? Are there items common to both #2 and #3?
1922	Construction worker	tradesman, labourer, or professional employed in the physical construction of the built environment	Is a construction worker required to build a portfolio?	False	Construction workers build physical constructs, usually buildings or structures A portfolio is a collection of items of a similar type, including art, writing, or financial investments	What is a portfolio? Who are people that builds #1? Is a construction worker among #2?
1923	Lactobacillus	genus of bacteria	Are vinegar pickled cucumbers rich in lactobacillus?	False	Pickles made with vinegar are not probiotic and are simply preserved. Pickles made through a soak in a salt brine solution begin to ferment because of lactobacillus. 	What natural process is lactobacillus associated with? Do pickles made with vinegar undergo #1?
1924	Ammonia	Chemical compound of nitrogen and hydrogen	Would a dog easily notice ammonia?	True	Ammonia has a characteristic pungent smell. Dogs have an extremely strong sense of smell, almost 40 times as sensitive as humans.	What common chemical has a characteristic pungent smell? What common pet has a sense of smell ten thousand to a hundred thousand times better than humans? Can #2 sense #1?
1925	Curling	Team sport played on ice	Are the brooms from curling good for using on house floors?	False	Curling brooms are designed for use within the sport specifically.  Curling brooms do not have traditional bristle heads, and the heads are costly to replace. 	What are the characteristics of brooms used in curling? What are the characteristics of brooms used for house cleaning? Does #1 completely match #2?
1926	Christopher Walken	American actor	Is Christopher Walken close to achieving EGOT status?	False	EGOT refers to people that have won an Emmy, a Grammy, an Oscar, and a Tony Award. Christopher Walken won the Oscar in 1979 for Best Actor in a Supporting Role. Christopher Walken was nominated for two Tony Awards but has never won. Christopher Walken was nominated for an Emmy Award but has never won. Christopher Walken has never been nominated for a Grammy.	What awards are included in EGOT? What entertainment awards has Christopher Walken won? Do the awards listed in #2 belong to at least 3 different awards listed in #1?
1927	Black Sea	Marginal sea of the Atlantic Ocean between Europe and Asia	Can sunlight travel to the deepest part of the Black Sea?	False	The Black Sea has a maximum depth of 2,212 meters Sunlight does not penetrate water below 1000 meters	What is the maximum depth of the Black Sea? How deep can sunlight penetrate a sea? Is #1 less than #2?
1928	Justin Bieber	Canadian singer-songwriter and actor	Did U.S. soldiers listen to Justin Bieber's Believe album during the Battle of Baghdad?	False	The Battle of Baghdad was the U.S. invasion of Baghdad in the year 2003. Justin Bieber's album Believe was released in 2012.	When did the Battle of Baghdad take place? When was the Justin Bieber album Believe released? Is #2 before #1?
1929	Honey bee	Eusocial flying insect of genus Apis, producing surplus honey	Can a honey bee sting a human more than once?	False	Human skin is tough, and the bee's stinger gets lodged in the skin. The stinger becomes separated from the bee which dies soon after.	What happens to a bee's stinger when it stings a human? Are bees able to survive if #1 happens?
1930	Snowdon	highest mountain in Wales	Would the yearly precipitation on Snowdon submerge an upright bowling pin?	True	Snowdown gets about 200 inches of precipitation a year  A standard bowling pin is one foot, three inches tall	How much precipitation does Snowdown get yearly? How tall is a standard bowling pin? Is #1 more than #2?
1931	Tailor	person who makes, repairs, or alters clothing professionally, typically men's clothing	Would an expensive tailor use adhesive to create a shorter hem on slacks?	False	Adhesive hems are usually performed at home with a DIY kit. Professionally hemmed pants are created using a needle and thread.	Is a tailor professional when creating hems? Is using adhesive a professional way to create hems? Are #1 and #2 the same?
1932	Clark Gable	American actor	Did Clark Gable marry more women once than Richard Burton?	True	Richard Burton was married to Elizabeth Taylor twice.  Richard Burton married Sally Burton, Suzy Hunt, and Sybil Williams once. Clark Gable was married to five different women, one time each.	How many different women was Richard Burton married to? How many different wives did Clark Gable have? Is #2 more than #1?
1933	Lolcat	image combining a photograph of a cat with text intended to contribute humour	Did the 40th president of the United States forward lolcats to his friends?	False	The 40th president of the United States was Ronald Reagan Ronald Reagan died in 2004 The first recorded use of the term lolcat occurred in 2006	Who was the 40th president of the United States? In what year did #1 die? In what year did the first lolcat appear? Is #3 before or the same as #2?
1934	Daily Mirror	British daily tabloid newspaper owned by Reach plc.	Did William Shaespeare read the Daily Mirror?	False	The Daily Mirror is a British tabloid founded in 1903. William Shakespeare died in 1616.	When did William Shakespeare die? When was the Daily Mirror founded? Is #2 before #1?
1935	Comic book	Publication of comics art	Does Disney own a major comic book publisher?	True	The three biggest comic book publishers are DC, Marvel, and IDW. Disney has owned Marvel since 2007.	What are the top three biggest comic book publishers? What comic book publishers does Disney own? Is there any overlap between #1 and #2?
1936	Jackfruit	species of plant	Can jackfruit be used as a weapon?	True	Jackfruit is the fruit of a species of plant called the Jacktree. Jackfruit can weigh up to one hundred and twenty pounds. Jackfruit is covered in little spikes. Jackfruit can be thrown or flung at an enemy. A weapon is a thing that is used to cause bodily harm.	What are the prominent physical features of a jackfruit? Does #1 make it a suitable weapon?
1937	James Bond	Media franchise about a British spy	Do the James Bond and Doctor Who series have a similarity in format?	True	The character of James Bond has been played by numerous actors.  The character of The Doctor from Doctor Who has been played by many actors.	Who has played James Bond? Who has played the Doctor?  Are multiple actors listed for #1 and #2?
1938	Shiva	One of the principal deities of Hinduism.	Does Sam Harris worship Shiva?	False	Sam Harris is an atheist. Atheism is, in the broadest sense, an absence of belief in the existence of deities.	What is Sam Harris' religious affiliation? Does a #1 worship any gods?
1939	Lord Voldemort	Fictional character of Harry Potter series	Would Lord Voldemort hypothetically be an effective fighter after Final Fantasy silence is cast?	False	Lord Voldemort is a powerful wizard from the Harry Potter Series. Lord Voldemort casts magical curses and charms on his enemies. Silence spell in Final Fantasy mutes the enemies spells. Mute makes it impossible for characters to cast any spells.	What does Lord Voldemort use in combat against enemies? What would Lord Voldemort have to do in order to cast #1? Which ability does the silence spell in Final Fantasy affect? Can all of #2 still be done when #3 is gone?
1940	Astrology	Pseudoscience claiming celestial objects influence human affairs	Does Capricorn astrology symbol have all of the parts of a chimera?	False	The Capricorn astrology symbol is a sea goat which consists of: a goat, and a fish. A chimera is a legendary beast that is made up of: a lion, a goat, and a snake.	What are the parts of the capricorn symbol? What is the chimera made up of? Does #1 include all of #2?
1941	Capsaicin	chemical compound	Is Black Lives Matter connected with capsaicin?	True	Black Lives Matter has held numerous protests Protesters at Black Lives Matter events have had pepper spray used against them by police Capsaicin is the main ingredient of pepper spray	What are the common practical applications of the capsaicin compund? What kind of activities does the Black Lives Matter movement engage in? Is any of #1 relevant to any of #2?
1942	Breast	Region of the torso of a primate containing the mammary gland	Do people in middle school usually get breast exams?	False	Women should begin giving themselves breast exams at the age of 20. Middle school students are usually preteens or young teens.	What age do people usually get breast exams? How old are the students in Middle school in the US? Is #1 the same as #2?
1943	Stanley Baldwin	Former Prime Minister of the United Kingdom	Was a woman Prime Minister directly before or after Stanley Baldwin?	False	Stanley Baldwin was preceded by Ramsay MacDonald as Prime Minister. Stanley Baldwin was succeeded as Prime Minister by Neville Chamberlain.	Who was the Prime Minister before Stanley Baldwin? Who was the Prime Minister after Stanley Baldwin? Was #1 a woman? Was #2 a woman? Is the answer to either #3 or #4 yes?
1944	Astrophotography	specialized type of photography for recording images of astronomical objects and large areas of the night sky	Is it difficult to conduct astrophotography in the summer in Sweden?	True	Astrophotography is used to photograph the night sky. Swedish summers have short nights.	What does Astrophotography take photos of? Are #1's short in the summers of Sweden?
1945	Eagle	large carnivore bird	Would  bald eagle deliver an urgent message before B-52?	False	A bald eagle can travel up to 99 MPH. The B-52 is a US air bomber that can travel up to 650 MPH.	How fast can an eagle travel? How fast can a B-52 travel? Is #1 greater than #2?
1946	Tokyo Tower	observation tower	Did Tokyo Tower designers appreciate Stephen Sauvestre?	True	Tokyo Tower is a communications tower in Japan, built in 1958, that was inspired by the Eiffel Tower. Stephen Sauvestre was the architect of the the Eiffel Tower which was competed in 1889.	Which architectural design is Stephen Sauvestre famous for? Was #1 influential in the design of the Tokyo Tower?
1947	Professional boxing	sport	Can professional boxers expect to have low dental bills?	False	Professional boxers often receive punches to their face. Even with a mouth guard, dental injuries occur often in boxing. The average cost for one dental crown is between $500-$3000	What types of injuries are professional boxers likely to sustain? Are #1 inexpensive to treat?
1948	Augustus	First emperor of the Roman Empire	Would a hippie hypothetically be bummed out by Augustus's Pax Romana?	False	A hippie was a member of the counterculture movement of the 1960s. One of the most prevalent hippie statements is peace and love. The Pax Romana was a near 200 year era of peace in the Roman Empire that began during the reign of Augustus. Augustus had several loves, including three wives.	What ideals did hippies promote? What was the defining attribute of Pax Romana? Is #2 not a subset of #1?
1949	Oyster	salt-water bivalve mollusc	Can oysters be preserved without refrigeration? 	True	In some types of Korean kimchi, oysters are placed between the leaves of nappa cabbage.  Many grocery stores carry canned oysters in the shelf stable section. 	How are oysters preserved in various types of Korean kimchi? What are the common methods of preserving oysters in grocery stores? Do any of #1 or #2 not require refrigeration?
1950	The Atlantic	Magazine and multi-platform publisher based in Washington, D.C.	Could the Atlantic readers fill 500 battalions?	False	A battalion is a military unit of measurement that includes 1000 soldiers. As of 2018 The Atlantic has a circulation of 478,534.	What is the number of readers (copies in circulation) of The Atlantic magazines? What is the average number of soldiers in a battalion in the US? Is #1 at least equal to 500 times #2?
1951	Hollywood	District in Los Angeles, California, United States	Is it normally unnecessary to wear a coat in Hollywood in July?	True	The average high temperature in Hollywood in July is 77.2°F. The average low temperature in Hollywood in July is 61.5°F. A coat is a garment worn on the upper body for warmth.	What is the average high temperature in Hollywood in July? What is the average low temperature in Hollywood in July? What temperature does one usually wear a coat? Is #3 outside of #1 to #2?
1952	Toyota Hilux	Series of light commercial vehicles produced by the Japanese car-manufacturer Toyota.	Can the Toyota Hilux tip the scales against Mr. Ed?	True	The current generation of Toyota Hilux weighs at least 4,310 lbs Mr. Ed was portrayed by an adult horse The average adult horse weighs up to 2,000 lbs	What does a Toyota Hilux weigh? What does an adult horse weigh? Is #1 greater than #2?
1953	Cerebral palsy	A group of disorders affecting the development of movement and posture, often accompanied by disturbances of sensation, perception, cognition, and behavior. It results from damage to the fetal or infant brain.	Could a young Wizard of Oz Scarecrow have gotten Cerebral palsy?	False	Cerebral palsy is a disease that results from damage to a young person's brain. The Scarecrow in the Wizard of Oz did not have a brain and was on a quest to get one.	Which organ of the body can cerebral palsy be traced back to? Did the Scarecrow in Wizard of Oz initially have #1 ?
1954	Glenn Beck	American talk radio and television host	Would Glen Beck and Stephen Colbert be likely to tour together?	False	Glenn Beck is a right wing commentator known for strong opinions and serious tone. Stephen Colbert is a liberal political commentator who takes a comedic approach to his work.	What political party does Glen Beck support? What political party does Stephen Colbert support? Is #1 the same as #2?
1955	Maroon 5	American pop punk band	Could Maroon 5 have hypothetically held a concert at Roman Colosseum?	True	The Roman Colosseum had a capacity of 87,000 people.  Maroon 5 has held concerts at Brazil's Allianz Parque, which has a capacity of close to 44,000. Almost 30,000 people attended Maroon 5's 2015 Madison Square Garden concert over two days.	How many spectators could the Roman Colosseum hold? How many people were in attendance at Maroon 5's largest concert? Is #1 greater than #2?
1956	Junk (ship)	Type of boat	Does Carmen Electra own a junk?	False	A junk is a boat. Boats are sailed on open water. Carmen Electra has a fear of open water.	What is another name for a junk? Where does one use #1? Does Carmen Electra like being in #2?
1957	Ashland, Oregon	City in Oregon, United States	Is 2018 Ashland, Oregon population inadequate to be a hypothetical military division?	False	The 2018 population of Ashland Oregon was 21,263 people. The number of soldiers in a military division is between 10,000 and 25,000 people.	What was the population of Ashland, Oregon in 2018? How many soldiers are in a military division? Is #1 less than the minimum in #2?
1958	Audiobook	recording of a text being read	Do Youtube viewers get unsolicited audiobook advice often?	True	Audible is one of the most common sponsors for Youtubers to have. Audible is an audiobook subscription service.  Audible ads typically involve discussing a book that the speaker has recently listened to.	What company is one of the most common sponsors for Youtubers to have? What do the ads for #1 typically involve? Does #2 involve someone giving audiobook advice?
1959	Osama bin Laden	Co-founder of al-Qaeda	Did Osama bin Laden likely abstain from alcohol?	True	Osama bin Laden belonged to the religion of Islam. Islam prohibits the consumption of alcohol.	What religion was Osama bin Laden? Does #1 prohibit consumption of alcohol?
1960	Garlic	species of plant	Are fresh garlic cloves as easy to eat as roasted garlic cloves?	False	Allicin is the component of garlic that makes it 'spicy' feeling in the mouth. When garlic is cooked, the Allicin in it is removed.	What makes garlic uncomfortable to eat? Does #1 remain after cooking?
1961	JPEG	Lossy compression method for reducing the size of digital images	Would JPEG be a good format for saving an image of Da Vinci's Vitruvian Man?	False	JPEG is not well suited for line drawings and other textual or iconic graphics, where the sharp contrasts between adjacent pixels can cause noticeable artifacts.  Da Vinci's Vitruvian Man is a line drawing done in pen and ink.	What kind of details are portrayed in Da Vinci's Vitruvian Man? Are JPEGs an ideal format for saving pictures containing #1?
1962	Lionel Richie	American singer-songwriter, musician, record producer and actor	Did Lionel Richie ever have dinner with Abraham Lincoln?	False	Abraham Lincoln died in 1865. Lionel Richie was born in 1949.	When did Abraham Lincoln die? When was Lionel Richie born? Is #2 before #1?
1963	Hair	protein filament that grows from follicles found in the dermis, or skin	Is it safe to eat hair?	True	Hair is made of keratin. Food manufacturers use L-cysteine as a food additive. L-cysteine is made from keratin.	What is hair made of? What else is made from #1? Are any of #2 used in food production?
1964	Washington Monument	Obelisk in Washington, D.C.	Did Sojourner Truth use the elevator at the Washington Monument?	False	The Washington Monument was opened to the public in October 1888. Sojourner Truth died November 26, 1883. 	When did Sojourner Truth pass away? When was the Washington Monument opened to the public? Is #2 before #1?
1965	Florence	Capital and most populous city of the Italian region of Tuscany	Was Florence a Theocracy during Italian Renaissance?	True	The Italian Renaissance was a period of history from the 13th century to 1600. A theocracy is a type of rule in which religious leaders have power. Friar Girolamo Savonarola was the ruler of Florence, after driving out the Medici family, from November 1494 – 23 May 1498.	When was the Italian Renaissance? When did Friar Girolamo Savonarola rule Florence? Is #2 within the span of #1? Did Friar Girolamo Savonarola belong to a religious order during #3?
1966	Beauty and the Beast	traditional fairy tale	Were Beauty and the Beast adaptations devoid of Kurt Sutter collaborators?	False	Beauty and the Beast is a fairy tale adapted into several movie and TV shows. Kurt Sutter created the TV series Sons of Anarchy and The Shield. Charlie Hunnam and Ron Perlman starred in Sons of Anarchy. Ron Perlman starred in the TV series Beauty and the Beast which aired from 1987-1990.	Which characters were featured in Kurt Sutter's Sons of Anarchy and The Shield? Which characters were featured in TV series Beauty and the Beast? Is there no character common to #1 and #2?
1967	Swan	large water bird	Would a Nike shoebox be too small to fit a swan in?	True	"Nike Shoeboxes are usually 14"" x 10"" x 5"". An average swan is 4-5.6 ft in length."	What is the average size of a Nike Shoebox? What is the average length of a swan? Is #2 smaller than #1?
1968	Dr. Seuss	American children's writer and illustrator	Did Dr. Seuss live a tragedy free life?	False	Dr. Seuss's wife committed suicide. In his later years, Dr. Seuss was diagnosed with cancer.	Was Dr. Seuss' life free of tragic occurrences?
1969	Johann Sebastian Bach	German composer	Did Johann Sebastian Bach ever win a Grammy Award?	False	Johann Sebastian Bach died in 1750. The first Grammy Awards ceremony was held on May 4, 1959.	In what year did Johann Sebastian Bach die? When was the first Grammy Award given? Is #2 before #1?
1970	Chinchilla	Rodent genus	Are chinchillas cold-blooded?	False	Chinchillas are rodents. Rodents are mammals. All mammals are warm-blooded.	What type of animal are Chinchillas? What animal class is #1? Are #2s cold blooded?
1971	Samsung	South Korean multinational conglomerate	Is Samsung accountable to shareholders?	True	Samsung is a publicly traded company. Publicly traded companies are ultimately accountable to shareholders. 	What kind of company is Samsung? Are #1's accountable to shareholders?
1972	Alan Alda	American actor, director, and writer	Is Alan Alda old enough to have fought in the Vietnam War?	True	Alan Alda was born in 1936. The Vietnam War was from 1955 to 1975, with American involvement from 1965 to 1973. American soldiers must be at least 18 years old. Alan Alda was 29 in 1965.	When were US forces first involved in the Vietnam war? When was Alan Alda born? What is the minimum age required to join the US Army? What is #1 minus #2? Is #4 greater than or equal to #3?
1973	Prophet	person claiming to speak for divine beings	Did Disney's second film rip off a prophet story?	True	Disney's second film, Pinocchio, was released in 1940. The biblical prophet Jonah was swallowed by a whale. In Pinocchio, Gepetto is swallowed by a giant whale while searching for Pinocchio.	What is Disney's second film? In #1, what happens to Gepetto while searching for Pinocchio? In a biblical prophet, what happens to Jonah? Is #2 the same as #3?
1974	Uranium	Chemical element with atomic number 92	Is eating a Dicopomorpha echmepterygis size Uranium pellet fatal?	False	Dicopomorpha echmepterygis is a wingless insect that is .13mm large. Uranium is a radioactive element that is dangerous if ingested in large doses. 25mg of Uranium would cause kidney damage, while 50mg would cause complete kidney failure in humans.	How much does a Dicopomorpha echmepterygis weigh? How much ingested Uranium is fatal for a human? Is #1 greater than #2?
1975	Knight	An award of an honorary title for past or future service with its roots in chivalry in the Middle Ages	Can musicians become knights?	True	Elton John was knighted by the Queen of England. Tom Jones was knighted by the Queen of England. Elton John is a famous pop singer. Tom Jones is a famous musician.	Has Elton John been knighted? Has Tom Jones been knighted? Are #1 and #2 musicians? Are #1, #2 and #3 positive?
1976	Lemon	citrus fruit	Can a lemon aggravate dyspepsia?	True	Dyspepsia is a condition where the stomach is irritated. Lemons are highly acidic fruits. Common stomach irritants include alcohol, coffee, and acidic foods.	Which condition is referred to as dyspepsia? What are some common irritants that could aggravate #1? Is lemon an example of #2?
1977	Oscar Wilde	19th-century Irish poet, playwright and aesthete	Was Oscar Wilde's treatment under the law be considered fair in the US now?	False	Oscar Wilde was imprisoned for sexual indecency that amounted to having sexual relations with another man. In the United States, being gay is not a punishable offense. 	Why was Oscar Wilde imprisioned? is #1 considered a punishable offense in the US today?
1978	Jackie Chan	Hong Kong actor and martial artist	Would Jackie Chan have trouble communicating with a deaf person?	False	Jackie Chan speaks Cantonese, Mandarin, English, and American Sign Language. American Sign Language (ASL) is a natural language that serves as the predominant sign language of Deaf communities in the United States and most of Anglophone Canada.	What languages can Jackie Chan speak? What language do deaf people communicate with? Is #2 not included in #1?
1979	John Key	38th Prime Minister of New Zealand	Could a fan of the Botany Swarm vote for John Key?	True	The Botany Swarm is a hockey team based in Auckland, New Zealand John Key is the Prime Minister of New Zealand	What city is the Botany Swarm based in? In what country is #1? What country was John Key the Prime Minister of? Is #2 the same as #3?
1980	Jackson Pollock	American painter	Were Jackson Pollock's parents not required to say The Pledge of Allegiance as children?	True	Jackson Pollock's parents were both born and grew up in Tingley, Iowa. All states except California, Hawaii, Iowa, Vermont, and Wyoming require a regularly scheduled recitation of the pledge in public schools.	What state did Jackson Pollock's parents grow up in? What states do not require the pledge to be recited in school? Is #1 in the list in #2?
1981	Call of Duty	First-person shooter video game franchise	Will Conan the Barbarian hypothetically last a short time inside of Call of Duty?	True	Conan the Barbarian is a comic book character. Conan the Barbarian is equipped with a sword and does not typically wear armor. Call of Duty is a modern warfare video game. Soldiers in Call of Duty are equipped with weapons like sniper rifles, shotguns, and machine guns.	What equipment for fighting does Conan the Barbarian use? What equipment for fighting does Call of Duty use? Are the items listed in #2 deadlier than those in #1?
1982	Vitamin C	nutrient found in citrus fruits and other foods	Do pirates care about vitamin C?	True	Scurvy is caused by a prolonged period of time without Vitamin C People spending long periods of time at sea without to vitamin C are at high risk for scurvy Pirates spend long periods of time at sea	What diseases are caused by a lack of vitamin C? What behaviors increase people risk of getting #1? Do pirate engage in #2?
1983	Surveillance	monitoring of behavior, activities, or other changing information	Is video surveillance of a room possible without an obvious camera or new item?	True	Surveillance cameras can be built into light socket covers that look no different from a normal one. Surveillance cameras can be installed in special light bulbs to document activity in a room.	What are the various types of surveillance cameras based on installation? Are some of installed so as to be #1 hidden from view?
1984	1800	Year	Did England win any Olympic gold medals in 1800?	False	Olympic medals can only be won during the Olympics. The Olympics were first held in 1896.	Which sporting event would England have to participate in to win an Olympic gold medal? When was the first modern edition of #1 held? Is #2 before or the same as 1800?
1985	Snake	limbless, scaly, elongate reptile	In the world of Harry Potter, would a snake and skull tattoo be good luck?	False	"In Harry Potter, a tattoo of a snake and a skull is a symbol of being a ""Death Eater."" Death Eaters are people who follow the word of the dark lord Voldemort, who is considered wicked and cruel. Death Eaters are not embraced in the wizarding communities of Harry Potter."	In Harry Potter, what does a tattoo of snake and a skull a symbol of? Who are #1's? Are #2's embraced in the wizarding communities of Harry Potter?
1986	Comma	Punctuation mark	Would a Fakir be surprised if they saw a comma in their religious book?	True	A Fakir is a Muslim Sufi holy man or woman that lives a simple life. The holy book for Muslims is the Quran. The comma is a punctuation mark in modern language. The Quran does not use any forms of modern punctuation.	What religion is a Fakir from? What is the name of #1's Holy Book? What kind of punctuation mark is the comma? Is #2 written without using #3?
1987	Sesame Street	American children's television program	Was Elmo an original muppet character on Sesame Street?	False	Sesame Street started in 1969. Elmo first appeared on the show in 1980.	When did Sesame Street make its debut? When did Elmo first appear on Sesame Street? Is #2 the same as #1?
1988	San Diego County, California	County in California, United States	Is San Diego County the home of a Shamu?	True	Shamu is the name of Sea World's mascot orca. Every Sea World has a Shamu. There is a Sea World location in San Diego.	What is Shamu the name of? Where can you find #1? Is there a #2 in San Diego?
1989	Bob Marley	Jamaican singer-songwriter	Is sunscreen unhelpful for the condition that killed Bob Marley?	True	Bob Marley died of acral lentiginous melanoma  Acral lentiginous melanoma occurs on skin that may not have any sun exposure 	What disease killed Bob Marley? What is the cause of #1? Would sunscreen help with preventing #2?
1990	Stanford University	Private research university in Stanford, California	Was John Gall from same city as Stanford University?	True	John Gall is a former major league baseball player born in Stanford, California. Stanford University was founded by Leland and Jane Stanford  in Stanford, California.	Where was John Gall (baseball player) born? Where is Stanford University located? Is #1 the same as #2?
1991	Snowboarding	winter sport	Snowboarding is a rarity in Hilo?	True	Snowboarding is a sport that involves descending snow-covered slopes. Hilo, a town in Hawaii, has not had snow in almost 200 years.	What kind of surface is needed for snowboarding? Is #1 likely to be nonexistent in Hilo, going by the prevailing climatic conditions?
1992	Portuguese people	ethnic group	Did King of Portuguese people in 1515 have familial ties to the Tudors?	True	Manuel I was King of Portugal from 1495 to 1521. Manuel I of Portugal married Maria of Aragon. Maria of Aragon was the sister of Catherine of Aragon. Catherine of Aragon was the first wife of Henry VIII and was one of a handful that he did not behead.	Who was the King of Portugal in 1515? Who were in #1's immediate family? Were any of #2 related to the Tudors?
1993	Darth Vader	fictional character in the Star Wars franchise	Could Darth Vader hypothetically catch the Coronavirus?	False	The Coronavirus is transferred through infected droplets that can get into eyes, nose, or mouth. Darth Vader permanently wears an iron weave helmet that he needs to breathe.	How is the Coronavirus transferred? What does Darth Vader wear on his head? Can #1's get through #2?
1994	Funeral	ceremony for a person who has died	Is it normal to blow out candles during a funeral?	False	Blowing out candles is typically done during a birthday celebration, prior to eating the birthday cake. Funerals are typically very somber events in which cake is not served.	Blowing out candles is a typical part of which celebration? What kind of aura is naturally associated with #1? Is the atmosphere in a funeral typically similar to #2?
1995	Artillery	Heavy ranged guns or weapons	Would a slingshot be improperly classified as artillery?	True	Artillery refers to ranged weaponry that is predominantly used in breaching fortifications. Examples of artillery include: howitzers, mortars, and rockets. Mortars can have a range up to 4,680m. A slingshot is a string weapon that propels a rock or other small projectile. Some slingshots can fire projectiles up to 9m.	What are the basic characteristics of a weapon considered artillery? Does a slingshot fail to possess all of #1?
1996	Gladiator	combatant who entertained audiences in the Roman Republic and Roman Empire	Did Gladiator's weapon of choice require less hands than Soul Calibur's Faust?	True	Faust is a zweihander sword in the Soul Calibur video game series. A zweihander is a giant sword that requires two hands to wield. Gladiators used the Gladius which was a short one handed sword.	Faust in the Soul Calibur video game series is what kind of sword? How many hands would be needed to lift #1? How many hands would be needed to lift a typical Gladiator's sword? Is #3 less than #2?
1997	Flying Spaghetti Monster	Chief deity of Pastafarianism	Is the Flying Spaghetti Monster part of an ancient pantheon?	False	Ancient polytheistic religions are generally no longer popular in Western culture. The Church of the Flying Spaghetti Monster was established in 2006 after the creation of the FSM itself in 2005.	What time period is considered ancient? What religion is the Flying Spaghetti Monster part of? Was #2 established during #1?
1998	Saddam Hussein	Iraqi politician and President	Did Saddam Hussein witness the inauguration of Donald Trump?	False	Saddam Hussein died on December 30th, 2006. Donald Trump was inaugurated as the President of the United States on January 20, 2017.	When did Saddam Hussein die? When was Donald Trump inaugurated as President? Is #2 before #1?
1999	Batman (1989 film)	1989 film directed by Tim Burton	Is Batman (1989 film) likely to be shown on flight from NY to Kansas City?	True	A flight from NY to Kansas City is four and a half hours. The run time of Batman (1989 film) is two hours and six minutes. Batman (1989 film) is rated PG-13 The average age group of passengers is 18-34. Airlines have relaxed their rules for in-flight movies in last few years and even R rated movies have been shown.	How long is a flight from NY to Kansas City? How long is the 1989 Batman film?  Is #2 less than #1?
2000	Eric Clapton	English musician, singer, songwriter, and guitarist	Could Eric Clapton's children play a regulation game of basketball among themselves?	False	NBA regulations require two teams of five players each for a game, for a total of 10 players. Eric Clapton has 5 children.	How many players are required for a regulation game of basketball? How many children does Eric Clapton have? Is #2 greater than or equal to #1?
2001	Supreme Court of Canada	highest court of Canada	Can the Supreme Court of Canada fight a Lucha trios match?	True	A Lucha trios match requires at least two teams of three wrestlers each The Supreme Court of Canada has nine justices	How many Justices are in the Supreme Court of Canada? What is the total number of people needed to fight in a Lucha trios match? Is #1 greater than or equal to #2?
2002	Sudoku	Logic-based number-placement puzzle	Do you need different colored pens for sudoku?	False	Sudoku is played both online and offline. Sudoku has no color component in the game.	How is Sudoku played? Is color necessary to do #1?
2003	Dessert	A course that concludes a meal; usually sweet	Would an ancient visitor to Persia probably consume crocus threads?	True	Ancient Persians would have several desserts after a simple meal Saffron is made from crocus styles or threads Saffron is a common ingredient in Persian desserts	What would Ancient Persians typically have after a simple meal? What was a common ingredient in #1? Is #2 made from crocus threads?
2004	The Who	English rock band	Would the Who concert in international space station be audible?	True	Sound travels through the vibration of atoms and molecules in a medium (such as air or water).  There is air in the international space station. 	What is the most common medium of transmission of sound? Is #1 present in the international space station?
2005	King Kong (2005 film)	2005 film directed by Peter Jackson	Was King Kong (2005 film) solvent?	True	Solvent refers to the assets of a project being greater than the liabilities. The assets of a movie film are the box office receipts, and the liabilities is the budget. King Kong (2005) had box office receipts of 562 million. King Kong (2005) had a budget of 207 million.	What does it mean to be solvent in business/finance? What was the budget (liabilities) of the 2005 movie King Kong? How much did 2005 movie King Kong gross (assets) worldwide? Does #3 compare favorably with #2 as defined in #1?
2006	Don't ask, don't tell	Former policy on gay people serving in the United States military	During the time immediately after 9/11, was don't ask don't tell still in place?	True	Don't ask don't tell was the official military policy for LGBT service members until 2011. 9/11 Occured on September 11th, 2001.	"Until what year was ""Don't ask; Don't tell."" in place? In what year did 9/11 occur? Is #1 more recent than #2?"
2007	Doctor Who	British science fiction TV series	Would the 10th doctor enjoy a dish of stuffed pears?	False	The 10th Doctor in David Who is played by David Tennant. In multiple episodes of the series, the 10th doctor mentions that he hates pears.	Who is the 10th Doctor? Does #1 like pears?
2008	The Great Gatsby	1925 novel by F. Scott Fitzgerald	Will speed reader devour The Great Gatsby before the Raven?	False	F. Scott Fitzgerald's The Great Gatsby is 218 pages. Edgar Allan Poe's The Raven is 42 pages.	How many pages does The Great Gatsby have? How many pages does The Raven have? Is #2 greater than #1?
2009	Cook (profession)	occupation involving cooking food	Can Michael Jordan become a professional cook in America? 	True	Based on the American Culinary Federation, the minimum requirements for entering culinary apprenticeships include being 17 years old and having a high school diploma or equivalent. Michael Jordan graduated from Laney High School in 1981. Michael Jordan was born on February 17, 1963, which makes him 57 years old in 2020.	What are the minimum requirements to become a professional cook in America? Does Michael Jordan satisfy all of #1?
2010	Elizabeth II	Queen of the United Kingdom and the other Commonwealth realms	Does Elizabeth II reign over the Balearic Islands?	False	Queen Elizabeth II is the monarch of the United Kingdom and its commonwealth The Balearic Islands are part of the country of Spain	What are all the areas Queen Elizabeth II rules over? What country owns the Balearic Islands? Is #2 included in #1?
2011	Toyota Prius	Hybrid electric automobile	Can a microwave melt a Toyota Prius battery?	False	A Toyota Prius uses a 202 V nickel-metal hydride battery. Nickel has a melting point of 2651 F. Microwaves rarely warm food more than 212 F.	What kind of battery does a Toyota Prius use? What type of material is #1 made out of? What is the melting point of #2? Can a microwave's temperature reach at least #3?
2012	Irish mythology	Pre-Christian Mythology of Ireland	Did Irish mythology inspire Washington Irving?	True	"Washington Irving's most famous novel was The Legend of Sleepy Hollow. The antagonist of the Legend of Sleepy Hollow, The Headless Horseman, was a man on horseback that was missing his head. The Dullahan is a mythological creature in Irish mythology. The Dullahan comes from the Irish word Gan Ceann, meaning ""without a head"". The Dullahan is depicted as a headless rider, usually on a black horse, who carries their own head in their arm."	Which Washington Irving novel was the most popular? What are the features of the antagonist of #1? What are the features of Dullahan from Irish mythology? Does #2 considerably match #3?
2013	Times Square	Neighborhood in Manhattan in New York City, New York	At midnight in Times Square on New Years Eve, are you likely to meet people in diapers?	True	Times Square holds an enormous gathering on New Year's Eve. There are no portable restrooms in Times Square. People begin waiting for the midnight event in Times Square before 10 a.m.	How early do people arrive to wait for the ball to drop on New Years Eve? When does the ball drop? How much time is between #1 and #2? Within #3 hours, would someone need to use the bathroom?
2014	United States Air Force	Air and space warfare branch of the United States Armed Forces	Would a member of the United States Air Force get a discount at Dunkin Donuts?	True	The United States Air Force is part of the military. Dunkin Donuts offers a military discount. 	What is the The United States Air Force a branch of? What groups of people get a discount at Dunkin Donuts? Is there any overlap between #1 and #2?
2015	Bitcoin	decentralized cryptocurrency	Can you put bitcoin in your pocket?	True	Bitcoin is a digital crypto currency. Bitcoin can be stored in tangible wallets, called hard wallets. Cryptocurrency hard wallets are the size of a thumb drive. Thumb drives can fit in your pocket.	What kind of currency is bitcoin? What are some common ways of storing #1? Which of #2 is a physical object? Is #3 small enough to fit in a pocket?
2016	Glutamic acid	amino acid	Does Masaharu Morimoto rely on glutamic acid?	True	Masaharu Morimoto is a Japanese chef Japanese cuisine relies on several forms of seaweed as ingredients and flavorings for broth like kombu dashi Glutamic acid has been identified as the flavoring component in kombu seaweed	What is Masaharu Morimoto's profession? What cuisine does #1 make? What is a main ingredient in #2? Is glutamic acid a flavoring component in #3?
2017	Football War	1969 War between Honduras and El Salvador	Did the Football War last at least a month?	False	The Football War began on July 14 1969. It ended on July 20 1969. Therefore, it did not even last a whole week.	How long did the Football War last? Is #1 greater than or equal to a month?
2018	Koala	An arboreal herbivorous marsupial native to Australia.	Would a nickel fit inside a koala pouch?	True	Koala joeys (babies) enter their mother's pouch when they are about 2 to 3 centimeters long. An American nickel is 2.12 centimeters in diameter.	Who usually sits in a koala's pouch? What is the size of #1? How big is a nickel? Is #2 more than #3?
2019	Christmas carol	Song or hymn or carol on the theme of Christmas	When the shuttle Columbia 11 landed, was it the season for Christmas carols?	True	The Columbia 11 shuttle landed on December 10th 1990. Christmas is celebrated during the month of December every year.	What month did the space shuttle Columbia 11 land? In what month are Christmas carols typically sung? Are #1 and #2 the same answer?
2020	Patronage	support that one organization or individual bestows to another	Was Lorenzo de Medici's patronage of Da Vinci exclusive?	False	Lorenzo de Medici was a great patron of the arts in Florence and served as a patron for Leonardo Da Vinci. Lorenzo de Medici was also a patron of the artist Sandro Boticelli. Leonardo Da Vinci had many patrons including Ludovico Sforza and Cesare Borgia.	What artists did Lorenzo de Medici support? How many people are listed in #1? Is #2 equal to one?
2021	Kurt Cobain	American singer, composer, and musician	Did Kurt Cobain's music genre survive after his death?	True	Kurt Cobain was the lead singer of Nirvana. Nirvana's music is classified as Grunge rock. Kurt Cobain died on April 5, 1994. Some of the major Grunge rock bands included Alice in Chains, Pearl Jam, and Soundgarden. Alice in Chains and Pearl Jam released their latest albums in 2018 and 2020 respectively.	What is the musiucal genre associated with both Kurt Cobain and Pearl Jam? What year did Kurt Cobain die?  Did Pearl Jam release a #1 genre album after #2? Is #3 yes?
2022	Forbidden City	Art museum, Imperial Palace, Historic site in Beijing, China	Are people banned from entering the Forbidden City?	False	The Forbidden City is a tourist attraction. Tourist attractions allow people to enter.	Is the Forbidden City a tourist attraction? Are tourist attractions open to the public? Are the answers to #1 and #2 the same?
2023	Noah's Ark	the vessel in the Genesis flood narrative	Were there eight humans on Noah's Ark?	True	Noah only took his family aboard the Ark. Noah brought his wife, three sons, and his sons' wives. Four couples lived on the Ark, eight total people.	How many people entered Noah's Ark? Is #1 greater than or equal to eight?
2024	Nikola Tesla	Serbian American inventor	Was Nikola Tesla's home country involved in the American Civil War?	False	Nikola Tesla was born in the Austrian Empire The American Civil War was a domestic American conflict	What country was Nikola Tesla born in? What countries were involved in the American Civil War? Is #1 listed in #2?
2025	Queen Elizabeth The Queen Mother	Queen consort of King George VI, mother of Queen Elizabeth II	Did Queen Elizabeth The Queen Mother and her daughter share name with Tudor queen?	True	Queen Elizabeth the Queen Mother gave birth to Queen Elizabeth II in 1926. The Tudor dynasty had a number of Queens including: Mary I of England, Elizabeth I of England, and Margaret Tudor, Queen of Scots.	Which name did the Queen Mother and Queen Elizabeth have in common? What are the names of some queens from the Tudor dynasty? Is #1 included in any of #2?
2026	Compact disc	Optical disc for storage and playback of digital audio	Did John Lennon listen to Compact discs?	False	The Compact disc was released in 1982 by Philips and Sony. John Lennon was killed on December 8, 1980.	When were Compact Discs first available for use? When did John Lennon die? Is #1 before #2?
2027	Last Supper	Final meal that, in the Gospel accounts, Jesus shared with his apostles in Jerusalem before his crucifixion	Is anyone at the Last Supper celebrated in Islam?	True	"The Last Supper was a meal between Jesus and his twelve disciples in Christianity. In Islam, Jesus is one of many revered prophets. In Islam, Jesus returns in a Second Coming to fight the ""False Messiah"" and establish peace on earth."	Who was present at the Last Supper? Are any of #1 celebrated in Islam?
2028	Bengal cat	Breed of cat	Would a Bengal cat be afraid of catching a fish?	False	Fish live in water.  Many Bengal owners say that their Bengal naturally retrieves items. Bengal cats often enjoy playing in water.	Where do fish live? What do bengal cats naturally do when they see something? Would a bengal cat be able to #2 from #1?
2029	Tumulus	Mound of earth and stones raised over graves	Has a tumulus been discovered on Mars?	False	A tumulus is a mound of earth and stones raised over a grave or graves. A grave is a location where a dead body (typically that of a human, although sometimes that of an animal) is buried. Mars has only been explored by unmanned spacecraft. Evidence suggests that the planet was once significantly more habitable than it is today, but whether living organisms ever existed there remains unknown. 	What do tumulus cover? What do #1 contain? What is a previous condition for something to be considered now #2? Have things with the characteristic of #3 been to Mars?
2030	League of Legends	Multiplayer online battle arena video game	Could Cosmic Girls play League of Legends alone?	True	Cosmic Girls is a 13 member kpop group League of Legends is a video game requiring two teams of five players each	"How many players are needed for a League of Legends match? How many people are in the group ""Cosmic Girls""? Is #2 greater than or equal to #1?"
2031	Torso	the central part of the living body	is the brain located in the torso?	False	The brain is located inside the head. The head is located on top of the torso.  The torso contains the heart, lungs, and stomach.	What part of the body stores the brain? Is #1 part of the torso?
2032	Augustus	First emperor of the Roman Empire	Was Augustus his real name?	False	Augustus was given the name Gaius Octavius at birth. After he was adopted by his uncle Julius Caesar, he took the name Gaius Iulius Caesar. He took the name Augustus upon the breaking of the ruling Triumvirate and becoming Emperor.	What name did Augustus have when he was born? Is #1 identical to Augustus?
2033	Spice Girls	British girl group	Were the Spice Girls inspired by Little Mix?	False	The Spice Girls were formed in 1994 and mainly active during the late 1990s Little Mix was formed in 2011	When was the English pop group Spice Girls formed? When was the British girl group Little Mix formed? Is #2 before #1?
2034	Elizabeth II	Queen of the United Kingdom and the other Commonwealth realms	Does the actress who played Elizabeth II speak fluent Arabic?	False	Elizabeth II was portrayed by Helen Mirren.  Helen Mirren doesn't speak fluent Arabic. 	Which movie has portrayed Queen Elizabeth II of the United Kingdom? Who acted as Queen Elizabeth II in #1? What is #2's nationality? Do they speak fluent Arabic in #3?
2035	Super Mario	platform video game series from Nintendo's Mario franchise	Does Super Mario require electricity to play?	True	Super Mario is a video game. Video games are played on electronic devices. Electronic devices require electricity to function.	What is Super Mario? Where are #1 played? Do #2 require electricity?
2036	Stroke	Medical condition where poor blood flow to the brain causes cell death	Is it impossible to tell if someone is having a stroke?	False	Strokes have numerous physical symptoms including facial unevenness and trouble walking. Strokes have behavioral symptoms including slurred speech, disorientation, and trouble understanding speech.	What are the symptoms of a stroke? Are all of #1 hidden from physical observation?
2037	Christopher Reeve	20th-century American actor, director, producer and screenwriter	If he were poor, would Christopher Reeve have lived?	False	Christopher Reeve suffered a serious spinal cord injury that left him a quadriplegic.  Christopher Reeve required a portable ventilator after his injury. At one point, Christopher Reeve's treatment was costing $400,000 yearly.	What injury did Christopher Reeve suffer from? What equipment is required for someone with #1 in order to live? What would be the cost of #2? Would a poor person be able to afford #3?
2038	2008 Summer Olympics	Games of the XXIX Olympiad, held in Beijing in 2008	Could all of the 2008 Summer Olympics women find a hookup athlete partner?	True	The 2008 Summer Olympics had 4,637 women compete. The 2008 Summer Olympics had 6,305 men compete.	How many women participated in the 2008 Summer Olympics? How many men participated in the 2008 Summer Olympics? Is #2 at least equal to #1?
2039	Chinese New Year	traditional Chinese holiday	Are any mollusks on Chinese New Year calendar?	False	A mollusk is an invertebrate animal such as snails, slugs, mussles, and octopuses. The animals on Chinese New Year calendar are: rat, ox, tiger, rabbit, dragon, snake, horse, goat, monkey, rooster, dog, and pig.	What are the animals on the Chinese New Year calendar? Is a mollusk part of #1?
2040	Skull	bony structure that forms the skeleton of head in most vertebrates	Can an adult human skull hypothetically pass through the birth canal?	True	The largest baby ever born was 22 pounds.  The average human skull weighs between 10 and 11 pounds.	How big is the average baby ever delivered vaginally? How big is the average adult skull? Is #1 greater than #2?
2041	Elijah Cummings	U.S. Representative from Maryland	Will Elijah Cummings cast a vote in the 2020 presidential election?	False	Elijah Cummings died on October 17th, 2019. It is not possible, or legal, for a dead person to cast a vote in a presidential election.	Are deceased people able and allowed to vote in elections? Is Elijah Cummings deceased? Are the answers to #1 and #2 the same?
2042	Super Mario	platform video game series from Nintendo's Mario franchise	Does Super Mario mainly focus on a man in green?	False	Super Mario follows the adventures of a plumber named Mario. Mario wears a red shirt and plumber's overalls.	Who is the main character of the game Super Mario? Does #1 wear green?
2043	Julia Roberts	American actress and producer	Does Julia Roberts lose the prolific acting contest in her family?	True	As of May 2020, Julia Roberts has acted in 64 projects. Julia Roberts has a brother in acting, Eric Roberts, and a niece in acting, Emma Roberts. As of May 2020, Eric Roberts has acted in 577 projects.	Who is Julia Roberts brother? Is #1 an actor? How many projects has #2 appeared in? How many projects has Julia Roberts acted in? Is #3 larger than #4?
2044	Olive oil	liquid fat extracted by pressing olives	Can olive oil kill rabies?	False	Olive oil is a fat used in cooking. Olive oil is made up of palmitic acid which is a weak acid found in plants and animals. Rabies is a disease from an infected animal bite. Rabies is treated by a shot containing immunoglobuin, a protein that is found in plasma cells. Plasma cells are found in the bone marrow of humans.	What is used to treat rabies? What is olive oil made of? Are any of #2 present in #1?
2045	Ludacris	American rapper and actor	Does Ludacris perform classical music?	False	Ludacris is a rap artist. Rap and hip hop music are not related to classical music.	Which kind of music does Ludacris perform? Is #1 the same as classical music?
2046	U2	Four-member Irish rock band, from Dublin	Did U2 play a concert at the Polo Grounds?	False	U2 is an Irish rock band that formed in 1976. The Polo Grounds was a sports stadium that was demolished in 1964.	When was U2 (Irish rock band) formed? When was the Polo Grounds demolished? Is #1 before #2?
2047	Benito Mussolini	Fascist leader of Italy	Did Benito Mussolini wear bigger shoes than Hafþór Björnsson?	False	"Benito Mussolini was 5' 6​1⁄2"" tall. Hafþór Björnsson is 6 feet 9 inches tall. Shoe size increases proportionally as height increases."	How tall was Benito Mussolini? How tall is Hafþór Björnsson? Is #2 smaller than #1?
2048	Carl Friedrich Gauss	German mathematician and physicist	Did Gauss have a normal brain structure?	False	When Gauss died in 1855, his brain was preserved for study. Dr. Rudolf Wagner, who studied the brain, found the mass to be slightly above average, and found highly developed convolutions on the brain.	What was the outcome of studies carried out on Gauss' brain after his death? Did #1 indicate that his brain was the same as the average human brain?
2049	Sudoku	Logic-based number-placement puzzle	Could an infant solve a sudoku puzzle?	False	Solving a sudoku puzzle requires the use of logic and a basic understanding of numbers. Infants are too young to understand the numerical system involved in sudoku.	What is the skill set of an infant? What skills are required for sudoku? Is #2 included in #1?
2050	Eid al-Fitr	Islamic holiday that marks the end of Ramadan	Is Eid al-Fitr holiday inappropriate to watch entire US Office?	True	Eid al-Fitr is an Islamic holiday dedicated to prayer. Eid al_fitr lasts from 1 to 3 days depending on the country. The entire US Office tv show would take 4 days, three hours, and 30 minutes to watch.	How long does Eid al-Fitr last? What is the run time of the Office? Is #2 longer than #1?
2051	Japan Airlines	airline headquartered in Tokyo, Japan	Are any of the destinations of Japan Airlines former Axis Powers?	True	Japan Airlines flies all over the world to places such as Germany, Ireland, and Australia. The Axis Powers were the countries that fought against the Allies during World War II. Axis Powers included countries such as Germany, Italy, and Japan.	Which countries does Japan Airlines fly to? Which counties were part of the Axis powers? Are there any similarities or overlap between #1 and #2?
2052	WWE Raw	WWE television program	Would a viewer of Monday Night Football be able to catch WWE Raw during commercial breaks?	True	Monday Night Football begins at 8pm EST on Monday nights during the NFL season WWE Raw airs on Monday nights between 8pm and 11pm EST	When does Monday Night Football air? When does WWE Raw air? Is there and overlap between #1 and #2?
2053	Voyager 2	Space probe and the second-farthest man-made object from Earth	Would Jon Brower Minnoch break a chair before Voyager 2 launch mass?	False	Jon Brower Minnoch was the heaviest human being ever recorded. At his peak weight, Jon Brower Minnoch weighed almost 1.400 lb. The launch mass of Voyager 2 was 1,820 lb.	What was Jon Brower Minnoch's heaviest weight? What was the Voyager 2 launch mass? Is #1 greater than #2?
2054	Learning disability	Range of neurodevelopmental conditions	Do placozoa get learning disabilities?	False	Learning disabilities are neurodevelopmental conditions afflicting a portion of the human population Neurodevelopmental conditions affect the nervous system Placozoa are multicellular microscopic organisms which do not have a nervous system	What bodily system do learning disabilities affect? Do placozoa possess #1?
2055	Christmas carol	Song or hymn or carol on the theme of Christmas	Are multiple Christmas Carol's named after Saints?	True	The Christmas Carol Good King Wenceslas is based on the Bohemian king Wenceslaus I. Wenceslaus I was named a Saint in the Catholic Church and has a feast day of September 28. Jolly Old Saint Nicholas is a Christmas Carol named after an early Christian bishop who became a Saint.	Who was Christmas carol 'Good King Wenceslas' about? Who was  Christmas carol 'Jolly Old Saint Nicholas' named for? Are #1 and #2 Saints?
2056	Bobby Jindal	American politician	Would Bobby Jindal's high school mascot eat kibble?	True	Bobby Jindal attended Baton Rouge Magnet High School. Baton Rouge Magnet High School's mascot is the bulldog. Kibble is another name for the dry form of dog/pet food.	Which school did Bobby Jindal attend? What is #1's mascot? What does kibble refer to? Would a #2 eat #3?
2057	New Testament	Second division of the Christian biblical canon	Are thetan levels found in the New Testament?	False	The New Testament is a collection of texts related to Christianity. Thetan levels are a term used in the body of religious beliefs and practices known as Scientology.	Which religion are thetan levels related to? The New Testament is a part of which Holy Book? Which religion is #2 associated with? Is #1 the same as #3?
2058	Honey badger	species of mammal	Would a honey badger's dentures be different from a wolverine's?	True	Dentures are false teeth that resemble the wearer's natural teeth Honey badgers and wolverines are physically very similar, but they can be differentiated by their dentition.	What subfamily does the honey badger belong to? What subfamily does the wolverine belong to? What helps distinguish #1 from #2? Does #3 include dental shape?
2059	United States Secretary of State	U.S. cabinet member and head of the U.S. State Department	Does the United States Secretary of State answer the phones for the White House?	False	The role of United States Secretary of State carries out the President's foreign policy. The White House has multiple phone lines managed by multiple people.	What are the duties of the US Secretary of State? Are answering phones part of #1?
2060	Green	Additive primary color visible between blue and yellow	Did the color green help Theodor Geisel become famous?	True	Green is a color made by mixing blue and yellow Theodor Geisel is the American writer known as Dr. Seuss One of Dr. Seuss's most famous books and lines is Green Eggs and Ham	What was Theodor Geisel's pen name? Which books authored by #1 made him famous? Are any of #2 particularly related to the color green?
2061	Ariana Grande	American singer, songwriter, and actress	Does Ariana Grande's signature style combine comfort items and high fashion?	True	Ariana Grande's signature style is a long, over-sized pullover sweater with thigh high heels. Oversized pullovers are considered lounge wear, for relaxing at home in.  High heels are associated with high style. 	What is Ariana Grande's signature top? What is Ariana Grande's signature shoewear? What type of clothing is #1 considered? Is #3 considered a comfort and item and is #2 considered a high style item?
2062	Richard III of England	15th-century King of England	Did Richard III's father have greater longevity than him?	True	Richard III lived until the age of 32. Richard, Duke of York, Richard III's father, lived until the age of 49.	How many years did Richard III live to be? Who was Richard III's father? How old did #2 live to be? Is #3 greater than #1?
2063	Bluetooth	Short distance wireless technology standard	Does a dentist treat Bluetooth problems?	False	A dentist is a surgeon who specializes in dentistry, the diagnosis, prevention, and treatment of diseases and conditions of the oral cavity. Technological problems are typically handled by IT professionals. Bluetooth is not a physical entity.	What type of professional would handle bluetooth problems? Are dentists trained in #1?
2064	Walt Disney	American entrepreneur, animator, voice actor and film producer	Was Walt Disney ever interviewed by Anderson Cooper?	False	Walt Disney died on Dec 15, 1966 Anderson Cooper was born on Jun 03, 1967	When did Walt Disney pass away? When was Anderson Cooper born? Is #2 before #1?
2065	Frost	coating or deposit of ice that may form in humid air in cold conditions, usually overnight	Is it common to see frost during some college commencements?	True	College commencement ceremonies often happen during the months of December, May, and sometimes June.  Frost isn't uncommon to see during the month of December, as it is the winter.	What seasons can you expect see frost? What months do college commencements occur? Do any of #2 occur during #1?
2066	Eddie Murphy	American stand-up comedian and actor	Could Eddie Murphy's children hypothetically fill a basketball court by themselves?	True	Eddie Murphy has ten children. Basketball is played with two teams, each having five players on the court at one time.	How many children does Eddie Murphy have? How many players are on a basketball team? How many teams are on the basketball court at the same time? How much is #2 multiplied by #3? Is #1 greater than or equal to #4?
2067	Snow leopard	species of mammal	Can you find a snow leopard in the Yucatan?	False	Snow leopards are native to mountain ranges in Central and South Asia The Yucatan is a peninsula in Mexico Mexico is located in North America	On what continent is the Yucatan peninsula? On what continent are snow leopards found? Is #1 the same as #2?
2068	United Nations Conference on Trade and Development	organization	Could Edward Snowden have visited the headquarters of United Nations Conference on Trade and Development?	True	The headquarters of the United Nations Conference on Trade and Development is in Geneva, Switzerland. Edward Snowden was stationed in Geneva in 2007 with the task of representing the US at the UN.	What city and country is the United Nations Conference on Trade and Development located in? In 2007, what was Edward Snowden's tasked with? Was Edward Snowden stationed in #1 in 2007 to accomplish #2? 
2069	Sony	Japanese multinational conglomerate corporation	Did Sony definitively win the video game war against Sega?	True	Sony is the maker of the Playstation which has sold over 108 million PS4 units by March 2020. Sega's last console, the Sega Dreamcast, was discontinued in 2001. Sony Playstation competed with Sega's Dreamcast and Saturn systems in the 1990s. Sega now makes games for its former competitor, Sony, including Team Sonic Racing in 2019. At the height of the console wars, Sega Saturn sold 9.5 million units while Sony Playstation sold 102 million units.	How many console did Sega Saturn sell? How many console did Sony Playstation? Is #2 greater than #1?
2070	Winter	one of the Earth's four temperate seasons, occurring between autumn and spring	Is winter associated with hot temperatures?	False	Winter is the season that occurs when a hemisphere is tilted away from the sun during Earth's orbit. During this season, that hemisphere gets less sunshine and is further from the sun than the other hemisphere. As a result, temperatures in that hemisphere are much colder during that season.	What is earth's primary source of heat energy? Which parts of the earth experience winters? What is the relative orientation of #2 with respect to #1 during winters? Will #3 result in hot temperatures in #2?
2071	United States Capitol	seat of the United States Congress	Is the United States Capitol located near the White House?	True	The Capitol building is located at one end of the National Mall in downtown Washington DC. The White House is located next to the Washington Monument a short way down from the Mall.	What city is the United States Capitol located in? What city is the White House located in? Is #1 the same as #2?
2072	Radioactive waste	wastes that contain nuclear material	Does the United States Navy create radioactive waste?	True	Radioactive waste is created by nuclear material processing The United States Navy uses many nuclear submarines	Radioactive waste is a byproduct of what process? Does the US Navy engage in any of the activities in #1?
2073	Black fly	family of insects	Was Black fly upstaged by another insect in Jeff Goldblum's 1986 film?	True	Jeff Goldnlum starred in the 1986 movie The Fly. The fly used in the movie The Fly was a common Housefly. The Black fly is most closely related to Chironomidae since they both feed on mammals.	Which fly was used in the 1986 movie The Fly? is #1 a black fly?
2074	Alan Rickman	British actor	Did Alan Rickman have an improperly functioning organ?	True	Alan Rickman died of pancreatic cancer on 14 January 2016 at age 69. Pancreatic cancer arises when cells in the pancreas, a glandular organ behind the stomach, begin to multiply out of control and form a mass.	What medical conditions did Alan Rickman have? Does any of the conditions in #1 involve an organ?
2075	4	Natural number	Would four shoes be insufficient for a set of octuplets?	True	There are eight children in a set of octuplets. The typical child is born with two feet. Normally each foot needs to be covered with a single shoe.	How many children are in a set of octuplets? How many shoes does a person wear? What is #1 multiplied by #2? Is #3 greater than 4?
2076	Judge	official who presides over court proceedings	Are banana trees used by judges for maintaining order?	False	A banana tree has seeds that only have one embryonic leaf and is called a monocot. Judges use gavels to maintain order in court. Gavels are made of hardwood. Hardwood comes from dicot trees. Oak, maple, and sycamore are dicot trees.	Which instrument do judges use to maintain order in courts? What kind of material are #1 made from? Which group of trees is #2 obtained from? Do banana trees belong to the same group as #3?
2077	Logging	the cutting, skidding, on-site processing, and loading of trees or logs onto transport vehicles	Would it be hard to get toilet paper if there were no loggers?	True	Logging produces products such as pulp. Pulp is used to make paper products such as toilet paper.	What material is used to make paper products such as toilet paper? Is logging an important step in  producing #1?
2078	Bohai Sea	The innermost gulf of the Yellow Sea and Korea Bay on the coast of Northeastern and North China	Could Rhode Island sink into the Bohai Sea?	True	The Bohai Sea is 30,000 square miles Rhode Island is 1,214 square miles	How many square miles is the Bohai Sea? How many square miles is Rhode Island? Is #1 greater than or equal to #2?
2079	Sloth	tree dwelling animal noted for slowness	Will a sloth explode if it's not upside down?	False	sloth can climb trees in various positions. sloth can crawl along the ground on their stomachs. 	What are some common positions that a sloth can stay in? Is all of #1 upside down in orientation?
2080	Newcastle, New South Wales	City in New South Wales, Australia	Was the MLB World Series held in Newcastle, New South Wales?	False	The MLB World Series is held annually in a stadium belonging to one of its teams MLB teams are located in the United States and Canada New South Wales is a state in Australia	In which countries are MLB World Series held? Is Australia one of #1?
2081	Nancy Pelosi	52nd speaker of the United States House of Representatives	Would Nancy Pelosi have hypothetically been on same side as Gerald Ford?	False	Gerald Ford was a Republican and was president from 1974-1977. Nancy Pelosi is the Democratic Speaker of the House. Domestically, Ford was consistently conservative, and led the fight against Johnson's Great Society.  Programs of the Great Society included Medicare, and Medicaid. Nancy Pelosi has consistently voted for Medicare and Medicaid.	What was Gerald Ford's political affiliation? What is Nancy Pelosi's political affiliation? Is #1 the same as #2?
2082	1980 United States presidential election	49th quadrennial presidential election in the United States	Was the 1980 presidential election won by a member of the Grand Old Party?	True	The Republican party is nicknamed the Grand Old Party. The 1980 election was won by Ronald Reagan. Reagan was a Republican.	Which political party is also known as the Grand Old Party? Who won the 1980 presidential election? What political party did #2 belong to? Is #3 the same as #1?
2083	Glenn Beck	American talk radio and television host	Is Glenn Beck known for his mild temper?	False	Glenn Beck has gone viral for screaming at callers on his program. Glenn Beck has walked off of professional interviews when he doesn't like the questions.	What kind of temperament has Glenn Beck shown in public on notable ocassions? Did all of #1 indicate mild temper?
2084	Kaffir lime	A citrus fruit native to tropical Southeast Asia and southern China	Would a kaffir lime be a good ingredient for making a candle?	True	Kaffir limes are citrus fruits originating in tropical climates. The Kaffir lime leaves and rind emit an intense citrus fragrance when crushed up. Yankee Candle, one of the largest candle companies, sells several popular varieties of citrus candles. Sage and Citrus is one of the highest rated scents that Yankee Candle sells.	Which fragrance do Kaffir lime leaves emit when crushed? What are the scents of some popular varieties of candles that Yankee Candle sells? Is #2 included in #1?
2085	Moon Jae-in	President of South Korea	Did Moon Jae-in's residence exist when the World Trade Center was completed?	False	The President of South Korea lives in the Blue House The Blue House finished construction in early 1991 The World Trade Center complex was completed in 1987	Where does Moon Jae-in live? When was the construction of #1 finished? When was the construction of the World Trade Center completed? Is #2 before #3?
2086	Pulitzer Prize	U.S. award for achievements in newspaper and online journalism, literature, and musical composition	Is it impossible for Cheb Mami to win a Pulitzer Prize for musical composition?	True	The history Pulitzer Prize can be won by any citizen, all other Pulitzer Prize winners must be a US Citizen. Cheb Mami is an Algerian singer. Cheb Mami is a citizen of Algeria.	The Pulitzer Prize for musical composition is exclusive to the citizens of which country? Which country is Cheb Mami from? Is #1 different from #2?
2087	DARPA	Agency of the U.S. Department of Defense responsible for the development of new technologies	Did DARPA influence Albert Einstein? 	False	DARPA is an agency in the US focused on defense and new technologies. DARPA was founded in 1958 under Dwight D Eisenhower. Albert Einstein was a famous physicist who died in 1955.	When was DARPA formed? When did Albert Einstein die? Is #1 before #2?
2088	Family Guy	American animated sitcom	Does the art from Family Guy look a lot like the art in American Dad?	True	Family Guy and American Dad are both Fox Animated Sitcoms animated by Seth MacFarlane. Family Guy and American Dad characters all share common facial features and movement styles.	Who is the animator for Family Guy? Who is the animator for American Dad? Is #1 the same as #2?
2089	Stephen King	American author	Could Stephen King join the NASA Astronaut Corps?	False	NASA Astronaut Corps candidates must have a master's degree from an accredited institution in engineering, biological science, physical science or mathematics. Stephen King studied at the University of Maine, graduating in 1970 with a Bachelor of Arts in English.	What degrees are acceptable to meet the minimum requirement for admittance to the NASA Astronaut Corps? What degrees does Stephen King hold? Is #2 also in #1?
2090	Alexander Graham Bell	scientist and inventor known for his work on the telephone	Would Alexander Graham Bell hypothetically support Nazi eugenics?	True	Eugenics was the idea of selective breeding or sterilization to rid the human populace of certain traits. Nazis used eugenics to justify mass sterilization and mass murder. Alexander Graham Bell Alexander Graham Bell advocated against the use of sign language and hoped to eradicate deafness through selective breeding.	What did the Nazi's use to justify mass sterilization and mass murder? What is the definition of #1? What did Alexander Graham Bell advocate against the use of? Did Alexander Graham Bell use #2 to get rid of #3?
2091	Black swan	species of bird	Can black swan's formation type help spell longest word in Dictionary?	True	"Black swan's fly in a ""V"" formation. The longest word in the dictionary is pneumonoultramicroscopicsilicovolcanoconiosis."	What letter does the formation of black swans in flight resemble? What is the longest word in English language? Can #1 be found in #2?
2092	Glutamic acid	amino acid	Do you find glutamic acid in a severed finger?	True	Glutamic acid is an amino acid and neurotransmitter As a neurotransmitter, glutamic acid is the most abundant in the vertebrate nervous system A severed finger contains parts of a vertebrate's nervous system	What kind of transmitter is glutamic acid? In which bodily system is #1 the most abundant? Does a severed finger contain #2?
2093	German Shepherd	Dog breed	Do German Shepherds worry about the Abitur?	False	The Abitur is a qualification granted by university-preparatory schools in Germany, Lithuania, and Estonia. The Abitur is conferred on students who pass their final exams at the end of their secondary education. Students that attend university-preparatory schools are humans. German Shepherds are not humans.	The Abitur qualification is conferred after which achievement? What kind of animal is a German Shepherd? Are #2 capable of completing #1 which was meant for humans?
2094	PlayStation 4	Sony's eighth-generation home video game console	Did Tom Bosley enjoy video games on the PlayStation 4?	False	The PlayStation 4 was launched in 2013. Tom Bosley died in 2010.	What year did Tom Bosley die? What year was the PlayStation 4 Launched? Is #2 before #1?
2095	Toyota Hilux	Series of light commercial vehicles produced by the Japanese car-manufacturer Toyota.	Can a 2019 Toyota Hilux hypothetically support weight of thirty Big John Studd clones?	False	The 2019 Toyota Hilux has a maximum carry load of 3500kg or, around 7,700 pounds. Big John Studd was a professional wrestler that weighed 364 pounds.	What is the maximum carry load weight of a Toyota Hilux? How much did Big John Studd weigh? What is #2 multiplied by 30? Is #1 greater than or equal to #3?
2096	Iggy Pop	American rock singer-songwriter, musician, and actor	Was Iggy Pop named after his father?	True	Iggy Pop's birth name was James Newell Osterberg Jr. The father of Iggy Pop was James Newell Osterberg Sr.	What is Iggy Pop's real name? What is Iggy Pop's father's name? Is #1 the same as #2?
2097	Potato	plant species producing the tuber used as a staple food	Are potatoes native to the European continent?	False	Potatoes originated in South America and spread throughout the Americas by indigenous tribes. European explorers discovered potatoes and brought them back to share at home in Europe.	Where did potatoes originate? Is #1 located in Europe?
2098	Börek	Stuffed phyllo pastry	Would Şerafeddin Sabuncuoğlu have eaten Börek?	True	Börek originated in Ottoman cuisine Şerafeddin Sabuncuoğlu was an Ottoman scientist	Where did Borek originate from? Was Serafeddin Sabuncuoglu from #1?
2099	Zucchini	Edible summer squash, typically green in color	Can the original name of the zucchini be typed on the top row of a QWERTY keyboard?	False	The original name for the zucchini in Mexican language or Nahuatl is ayokonetl. The top row of a QWERTY keyboard contains the keys q, w, e, r, t, y, u, i , o, and p.	What is the original name of the zucchini? What keys are on the top row of a QWERTY keyboard? Is every letter in #1 present in #2?
2100	Rice pudding	Dish made from rice mixed with water or milk	Would Cyndi Lauper use milk substitute in her rice pudding?	True	Cyndi Lauper wrote a song about lactose intolerance. Lactose intolerance leads to gastrointestinal discomfort upon eating dairy.	What conditions lead people to using milk substitutes? Does Cyndi Lauper suffer from any conditions listed in #1?
2101	Eggplant	plant species Solanum melongena	Is eggplant deadly to most atopic individuals? 	False	Atopic individuals have a genetic tendency to develop allergic reactions Eggplant allergies are usually not life-threatening 	What kind of reactions do atopic people have a tendency of getting? Are #1 caused by eggplant usually deadly in nature?
2102	Bitcoin	decentralized cryptocurrency	Could a single bitcoin ever cover cost of a Volkswagen Jetta?	True	The all time high price of bitcoin was $19,783 in 2017. The suggested retail price of a 2020 Volkswagen Jetta is $18,895.	What is the highest price for a bitcoin? What is the cheapest price of a Jetta? Is #1 greater than #2?
2103	Drew Carey	American actor, comedian, game show host, libertarian and photographer	Has Drew Carey outshined Doug Davidson's tenure?	True	Drew Carey has been the host of the Price is Right for over 13 years. Doug Davidson hosted the Price is Right from 1994-1995.	How long has Drew Carey hosted the Price is Right? How long did Doug Davidson host the Price is Right? Is #1 longer than #2?
2104	Taco Bell	American fast-food chain	Can you purchase a dish with injera at Taco Bell?	False	Taco Bell serves a variety of Mexican and Tex-Mex foods that include tacos, burritos, quesadillas, and nachos. Injera is a sour fermented flatbread with a slightly spongy texture, traditionally made out of teff flour. Injera is part of Ethiopian cuisine.	What kind of food is Taco Bell known to serve? Which country is #1 most associated with? Which country is Injera native to? Is #2 the same as #3?
2105	Gettysburg Battlefield	site of the Battle of Gettysburg during the American Civil War	Would a Superbowl Football Game be crowded on the Gettysburg Battlefield?	False	Football fields used in the Super Bowl are 100 yards long.  The Gettysburg Battlefield is over 5 miles long. There are 1760 yards in a mile.	How long is the football field superbowl? How long is the Gettysburg Battlefield? Is #1 the same as #2?
2106	High Speed 1	high-speed railway between London and the Channel Tunnel	Would the tunnels at CERN fit onto the High Speed 1 rails?	True	High Speed 1 (HS1), legally the Channel Tunnel Rail Link (CTRL), is a 67-mile (108 km) high-speed railway. The CERN collider is contained in a circular tunnel, with a circumference of 26.7 kilometres (16.6 mi). The circumference of a circle is the length of the enclosing boundary.	How long are the tunnels at the CERN collider? How long is the High Speed 1 railway? Is #1 less than or equal to #2?
2107	2000	Year	Would 1996 leap year baby technically be 1 year old in 2000?	True	A leap year happens once every 4 years and has 29 days in February. The years 1996, 2000, 2004, 2008, 2012, 2016, and 2020 are the last 7 leap years that have happened. 1996 to 2000 is one leap year.	How many years apart are consecutive leap years? What is 2000 minus 1996? Is #2 divided by #1 equal to one?
2108	Preventive healthcare	Prevent and minimize the occurrence of diseases	Can preventive healthcare reduce STI transmission?	True	Preventive healthcare includes screenings for STI/STD's.  Increases in testing for STI's allow for citizens to protect themselves from infection and contain outbreaks.	What are the effects of preventive measures on STI transmission? Does #1 involve a reduction in their spread?
2109	Snowdon	highest mountain in Wales	Would Snowdon mountain be a piece of cake for Tenzing Norgay?	True	Tenzing Norgay was a mountaineer that climbed Mount Everest in 1953. Snowdon Mountain has a peak of 3,560 feet. Mount Everest has a peak of over 29,000 feet.	How high is Snowdon Mountain? What was the highest peak ever climbed by Tenzing Norgay How high is #2? Is #3 greater than #1?
2110	Reconstruction era	Era of military occupation in the Southern United States after the American Civil War (1865–1877)	Can a Reconstruction era coin buy DJI Mavic Pro Drone?	True	The DJI Mavic Pro Drone retails for around $1,000 dollars. THE Reconstruction Era took place from 1865-1877. Mint condition 1870 Seated Liberty Silver Dollar's can sell for between $2,283 to $4,933.	How much does a DJI Mavic Pro Drone retail for? During what years did the Reconstruction era occur? Of the US coins minted during the years in #2, are any of them now worth at least as much as #1?
2111	Sun bear	bear found in tropical forest habitats of Southeast Asia	Can an American black bear swallow a sun bear whole?	False	Sun bears grow to only about half the size of an American black bear. The total length of adult bear skulls was found to average 262 to 317 mm (10.3 to 12.5 in). Black bears cannot open their mouths to half their body length.	How big is the skull of an adult american black bear? What is the size of an adult sun bear? Is #2 smaller than #1?
2112	Scrabble	board game with words	Does monster name in West African Folklore that witches send into villages set Scrabble record?	False	An obia is a monster in West African folklore described as being a massive animal that witches send into villages to kidnap young girls and wear their skin for a coat. Obia generates 6 points in Scrabble. Oxyphenbutazone is said to be the highest scoring scrabble word worth 1,458 points.	What is the name of the monster in West African Folklore that witches send into villages? What is the highest scoring word in Scrabble? Is #1 the same as #2?
2113	September	ninth month in the Julian and Gregorian calendars	Does Home Depot sell item in late September zodiac sign symbol?	True	The zodiac sign for late September is Libra. The Libra zodiac sign is represented by scales.  Home Depot sells a number of scales including Pelouze and Ozeri brands.	What is the zodiac sign that represents late September? What is symbol of #1? What kinds of goods (and services) does The Home Depot deal in? Is #2 likely to be included in #3?
2114	Beauty and the Beast (1991 film)	1991 American animated musical fantasy romance film	Do inanimate objects come alive in Beauty and the Beast?	True	Beauty and the Beast features a castle full of items that move and speak on their own.  An inanimate object is one that is not alive in any way. Main characters of Beauty and the Beast include a talking teacup and a sassy duster.	Who are the main characters in Beauty and the Beast? What type of entities are the characters listed in #1? Are any of the types listed in #2 usually inanimate objects?
2115	Bandy	ballgame on ice played using skates and sticks	Would Bandy be likely to become popular in Texas?	False	The American Bandy Association governs major Bandy play in the United States. There are no teams from Texas registered with the American Bandy Association. Sports involving ice and snow tend to be more popular in cold climates. Texas has an extremely hot climate.	What kind of climate favors long term playing of Bandy? Which US States have Bandy teams? Is Texas included in #2 or have #1 climate?
2116	Watergate scandal	Political scandal that occurred in the United States in the 1970s	Did the Watergate scandal help the Republican party?	False	Watergate resulted in President Nixon's resignation. President Nixon was a Republican. Nixon's resignation resulted in major Democratic gains in Congress during the next election.	Which central figure resigned as a result of the Watergate scandal? Was #1 a member of the Republican party? Did the scandal affect the Republican party negatively in following elections? Is #2 or #3 negative?
2117	Sesame	species of plant	Can a sesame seed grow in the human body?	False	Seeds need water, oxygen, and light to grow. The human digestive system releases powerful acid that dissolves food.	What does a seed need in order to germinate? Can all of #1 be found inside the human body?
2118	Elizabeth II	Queen of the United Kingdom and the other Commonwealth realms	Did Elizabeth II frequently visit Queen Victoria?	False	Queen Victoria died in 1901. Elizabeth II was born in 1926.	When did Queen Victoria die? When was Queen Elizabeth II born? Is #2 before #1?
2119	Rick and Morty	Animated sitcom	Can you watch Rick and Morty in Mariana Trench?	True	Rick and Morty is available in blu-ray format. You can play blu-ray on a laptop computer  It is possible to go to Mariana Trench inside a deep-diving submersible vehicle with a laptop.	What portable media format is Rick and Morty available in? What electronics do deep-diving submersibles have? Can any of #1 be played on any of #2?
2120	Oprah Winfrey	American businesswoman, talk show host, actress, producer, and philanthropist	Does Oprah Winfrey have a degree from an Ivy League university?	True	Oprah Winfrey has received honorary doctorates from Duke and Harvard Universities Harvard University is a member of the Ivy League	What schools does Oprah Winfrey have honorary degrees from? Is #1 Ivy league?
2121	Darth Vader	fictional character in the Star Wars franchise	Can Darth Vader hypothetically outdunk Bill Walton without using The Force?	False	"The Force allows a Jedi to move objects with their mind. Darth Vader is 6'2"" tall. Former basketball player Bill Walton is a towering 6'11"" tall. The NBA basketball rim is 10 feet high."	What characteristic determines someone's ability to dunk? What is Darth Vader's measurement of #1? What is Bill Walton's measurement of #1? Is #2 greater than #3?
2122	Led Zeppelin	English rock band	Did the lead singer of Led Zepplin ever perform with Ernest Chataway?	True	Robert Plant is the lead singer of Led Zepplin Robert Plant was in the band The Honeydrippers Ernest Chataway was in the band The Honeydrippers	Who was the lead singer of Led Zepplin? Who are the members of the Honeydrippers? Is Ernest Chataway also part of #2? Is #1 in #2? Is #3 and #4 both yes?
2123	Coca	group of plant varieties cultivated for coca production	Would someone with a nosebleed benefit from Coca?	True	Coca constricts blood vessels. As a result, it serves to stop bleeding.  Someone with a nosebleed would want the bleeding to stop.	What does Coca do to blood vessels? What happens to blood when #1 occurs? Would someone with a nose want #2 to occur?
2124	Wednesday	Day of the week	Will Communion be denied to Wednesday name origin followers?	True	Communion is the body and blood of Christ given out during mass. Communion is only given to believers baptized in the Christian Church. Wednesday comes from Old English Wodnesdaeg referring to Woden, also called Odin. Odin was the pagan god of Norse mythology. Vikings, believers in Norse mythology, clashed with Christians in Wessex and Northumbria for hundreds of years.	Which deity is related to the origin of the name 'Wednesday'? Who are the worshipers of #1? Which group of people are allowed to take the Communion? Are #2 included in #3?
2125	Kingdom of Hungary	former Central European monarchy (1000–1946)	Were Walkman's used in the Kingdom of Hungary?	False	The Kingdom of Hungary ended in 1946.  The Walkman was invented in 1979.	When did the Kingdom of Hungary come to an end? When was Walkman invented? Is #2 before #1?
2126	Philippine–American War	Armed conflict between the First Philippine Republic and the United States	Would a veteran of the Phillippine-American War come home craving SPAM?	False	War veterans are often used to the rations they eat during war and crave similar items at home. The Philippine-American war took place before World War II, in 1899. Soldiers in World War II were given SPAM in their rations.  SPAM was released in 1937.	The Philippine-American war took place in what year? What year was SPAM invented in? Is #1 after #2?
2127	Moulin Rouge	cabaret in Paris, France	Could Moulin Rouge have been hypothetically used as Spain's Spanish American War triage center?	True	The Moulin Rouge cabaret in France had a capacity of 850 people. Spain had 700-800 injured during Spanish American War.	How many people can be seated in Moulin Rouge? How many Spaniards were injured during the Spanish American War? Ia #1 greater than #2?
2128	Metallica	American heavy metal band	Did Metallica band members cutting their hair hurt their sales?	True	Metallica famously cut their hair in 1996 which caused a huge divide in their fanbase. Metallica's best selling album, The Black Album, was released in 1991 and has sold over 20 million copies. Since 1996, Metallica have released 5 studio albums. Metalica's 5 studio albums since 1996 have sold around a combined 14 million copies	When did Metallica band members cut their hair? How many copies of their best selling album has been sold? How many copies of their last five albums have been sold altogether? Is #1 after the release date of #2 and before those of #3, and #2 greater than #3?
2129	B	letter in the Latin alphabet	Does the letter B's place in alphabet exceed number of 2008 total lunar eclipses?	True	The letter B is the second letter in the Latin Alphabet. There was one total lunar eclipse in 2008.	What number represents the position of letter B in the English alphabet? How many total lunar eclipses occurred in 2008? Is #1 greater than #2?
2130	Cinco de Mayo	Annual celebration held on May 5	Would Emmanuel Macron celebrate Cinco de Mayo?	False	Cinco de Mayo is observed to commemorate the Mexican Army's victory over the French Empire at the Battle of Puebla, on May 5, 1862. Emmanuel Macron is the current president of France. Emmanuel Macron was born in France and his ancestry traces back to France. People do not typically celebrate events in which their country was defeated.	Which countries usually celebrate the Cinco de Mayo? Which country is Emmanuel Macron from? Is #2 included in any of #1?
2131	Gray whale	species of mammal	Would a baby gray whale fit in a tractor-trailer?	True	Gray whales measure 4.9 m (16 ft) in length for newborns. A semi-trailer is 48 feet long.	How large is a baby gray whale? How large is a tractor-trailer? Is #2 greater than #1?
2132	Twenty-third Amendment to the United States Constitution	Grants residents of Washington, D.C. the right to vote in U.S. presidential elections	Was Harry Truman's presidency unaffected by the twenty-third Amendment to the US Constitution?	True	The 23rd Amendment to the US Constitution was passed in 1961. Harry Truman was the President from 1945-1953.	When was Harry Truman the president of the United States? When was the 23rd Amendment passed? Is #2 after #1?
2133	Joker (character)	Fictional character in the DC Universe	Could Bart Simpson have owned comics with The Joker?	True	"The first appearance of the Joker was in 1940. Bart Simpson first appeared as a child in ""The Simpsons"" in 1987."	When was the first appearance of the Joker? When did Bart Simpson first appear? Did #2 come after #1?
2134	Do it yourself	building, modifying, or repairing something without the aid of experts or professionals	Do Do It Yourself channels online always show realistic projects?	False	"The Youtube channel '5 Minute Crafts' specializes in DIY projects for all ages. ""5 Minute Crafts"" has come under fire for posting videos that were fraudulent or dangerous in nature. "	What are some popular Do It Yourself media? Of #1, which are YouTube channels? Are all of #2  regarded as realistic projects?
2135	Mercury (planet)	Smallest and closest planet to the Sun in the Solar System	Would only warm weather attire be a good idea on Mercury?	False	Warm weather attire would not protect your body in cold temperatures. Mercury can reach temperatures of −280 °F at night.	What are the best temperatures to wear warm weather attire? What is the average temperature of Mercury at night? Is there any overlap between #1 and #2?
2136	Spinach	species of plant	For bone growth, is kale more beneficial than spinach?	True	Calcium is an important nutrient for bone health. Kale has more calcium per serving than spinach.	What nutrient is critical for bone growth? How much #1 does kale contain? How much #1 does spinach contain? Is #2 greater than #3?
2137	Caracal	Small wild cat	Can you measure a Caracal with a protractor?	False	A caracal is a small wild cat Cats and other animals are measured in terms of properties like length, width, and weight Protractors measure angles	What are protractors used to measure? What is a caracal? Are #1 and #2 similar (or the same)?
2138	French toast	bread soaked in beaten eggs and then fried	Can a goat be used for one of the ingredients in French toast?	True	French toast is made from bread, eggs, milk, and cinnamon. Goats are able to produce milk, similar to cows. Goats milk is used in a variety of cheeses and milks sold in super markets.	What common dairy product can be obtained from goats? What are the typical ingredients of French toast? Is #1 included in #2?
2139	Dr. Seuss	American children's writer and illustrator	Did Dr. Seuss make himself famous?	False	Dr. Seuss's wife was Helen Palmer. Helen Palmer suggested that Dr. Seuss become an artist rather than a professor. Helen Palmer inspired much of Dr. Seuss's work.	Who was Dr. Seuss' wife? Did #1 not serve as inspiration and give key suggestions to Dr. Seuss?
2140	Saga	stories mostly ancient Nordic mythology and history of Germanic tribes. Written in the Old Norse language, mainly in Iceland	Was song of Roland protagonist friendly with group that had sagas?	False	The sagas were Nordic mythological stories that were celebrated by the Vikings. The Song of Roland was an epic poem about the nephew of Charlemagne. Charlemagne was King of the Franks. The Franks fought many battles against Vikings including the Siege of Paris in 845 AD.	Sagas are found in which culture? What culture is the hero of Song of Roland from? Did #1 and #2 get along well?
2141	Johns Hopkins University	Private research university in Baltimore, Maryland	Could the endowment of Johns Hopkins University pay off the MBTA debt?	False	Johns Hopkins University had an endowment of $6.28 billion in 2019. The MBTA is in debt for approximately $9 billion.	How much was Johns Hopkins University endowment in 2019? How much is the MBTA debt? Is #1 greater than #2?
2142	Winter	one of the Earth's four temperate seasons, occurring between autumn and spring	Is Christmas celebrated during winter?	True	Winter begins around December 20. Christmas is celebrated on December 25, a few days later.	When is Christmas celebrated? When does winter begin in the US? When does winter end in the US? Is #1 between #2 and #3?
2143	Sun bear	bear found in tropical forest habitats of Southeast Asia	Do sun bears stay active during winter?	True	The sun bear is a species in the family Ursidae occurring in the tropical forests of Southeast Asia.  Sun bears do not seem to hibernate. Hibernation is a seasonal heterothermy characterized by low body-temperature, slow breathing and heart-rate, and low metabolic rate. It most commonly occurs during winter months.	What characterizes the state of hibernation that some animals go into during winter? Are sun bears known to not exhibit the behavior described by #1?
2144	Caracal	Small wild cat	Could a student at the University of Houston see a caracal on campus?	False	The caracal is native to Africa, the Middle East, Central Asia, and India. The University of Houston is located in the United States. The United States is located in North America.	What areas is the caracal native to? In what area is the University of Houston located? Is there an area present in both #1 and #2?
2145	Euro	European currency	Would someone pay for a coffee in NYC with Euros?	False	New York City is located within the United States. The currency used in the United States is the United States dollar, not the Euro.	In what country is New York City? What is the currency for #1? Is #2 the Euro?
2146	Honey bee	Eusocial flying insect of genus Apis, producing surplus honey	Can a single honey bee sting multiple humans?	False	When a honey bee stings a human, the stinger becomes stuck in the skin and detaches from the bee. This usually results in the bee's death. Even if it survives, it no longer has a stinger to attack another person with.	What happens to a bee's stinger when it stings a human? What happens to a bee when #1 occurs? Can #2 sting another person?
2147	666 (number)	Natural number	Would the number 666 appear in a church?	False	A church is a place of worship in Christianity. Jesus Christ is worshiped by adherents of Christianity. 666 is a symbolic representation of the Antichrist. An Antichrist is someone that opposes Jesus Christ.	What does the number 666 represent to Christians? Would Christians want to be associated with #1?
2148	Cape Town	Legislative capital of South Africa	Is Cape Town south of the Equator?	True	Cape Town is an important city in South Africa. South Africa is located entirely south of the Equator.	What country is Cape Town located in? Is #1 located south of the equator?
2149	Silicon	Chemical element with atomic number 14	Will silicon wedding rings outsell bromine wedding rings?	True	Wedding rings are typically made of precious shiny stones such as diamonds. Silicon is a solid rock like element at room temperature that has a natural lustre. Bromine is a liquid at room temperature that is toxic to the touch.	What state of matter is necessary for something to be worn as a ring at room temperature? What state of matter is bromine at room temperature? Is #2 the same as #1? If #3 is no, then a bromide wedding ring does not exist. What state of matter is silicon at room temperature? (see comment for #4)
2150	Ontology	study of the nature of being, becoming, existence or reality, as well as the basic categories of being and their relations	Does ontology require a scalpel?	False	A scalpel is used during surgery. Ontology is a philosophical domain, not a medical one.	What are the areas of focus of ontology? Where does a scalpel find application? Is #2 included in #1?
2151	Godzilla	Giant monster or kaiju	Is Godzilla's image likely grounds for a lawsuit in 2050?	False	The copyright for Godzilla is owned by Toho Company Limited. The first Godzilla film was released by Toho in 1954. Works that are significantly old enter the public domain and can be used without copyright permission. Godzilla will enter the public domain in the year 2049.	When can a copyrighted item be used without permission? In what year will Godzilla as a creative piece of work attain #1 status? Is #2 after 2050?
2152	Hyphen	Punctuation mark used to join words	Is Olivia Newton-John hyphenated celebrity name with most letters?	False	Olivia Newton-John has sixteen letters in her name. Actress Catherine Zeta-Jones has 18 letters in her name. Actor Joseph Gordon-Levitt has 18 letters in his name.	How many letters are in the name Olivia Newton-John? How many letters are in the name Catherine Zeta-Jones? How many letters are in the name Joseph Gordon-Levitt? Is #1 greater than both #2 and #3?
2153	Amazonas (Brazilian state)	State of Brazil	Does walking across Amazonas put a person's life at risk?	True	Amazonas is mostly tropical jungle. Tropical jungles contain dangerous creatures. Dangerous creatures put people's lives at risk.	What is the Amazons made up of? Does #1 contain anything dangerous? Does #2 put people's life at risk?
2154	Daytona 500	Auto race held in Daytona, Florida, United States	Will electric car struggle to finish Daytona 500?	True	The Daytona 500 is a 2.5 mile long race. The Daytona 500 requires 200 laps to complete. The best electric car engines last around 390 miles.	How long (in miles) is the Daytona 500 race? What is the maximum electric range (in miles) of the world's best selling electric car? Is #2 less than #1?
2155	Swastika	a geometrical figure and an ancient religious icon in the cultures of Eurasia and 20th-century symbol of Nazism	Are swastikas used in the most common religion in India?	True	The swastika is a religious symbol that is used in Hinduism, Buddhism, and Jainism. Almost 80% of people in India practice Hinduism.	Which religions use the swastika as a symbol? What is the most common religion in India? Is #2 included in #1?
2156	President of India	Ceremonial head of state of India	Is it more expensive to run for President of India than to buy a new iPhone 11?	False	Candidates for the presidency of India must pay a deposit of Rs 15,000 A brand new iPhone 11 costs Rs 67,300	How much must a candidate pay to run for president in India? How much does a new iPhone 11 cost? Is #1 more than #2?
2157	Rahul Dravid	Indian cricketer	Is it hard for Rahul Dravid to order food at a restaurant in Aurangabad?	False	Aurangabad is located in Maharashtra. Marathi is an Indo-Aryan language spoken predominantly by around 100 million Marathi people of Maharashtra, India. Rahul Dravid is fluent in Marathi.	What languages can Rahul Dravid speak fluently? In which state is Aurangabad located? What is the official language of #2? Is #1 exclusive of #3?
2158	Quantum mechanics	Branch of physics that acts as an abstract framework formulating all the laws of nature	Did Terry Pratchett write about quantum mechanics?	True	"“What're quantum mechanics?""  ""I don't know. People who repair quantums, I suppose.” ""Granny Weatherwax wouldn’t know what a pattern of quantum inevitability was if she found it eating her dinner. If you mentioned the words ‘paradigm of space-time’ to her she’d just say ‘What?’ But that didn’t mean she was ignorant. It just meant that she didn’t have truck with words, especially gibberish."""	What was Terry Pratchett's occupation? Which subject deals with the study of quantum mechanics? Is #2 a part of #1's job?
2159	Reza Shah	Shah of Iran, Founder of the Imperial state of iran	Did number of Imams Reza Shah believed in exceed number of Jesus's disciples?	False	Reza Shah, the founder of the Imperial state of Iran, was a Twelver Shia Muslim. Twelver Shia Muslims believe that there are 12 Imams. Jesus is typically represented as having 12 disciples.	What was the religion signature of Reza Shah? How many Imams do adherents of #1 believe in? How many disciples did Jesus have? Is #2 greater than #3?
2160	Final Fantasy VI	1994 video game	Does Final Fantasy VI require electricity to play?	True	Final Fantasy VI is a video game. Video games are played using a video game console and television. Video game consoles and televisions require electricity in order to function.	Which device(s) would be needed to play the video game Final Fantasy VI? Do any of #1 run on electricity?
2161	Newbie	slang term for a novice or newcomer	Would Dale Earnhardt Jr. be considered a newbie?	False	Dale Earnhardt Jr. is a Nascar racer with 19 years of experience. The average Nascar career length is 3.7 years.	What is a newbie? How many years has Dale Earnhardt Jr been a racer? Are #1 and #2 similar?
2162	Pelvis	lower part of the trunk of the human body between the abdomen and the thighs (sometimes also called pelvic region of the trunk	Is cycling a high-risk activity for pelvis fractures?	False	Cycling is a low-impact activity  Stress fractures in a pelvic bone often develop as a result of repetitive, high-impact activity that puts stress on the pelvis, such as long-distance running or ballet	What type of activity can result in stress fractures? Would cycling be considered #1?
2163	Anorexia nervosa	Eating disorder characterized by refusal to maintain a healthy body weight, and fear of gaining weight due to a distorted self image	Would a person with Anorexia nervosa be more likely to break a bone than a regular person?	True	People with Anorexia Nervosa restrict food and as a result lack essential nutrients. Many people with Anorexia Nervosa, are at high risk for osteoporosis(and to a lesser extent bulimia nervosa) will have low bone density and consequently reduced bone strength. People with Anorexia Nervosa, are at high risk for osteoporosis. 	What kind of eating behavior do people with anorexia nervosa exhibit? Does #1 lead to reduced bone strength?
2164	Jennifer Lawrence	American actress	Is Jennifer Lawrence's middle name similar to the name of a Scorsese collaborator?	True	Jennifer Lawrence's middle name is Shrader. Paul Schrader is a screenwriter and director. Paul Schrader wrote the screenplay for Taxi Driver, Raging Bull, The Last Temptation of Christ, and Bringing Out the Dead. Martin Scorsese directed Taxi Driver, Raging Bull, The Last Temptation of Christ, and Bringing Out the Dead.	What is Jennifer Lawrence's middle name? Who has collaborated with Scorsese? Does #2 include someone with #1 in their name?
2165	Ten-pin bowling	sport	Can a ten-pin bowling pin be a deadly weapon?	True	A regulation ten-pin bowling pin weighs around four pounds. The average rolling pin used in cooking weighs slighty over four pounds. A 2015 case covered in the BBC involved a rolling pin as the murder weapon.	How much does a ten-pin bowling pin weigh? What kind of pin has been used as a murder weapon? How much does #2 weigh? Is #3 roughly the same as #1?
2166	Parachuting	action sport of exiting an aircraft and returning to Earth using a parachute	Can parachuting amateurs ignore hurricane force winds bulletins?	False	A hurricane force wind warning is issued by the National Weather Service for winds above 74 mph  Solo student parachuters are prohibited from jumping in winds exceeding 14 mph	What's the minimum wind speed above which the National Weather Service issues hurricane force wind warnings? What's the maximum wind speed in which a solo student parachuter can jump? Is #2 greater than #1?
2167	Molière	17th-century French playwright and actor	Was Moliere Queen Margot's ill fated lover?	False	Queen Margot is a character in Alexande Dumas's La Reine Margot. Queen Margot keeps the head of her executed lover. Joseph Boniface de La Môle, nicknamed La Mole, was executed as a conspirator against Queen Margot's kingdom. Queen Margot is set during the St. Bartholomew's Day Massacre which occurred in 1572. Moliere was born in 1622.	In what work by Alexande Dumas does Queen Margot appear? When was #1 written? In what year was Moliere born? Is #3 before #2?
2168	Hypothermia	A human body core temperature below 35.0°C	Would you be more likely to die of hypothermia in New York than Florida?	True	Central New York Winters are between 12-30 degrees Fahrenheit. Florida winters are between 65 and 77 degrees Fahrenheit.	What is the typical temperature range of the coldest time of the year in New York? What is the typical temperature range of the coldest time of the year in Florida? Is #1 lower than #2?
2169	Nintendo	Japanese multinational consumer electronics company	Did original Nintendo have games in same format as Playstation 3?	False	Nintendo was originally released in 1983 and used games that were in a cartridge format. Sony Playstation 3 was released in 2006 and had games in a CD format.	What format were Nintendo games originally released in? What format were PlayStation 3 games released in? Is #1 the same as #2?
2170	Television	Telecommunication medium for transmitting and receiving moving images	Did the Democratic Party's nominee for President of the U.S. in 1908 watch TV?	False	William Jennings Bryan was the Democratic Party's nominee for President of the U.S. in 1908 William Jennings Bryan died Jul 26, 1925 Television was invented in 1927	Who was the Democratic Party's nominee for President of the U.S. in 1908? When did #1 die? When was the television invented? Is #3 before #2?
2171	Cuisine of Hawaii	Cuisine of Hawaii	Does the cuisine of Hawaii embrace foods considered gross in the continental US?	True	SPAM has a reputation for being an unpleasant dish in the continental US. SPAM is so popular in Hawaii that it has made it onto McDonalds menus. 	Does SPAM have a reputation as an unpleasant dish in the continental US? Does SPAM have a reputation as a pleasant dish in Hawaii? Are #1 and #2 positive?
2172	2010 United Kingdom general election	election of members to the House of Commons in 2010	Did John Kerry run in the 2010 United Kingdom general election?	False	John Kerry is an American citizen and politician Only citizens of the UK, Ireland or a Commonwealth nation are eligible to run in the United Kingdom general elections	In order to run in the UK general election, a person must be a citizen of one of which countries?  John Kerry is a citizen of what country? Is #2 listed in #1?
2173	One Thousand and One Nights	Collection of Middle Eastern stories and folk tales compiled in Arabic during the Islamic Golden Age	Was The Canterbury Tales written before One Thousand and One Nights?	False	One Thousand and One Nights was compiled during the Islamic Golden Age. The Islamic Golden Age lasted from 800 AD to 1258 AD. The Canterbury Tales was written in 1392.	When were the The Canterbury Tales written? When was One Thousand and One Nights written? Which years are included in #2? Is #1 before #3?
2174	Fibonacci number	integer in the infinite Fibonacci sequence	Is the Fibonacci number sequence longer than every number discovered in Pi?	True	The Fibonaacci number is a sequence of numbers that adds a number to the one before it and goes on forever. Pi is a sequence of numbers and 2.7 trillion digits were discovered in 2010.	How many numbers are in Pi? How many numbers are in the Fibonacci number sequence? Is #2 larger than #1?
2175	Lionel Richie	American singer-songwriter, musician, record producer and actor	Does  Lionel Richie believe in holistic medicine?	True	Lionel Richie suffered prolonged throat problems and had surgery four times in four years before being told by conventional doctors that he could lose his singing career.  Lionel Richie finally turned to a holistic doctor who said that the problem was simply acid reflux caused by foods he was eating before going to bed.	Which doctor diagnosed Lionel Richie satisfactorily after he had surgeries for a prolonged throat problem? Is #1 a holistic doctor?
2176	Judo	modern martial art, combat and Olympic sport	Would a Germaphobia be able to participate in Judo?	False	Germaphobia is a term used by psychologists to describe a pathological fear of germs, bacteria, microbes, contamination and infection. If you’re training Judo, you will also find yourself getting into close proximity to the people you are training with, and rolling around on matted floors too.  Additionally, you will sweat and roll around on a shared mat when practicing judo.	What are some common symptoms of Germaphobia? What kind of contact and actions does judo training involve? Is avoidance of #2 not included in #1?
2177	Superman	Fictional superhero	Did villain that killed Superman murder Robin?	False	Superman was killed by the villain Doomsday in Superman #75. Robin is killed by The Joker in the Batman comics.	Who was Superman killed by? Who was Robin killed by? Is #1 the same as #2?
2178	Ocelot	Small wild cat	Is an ocelot a good present for a kindergartener?	False	An ocelot is a small wild cat native to South America, Mexico, and the southern US. Ocelots are carnivores that hunt other animals and are aggressive, and strong for their size. Kindergarteners are usually 5 years old and weigh around 39 pounds.	What is the behavior and social nature of an ocelot? Is #1 suitable for kindergartners considering their age?
2179	Missionary	member of a religious group sent into an area to do evangelism	Were the first missionaries required to attend mass on Sundays?	True	"The word ""mission"" originates from 1598 when the Jesuits sent members abroad. Jesuits are a Roman Catholic order of religious men The Roman Catholic religion requires members to attend mass on Sundays"	What religion were the first missionaries? Does #1 require mass attendance?
2180	Donald Duck	Disney cartoon character	Will Donald Duck hypothetically purchase bell-bottoms for himself?	False	Bell-bottoms were a style of pants that were popular in the 60s and 70s. Donald Duck is an animated Disney character that never wears pants.	What article of clothing are bell-bottoms? What articles of clothing does Donald Duck wear? Is #1 listed in #2?
2181	Christina Aguilera	American singer, songwriter, actress, and television personality	Was Christina Aguilera born in the forgotten borough?	True	"Christina Maria Aguilera was born on December 18, 1980, in Staten Island, New York. Staten Island has sometimes been called ""the forgotten borough"" by inhabitants who feel neglected by the city government."	Where was Christina Aguilera born? What place is known as the forgotten borough? Is #1 the same as #2?
2182	Heart failure	condition in which the heart is unable to provide sufficient pump action	Would ramen be bad for someone with heart failure?	True	People with heart failure have to limit their sodium intake. Ramen is notorious for having incredibly high sodium levels. 	What is the recommended maximum daily sodium allowance for someone with heart failure? How much sodium is in a bowl of ramen? Is #2 greater than #1 divided by three?
2183	Ohio University	public university in Athens, Ohio, United States	Would the current president of Ohio University hypothetically wear a jockstrap?	True	The current president of Ohio University is Duane Nellis. Duane Nellis is a man. A jockstrap is an undergarment for protecting the testes and penis during cycling, contact sports or other vigorous physical activity. The testes and penis are the sexual organs of men.	Which gender wears jockstrap? Who is the current President of Ohio University? Does #2 identify with the gender #1?
2184	Mile	Unit of length	Would an Olympic athlete be tired out after running a mile?	False	The Olympic standard for men in running one mile is 4 minutes, 19 seconds.  The Olympic standard for women in running one mile is at least 4 minutes and 40 seconds. 	What is the Olympic standard time in running one mile for men? What is the Olympic standard time in running one mile for women? Is #1 or #2 a very long period of time?
2185	Swallow	family of birds	Can an ostrich fit into the nest of a swallow?	False	Swallows weigh less than an ounce. An ostrich can weigh over 200 pounds.	How much does a swallow weigh? How much does an ostrich weigh? Is #2 within 20% of #1?
2186	Daytona 500	Auto race held in Daytona, Florida, United States	Did Dale Jr hug his dad after their last Daytona 500 together?	False	Dale Jr. and his father Dale Sr. last raced together at the Daytona 500 in 2001. During the 2001 Daytona 500 Dale Sr. suffered a basilar skull fracture and died. 	Which race did Dale Jr and his father participate in last together? Which notable incident took place during #1? Was Dale Jr.'s father well enough to hug his son after #2?
2187	Wednesday	Day of the week	Did Wednesday have something to do with Thor?	True	Wednesday is the middle of the modern work week and comes from the name Wodan. The Germanic god Woden is also known as Wodanaz or Odin. Odin, in Norse mythology, was the father of Thor.	Which Germanic god is the name 'Wednesday' etymologically related to? Is #1 related to Thor?
2188	Autumn	one of the Earth's four temperate seasons, occurring between summer and winter	Is Autumn a good time to collect bear pelts in US?	False	Autumn runs from September to the end of December in the US. Bears go into hibernation from September through April and are scarcely seen.	What months does Autumn occur in the US? Where do bear pelts come from? What months can #2 be easily seen in the US? Do #1 and #3 overlap?
2189	Lil Wayne	American rapper, record executive and actor from Louisiana	Will AC/DC album sales buy more B-52 bombers than Lil Wayne's?	True	The B-52 bomber plane cost 60 million dollars in 2018. AC/DC has sold over 200 million albums. Lil Wayne has sold 120 million records worldwide.	How much does one B-52 bomber cost? How much is AC/DC worth due to the sales of their albums? Lil Wayne has made how much from his album sales? Is #2 more than both #1 and #3?
2190	Mount Sharp	mountain on Mars	Do mountain goats inhabit the summit of Mount Sharp?	False	Mountain goats are animals Animals require oxygen in order to live Mount Sharp is located on Mars The atmosphere of Mars contains only trace amounts of oxygen	Where is Mount Sharp located? Does #1 have enough atmospheric oxygen to support the life of animals, such as mountain goats?
2191	Larry King	American television and radio host	Could Larry King's marriages be counted on two feet?	True	The typical person has 10 toes spread across their two feet. Larry King has been married 8 times. You can count each marriage on each toe.	How many times has Larry King been married? How many toes do most people have? Is #2 at least as much as #1?
2192	Gladiator	combatant who entertained audiences in the Roman Republic and Roman Empire	Were gladiators associated with the Coloseum?	True	The Colosseum was a stadium in the ancient city of Rome, large by even today's standards. During the Roman era, it was primarily used to host large spectacles including gladiatorial combat, mock battles, and executions.	What kind of building was the Colosseum and which city did it exist in? In the era of #1, which kind of events were held in such buildings? Did any of #2 involve gladiators?
2193	Pink (singer)	American singer, songwriter, and actress	Are there Pink music videos that are triggering for eating disorder patients?	True	The video for 'Stupid Girls' features a scene where Pink and a woman share a toothbrush to induce vomiting in the bathroom. Images or discussion of purging activity can be triggering for people with Eating Disorders.	What are the depictions in Pink's music video 'Stupid Girls'? What are some situations that can be triggering for people with eating disorders? Are any of #2 included in #1?
2194	Rupert Murdoch	Australian-born American media mogul	Does Rupert Murdoch's alma mater have more history than the USA?	True	Rupert Murdoch's alma mater is Worcester College. Worcester College was founded in 1714. The first documented use of the term the United States of America was in a January 2, 1776 letter.	What is Rupert Murdoch's alma mater? When was #1 founded? When was the United States founded? Is #2 prior to #3?
2195	Ubuntu	Linux distribution based on Debian	Do the Ubuntu people speak Ubuntu?	False	Ubuntu is a of free and open-source software used on computers. The Ubuntu people are a tribe that lives in Africa. The Ubuntu people derive their language from Nguni Bantu. As of 2019 only 10% of households in Africa have a computer.	What is Ubuntu? Can people speak #1?
2196	Space Race	Competition between the USSR and the USA to explore space	Did Al Unser Jr. win the Space Race?	False	Al Unser Jr. is a race car driver The Space Race was the competition between the Soviet Union and United States over space exploration	What two entities were part of the Space Race? Is Al Unser Jr. either of #1?
2197	Miami	City in Florida, United States	Can native wolverines be found in Miami?	False	Wolverines are native to northern boreal forests Miami is not a northern boreal habitat	What is the native range of wolverines? What state is Miami located in? Is #2 included in #1?
2198	Paparazzi	profession	Were paparazzi involved in the death of a member of the royal family?	True	Diana Spencer was being pursued by paparazzi when her vehicle was involved in a fatal accident. Diana Spencer was known as 'Princess Diana' and was the Princess of Wales.	What were the circumstances surrounding the death of Diana Spencer? Is Diana Spencer a member of the royal family? Was paparazzi involved in #1? Are #2 and #3 positive?
2199	Moon Jae-in	President of South Korea	Was Moon Jae-in born outside of Khanbaliq?	True	Khanbaliq was the winter capital of the Mongol Empire.  Khanbaliq was located at the center of what is now modern day Beijing, China. Moon Jae-In was born in Geoje, South Korea.	Where was Moon Jae-in born? What is the modern day location of Khanbaliq? Is #1 different from #2?
2200	Greyhound	Dog breed used in dog racing	Can a greyhound walk on two legs?	False	Greyhounds are dogs. Dogs walk on four legs. 	What type of animal is a greyhound? Does #1 walk on two legs?
2201	Sloth	tree dwelling animal noted for slowness	Do moths that live on sloths have family dinners?	False	Algae grows on sloths Sloth moths feed on algae that grows on sloths Sloth moth caterpillars feed on sloth dung  Sloths defecate far from their ususl abode	What do sloth moths enjoy eating from the body of sloths? Where is #1 found on the sloth? What do baby or caterpillar sloth moths enjoy eating from the body of sloths? Where is #3 found relative to the sloth? Is #2 found in the same location as #4?
2202	New Year's Day	Holiday	Do Jehovah's Witnesses celebrate day before New Year's Day?	False	The Day before New Year's Day is New Year's Eve. Jehovah's Witnesses do not celebrate holidays, citing in many cases that they have pagan origins. New Year's has origins in pagan Babylonia.	Which holidays do Jehovah's Witnesses refrain from celebrating or participating in? What is the day before New Year's Day known as? Is #2 included in #1?
2203	Caracal	Small wild cat	Would a caracal be defeated by Javier Sotomayor in a high jump competition?	False	The caracal can leap higher than 12 feet in the air. Javier Sotomayor is the current men's high jump record holder with a jump of 2.45 m (8 ft 1⁄4 in).	How high was Javier Sotomayor's highest jump? How high are caracals known to jump? Is #1 greater than #2?
2204	Karaoke	form of entertainment involving singing to recorded music	Were karaoke and the turtle power tiller patented in the same country?	True	Roberto L. del Rosario holds the patent for the karaoke system del Rosario is Filipino Magdalena Smith Villaruz patented the turtle power tiller Villaruz is Filipino 	Who is the patent holder of the karaoke system? Which country is #1 from? Who patented the turtle power tiller? Which country is #3 from? Is #2 the same as #4?
2205	Guru	"A ""teacher, guide, expert, or master"" in Sanskrit"	Is Kim Kardashian a guru?	False	A guru is a teacher or guide, particularly a spiritual one. Kim Kardashian is a socialite and a model.	What makes someone a guru? Does Kim Kardashian satisfy all the conditions of #1?
2206	Conducting	Directing a musical performance by way of visible gestures	Do solo pianists require a conductor?	False	Conductors direct a group of musicians by ensuring they all keep the same beat and place in the music. A solo pianist performing alone can keep their own pace.	What is the minimum number of music performers that would need a conductor? Is #1 less than or equal to the number in a solo performance?
2207	Shaggy (musician)	Reggae singer and former U.S. Marine	Would Shaggy and Redenbacher popcorn founder both raise hand during first name roll call?	True	Roll call is when teachers call the names of students and they raise their hand to show they are present. The founder of Redenbacher popcorn was Orville Redenbacher. Reggae musician Shaggy was born Orville Richard Burrell.	What is the first name of the person who founded Redenbacher popcorn? What is the first name of Reggae musician Shaggy? Is #1 the same as #2?
2208	Moustache	Facial hair grown on the upper lip	Has a baby ever had a moustache?	True	When babies are in the womb, many have hair known as lanugo. Lanugo is unpigmented, downy hair that is sometimes found on the body of fetuses and babies. Lanugo can grow anywhere on a baby's body but is usually shed before the baby is born and is reabsorbed by the mother.	What kind of hair does a baby have when it is in the womb? Can #1 grow anywhere on the body?
2209	Metallica	American heavy metal band	Did the original lead guitarist of Metallica fail after parting from the band?	False	Metallica's original lead guitarist was Dave Mustaine. Dave Mustaine was fired from Metallica in 1983. Dave Mustaine formed the band Megadeth in 1983 and is the lead vocalist. Megadeth has sold over 38 million records worldwide.	Who was the original lead guitarist of Metallica? What band did #1 start after leaving Metallica? Is #2 an unsuccessful band?
2210	John Muir	Scottish-born American naturalist and author	Would John Muir not likely have a vitamin D deficiency?	True	John Muir frequently spent time exploring various places in nature. Spending time in nature increases your exposure to sunlight. Skin exposure to sunlight increases vitamin D levels in the body.	What is the most common cause of vitamin D deficiency? What was the nature of John Muir's life's work? Does #2 ensure that he does not experience #1?
2211	Monogamy	Relationship form where each individual has only one partner during their lifetime or at any one time	Did Thomas Greenhill's parents violate the concept of monogamy?	False	Thomas Greenhill was a surgeon born to William and Elizabeth Greenhill. William and Elizabeth Greenhill had 39 children. Monogamy is a committed relationship between two people where usually they remain together for life. Thomas Greenhill was the last of his parents 39 children and was born shortly after his father died.	Who was Thomas Greenhill's father? How many wives did #1 marry in his lifetime? Is #2 greater than one?
2212	World of Warcraft	video game by Blizzard Entertainment	Is World of Warcraft heavier than a loaf of bread?	False	World of Warcraft is a piece of software. Software is digital. Digital items do not have weight. 	What does World of Warcraft refer to? Is #1 a tangible item that has weight?
2213	Bull shark	Species of fish	Is the bull shark more bull than shark?	False	The bull shark is a fish species that lives in warm shallow waters along coasts and rivers. Bull sharks feed on bony fish and other smaller sharks. A bull is an adult male mammal that lives on land. Bulls feed on plants located on land.	What is the main diet of bulls and where do they find their food? What is the main diet of sharks and where do they find their food? What is the main diet of bull sharks and where do they find their food? Is #3 more similar to #1 than to #2?
2214	Liberty Bell	bell that serves as a symbol of American independence and liberty	Will a Holstein cow and the Liberty Bell balance out a giant scale?	False	The Liberty Bell weighs 2,080 pounds. A mature Holstein cow weighs around 1,500 pounds.	What is the average weight of a mature Holstein cow? What is the weight of the Liberty Bell? Is #1 closely the same as #2?
2215	Citrus	genus of fruit-bearing plants (source of fruit such as lemons and oranges)	Can citrus grow in Ulaanbaatar?	False	Citrus can withstand short periods down to as cold as −10 °C (14 °F), but realistically temperatures not falling below −2 °C (28 °F) are required for successful cultivation. Ulaanbaatar has an average annual temperature of −0.4 °C or 31.3 °F.	What climates are suitable for growing citrus? What is the climate of Ulaanbaatar? Is #2 similar to #1?
2216	Snow leopard	species of mammal	Can a snow leopard swim?	True	except for giraffes and apes, all four legged mammals can swim a snow leopard is a mammal snow leopards have four legs	Is a snow leopard a four legged mammal?
2217	LinkedIn	Social networking website for people in professional occupations	Are LinkedIn and LeafedIn related companies?	False	LinkedIn successfully sued LeafedIn for their choice of name. LeafedIn changed their company name to LeafedOut	Who owns LinkedIn? Who owns LeafedIn? IS #1 the same as #2?
2218	Dance	A performing art consisting of movement of the body	Is waltz less injurious than slam dance?	True	The waltz is a rhythmic dance performed in triple time by a couple. A slam dance is a type of dance in which leaping dancers collide against each other.	What kinds of body movements are involved in waltz? What kinds of body movements are involved in slam dance? Is #1 less likely to cause injuries than #2?
2219	Squid	order of molluscs	Is one blast from double-barreled shotgun likely to kill all squid brains?	False	A double-barreled shotgun fires two rounds in one single blast. Squids have three brains.	How many rounds are fired in one blast from a double-barreled shotgun? How many brains do squid have? Is #1 greater than or equal to #2?
2220	Viscosity	Resistance of a fluid to shear deformation	Is viscosity unimportant in making jello shots?	False	Jello shots are a combination of alcohol and jello to create an edible intoxicant.  If the liquid for the Jello shots has too low a viscosity, it will not become a semi-solid. 	What are the ingredients used in making jello shots? Which properties of liquids among #1 are important for good results? Is viscosity not included in #2?
2221	Earth Day	Annual event on 22 April	Is Earth Day celebrated in summer?	False	Earth Day is celebrated on April 22. Summer runs from about June 20 to September 20.	What is summer? What is the date of Earth day? Is #2 in #1?
2222	Metroid	Video game series	Did Electronic Arts profit from Metroid sales?	False	Metroid was created and published by Nintendo. Electronic Arts is a video game company that is a competitor to Nintendo. Companies cannot profit of the work owned by another company typically. Companies do not typically share profits with their competitors.	What company created and published Metroid? What is the relationship between #1 and Electronic Arts? Do two entities engaged in #2 directly benefit each other?
2223	Smooth jazz	category of music	Are you likely to hear Rammstein playing in smooth jazz clubs?	False	Smooth jazz is a combination of jazz with easy-listening pop music and lightweight R&B. Smooth jazz began in the United States in the 1970s. Rammstein is a German band that plays heavy metal music.	What kinds of music is played at a smooth jazz club? What kinds of music does Rammstein play? Is there an overlap between #1 and #2?
2224	New Testament	Second division of the Christian biblical canon	Would a kindergarten teacher make a lesson of the New Testament?	False	The majority of Kindergarten teachers work in public schools. Public schools abide by a separation of church and state, and do not have any overall religion. Students of all religions are welcome to attend public school.	Where do the majority of kindergarten teachers work? Do students in #1 follow a paritcular religion?
2225	Moon Jae-in	President of South Korea	Did Moon Jae-in earn the Abitur as a teenager?	False	Moon Jae-in attended high school in South Korea. The Abitur is a qualification granted by university-preparatory schools in Germany, Lithuania, and Estonia.	Which countries' schools award Abitur to their students? Which country did Moon Jae-in school in as a teenager? Is #2 included in #1?
2226	French toast	bread soaked in beaten eggs and then fried	Can French Toast hypothetically kill a Lannister?	True	The Lannister's are a wealthy family in the Song of Ice and Fire book series. French Toast is made from bread dipped in an egg batter. Salmonella is a deadly bacteria that can be carried by spoiled eggs.	What are the ingredients in French toast? Which things in #1 can spoil? What diseases can be carried by spoiled #2? What species are susceptible to #3? Are the Lannisters members of a species listed in #4?
2227	Agnosticism	view that the existence of any deity is unknown or unknowable	Can a believer in agnosticism become pope?	False	The pope is the head of the Catholic Church. The pope is required to be a devout follower of Christ. Popes preach about the teachings of Christ and the belief in one god. Agnostics do not acknowledge the existence of god and instead state that no one knows if there is a god or not.	What do agnostics believe about the existence of God? Which religious group does a pope head? What are the beliefs held by #2 concerning God's existence? Is #1 in agreement with #3?
2228	Ronda Rousey	American professional wrestler, actress, author, mixed martial artist and judoka	Will Ronda Rousey hypothetically defeat X-Men's Colossus in a fight?	False	Ronda Rousey is a mixed martial artist and wrestler. Ronda Rousey relies on striking moves and submission tactics to dominate her opponents. X-Men's Colossus has the ability to change his appearance. Colossus's mutation allows him to create an organic steel layer, that acts as an impenetrable external shell.	What type of profession is Ronda Rousey in? What moves do #1 use to beat their opponents? What special ability does X-men have? Can someone with #2 easily beat someone with #3?
2229	Brewing	production of beer	Can brewing occur in a prison environment?	True	Pruno is a product made almost exclusively in prisons. Pruno is a fermented beverage that is made of fruit to produce alcohol.	What is Pruno? Where is #1 made? Is #2 same as prison?
2230	Wheelchair	chair with wheels, used by people for whom walking is difficult or impossible due to illness, injury, or disability	Do American wheelchair users know what the ADA is?	True	The ADA is the Americans with Disabilities Act. Non-ADA compliant businesses include those without wheelchair access points.	Which areas of interest are affected by the ADA? Is any of #1 of particular interest to wheelchair users in America?
2231	Family of Barack Obama	List of members of the family of Barack Obama	Does Lupita Nyongo have citizenship in paternal Family of Barack Obama's origin country?	True	Actress Lupita Nyongo has dual citizenship in Kenya and Mexico. Barack Obama's father was born in Nyang’oma Kogelo, Rachuonyo District, Kenya Colony. Barack Obama's father was a Kenyan of the Luo tribe.	In what nations does Lupita Nyongo have citizenship? Who is Barack Obama's father? In what nations does #2 have citizenship? Is at least one country in #1 also found in #3?
2232	Amy Winehouse	English singer and songwriter	Did Amy Winehouse always perform live perfectly?	False	Amy Winehouse was known for getting intoxicated before an during sets. Amy Winehouse forgot the lyrics to her songs during her last performance.	Is Amy Winehouse known for always being sober and coordinated on stage?
2233	Equator	Intersection of a sphere's surface with the plane perpendicular to the sphere's axis of rotation and midway between the poles	Is most coffee produced South of the Equator?	True	The countries with the highest coffee production are in South America. Almost all of South America is in the Southern Hemisphere.	Which countries produce the most coffee? Which hemisphere are most of #1 located? Is #2 south of the equator?
2234	New Mexico	U.S. state in the United States	Is the largest city in New Mexico also known as Yootó?	False	Yootó stands for Bead Water Place. The area Santa Fe occupied was known by the Navajo people as Yootó. The largest city in New Mexico is Albuquerque.	What is the largest city in New Mexico? Is #1 known as Yootó?
2235	Tongue	mouth organ that tastes and facilitates speech	Is the tongue part of a creature's head?	True	A creature's tongue is inside its mouth. A creature's mouth is part of its head.	In what body part is the tongue located? Is #1 located in the head?
2236	Rush Limbaugh	American radio talk show host, commentator, author, and television personality	Does Coast to Coast AM have more longevity than the Rush Limbaugh show?	True	As of 2020, The Rush Limbaugh Show has been on the airwaves since 1988. As of 2020, Coast to Coast AM has been on the airwaves since 1984.	When did the Rush Limbaugh show first air? When did Coast to Coast AM first air? Is #2 before #1?
2237	E.T. the Extra-Terrestrial	1982 American science fiction film directed by Steven Spielberg	Is the E.T. the Extra-Terrestrial Atari Landfill story an urban legend?	True	An urban legend is a humorous or horrifying story based on hearsay that is circulated as true. E.T. the Extra Terrestrial was panned as one of the worst video games ever made. A widespread story stated that thousands of copies of E.T. the Extra Terrestrial video game were buried in a landfill A former Atari manager stated that 728,000 Atari games were in fact buried in a landfill. The Atari landfill was dug up and nearly 900 games were recovered, but there was only one copy of E.T. included.	Was what the widespread landfill rumor concerning copies of E.T. the Extra Terrestial video game? When the landfill was dug up, were the claims in #1 found to be false? Considering #2, does the rumor fit the description of an urban legend?
2238	Argon	Chemical element with atomic number 18	Can you chew argon?	False	Chewing is the act of breaking down solid objects with your teeth Under normal conditions, argon exists as a gas	What kind of substance is argon? Do humans usually chew #1?
2239	Alice's Adventures in Wonderland	book by Lewis Carroll	Would a Jehovah's witness approve of Alice's Adventures in Wonderland?	False	Jehovah's Witness is a religious group that strictly forbids tobacco and smoking. A prominent character in Alice's Adventures in Wonderland, the caterpillar, blows rings of smoke from a large pipe.	What are Jehovah's Witnesses? What items do #1's forbid? In Alice's Adventures in Wonderland, what is the caterpillar seen doing with a pipe? Is #2 different from #3?
2240	Santa Claus	Folkloric figure, said to deliver gifts to children on Christmas Eve	Does Santa Claus hypothetically give Joffrey Baratheon presents?	False	Santa Claus is a figure in folklore that gives good children presents and bad children coal. Joffrey Baratheon is a character in the Game of Thrones TV series. Joffrey is a young royal that has a man's tongue cut out. Joffrey shoots his crossbow into the flesh of innocent people for his amusement.	What kind of children would Santa Claus give presents to? What is Joffrey Baratheon's character like? Do #1 usually exhibit #2?
2241	Lapidary	gemstone cutter	Does a lapidary work with items that are studied by geologists?	True	Some of the things geologists study include gemstones, minerals, and stone Lapidarists work with stone, minerals and gemstones	What are the materials a lapidary works with? What do geologists study? Is any of #1 derived from #2?
2242	The Great Gatsby	1925 novel by F. Scott Fitzgerald	Was The Great Gatsby inspired by the novel 1984?	False	The Great Gatsby was published in 1925. The novel 1984 was published in 1949.	When was the Great Gatsby published? When was 1984 written? Is #2 before #1?
2243	Tibia	larger of the two bones of the leg below the knee for vertebrates	Is the tibia required for floor exercises?	True	The tibia is a bone in the lower leg Floor exercises are a program in gymnastics competitions Gymnastics requires use of arms and legs, as well as other parts of the body	What sport are floor exercises part of?   What body parts does #1 require? What part of the body part is the tibia? Is #3 in #2?
2244	Europa (moon)	The smallest of the four Galilean moons of Jupiter	Is Europa linked to Viennese waltzes?	True	Europa is a moon of Jupiter Europa played an important role in Stanley Kubrick's film 2001: A Space Odyssey The soundtrack to 2001: A Space Odyssey prominently featured The Blue Danube The Blue Danube is a famous Viennese waltz composed by Johan Strauss II	Which moon of Jupiter played an important role in the film '2001: A Space Odyssey'? Is #1 Europa? Which soundtrack was prominently featured in the movie? Is #3 a Viennese waltz? Are #2 and #4 positive?
2245	Cholera	Bacterial infection of the small intestine	Is a platypus immune from cholera?	True	Cholera is a bacteria that damages the small intestines in humans. The intestines are part of the stomach of humans. A platypus does not have a stomach.	What parts of the body does Cholera damage? Does a platypus not have #1?
2246	Jerry Seinfeld	American comedian and actor	Did Jerry Seinfeld have reason to cheer in 1986?	True	Jerry Seinfeld is a fan of the New York Mets baseball team The New York Mets won a World Series title in 1986	"Do fans cheer if their team wins? Is Jerry Seinfeld a NY Mets fan? Did the NY Mets win the World Series in 1986? Is #1, #2 and #3 ""yes""?"
2247	Anchovy	Family of fishes	Are there bones in an anchovy pizza?	True	Anchovies used on pizza are typically packed whole in oil or water.  Anchovies on pizza are not usually cut or filleted in any way.	Which fishes are used in anchovy pizza? Are #1 usually packed whole into the pizza?
2248	John the Baptist	1st-century Jewish preacher and later Christian saint	Would John the Baptist be invited to a hypothetical cephalophore reunion in heaven?	False	John the Baptist was a preacher that became a Catholic Saint. John the Baptist was beheaded by king Herod. A cephalophore is a Saint martyred by beheading, and is depicted in art as carrying their own head. Saint Denis was one of several beheaded saints that is said to have carried his own head and is depicted as such in art. John the Baptist did not carry his head, since it was on a plate owned by King Herod's stepdaughter.	What does one carry for one to be considered a cephalophore? Did John the Baptist carry #1?
2249	Common carp	Species of fish	Are common carp sensitive to their environments?	False	Common carp are a type of fish. Common carp are considered a destructive invasive species.  Common carp are tolerant of most conditions.  Common carp are able to survive frozen over ponds and low oxygenated waters. 	What kinds of environments are common carp native to? What kinds of environments have common carp expanded into? Do #1 and #2 include similar climate conditions?
2250	Douglas fir	species of tree	Have Douglas fir been used to fight wars?	True	Douglas fir are a type of tree. Douglas fir are used to make ships. The Minesweeper is a small warship made from Douglas fir. The Minesweeper was made of wood to reduce it's risk magnetic signature and likely hood of detonating mines.	What are the uses of Douglas Fir? Does #1 include vehicles of war?
2251	Ludacris	American rapper and actor	Can you watch the Borgia's World of Wonders before Ludacris's Release Therapy finishes?	True	World of Wonders is an episode of the Showtime TV series The Borgias, with a run time of 49 minutes. Ludacris's 2006 album Release Therapy has a run time of 62 minutes.	What is the run time of  the Borgia's World of Wonders? What is the run time of  Ludacris's Release Therapy? Is #1 shorter than #2?
2252	Winter	one of the Earth's four temperate seasons, occurring between autumn and spring	Is winter solstice in Northern Hemisphere closer to July than in Southern Hemisphere? 	False	The winter solstice in the Northern Hemisphere happens in December. The winter solstice in the Southern Hemisphere happens in June.	When does the winter solstice occur in the Northern Hemisphere? When does the winter solstice occur in the Southern Hemisphere? How many days are in between #1 and July? How many days are between #2 and July? Is #4 greater than #3?
2253	Traffic collision	occurs when a vehicle collides with another vehicle, pedestrian, animal, road debris, or other stationary obstruction, such as a tree, pole or building or drives off the road	Can a traffic collision make someone a millionaire?	True	Traffic collisions sometimes result in extremely expensive physical damage. Physical damage is compensated by insurance companies in the form of monetary payment. Million dollar verdicts are sometimes awarded for traffic collisions that result in major damage. 	What can kind of damage can traffic collisions cause? If #1 occurs, how would insurance companies react? Can #2 sometimes occur in a million dollar verdict?
2254	Deciduous	Trees or shrubs that lose their leaves seasonally	Are Christmas trees typically deciduous?	False	Christmas trees are almost always pine trees. Christmas trees are green all year round. 	What types of trees are used as Christmas trees? Are any of #1 deciduous?
2255	Swan Lake	Ballet by Pyotr Ilyich Tchaikovsky	Can you drown in a Swan Lake performance?	False	Drowning is defined as respiratory impairment as a result of being in or under a liquid. Swan Lake is not a body of water, but rather an example of performance dance.	What is a necessary condition for drowning? Does Swan Lake possess #1?
2256	Spaghetti	Type of pasta	Is it unusual to eat spaghetti without a fork?	True	Spaghetti noodles are long and thin, they are difficult to scoop and must be twirled. Spaghetti is never served in a restaurant without a fork.	Is Spaghetti usually eaten using a fork?
2257	Narcissism	Personality trait of self love of a fake perfect self.	Is narcissism's origin a rare place to get modern words from?	False	Narcissism comes from the ancient Greek story of Narcissus, who fell in love with his own reflection. Aphrodisiac comes from stories about the ancient Greek goddess Aphrodite. Europe comes from Europa, an ancient Greek princess. The word stygian relates to the river of Hades in Greek mythology. Hypnosis comes from Hypnos, the Greek god of sleep.	"From what culture does the word ""narcissism"" come?  What percent of English words come from #1? Is #2 small enough to be considered ""rare""?"
2258	Kobe	Designated city in Kansai, Japan	Is Kobe's famous animal product used in a BLT?	False	Kobe's famous animal product is Kobe beef. The animal product used in a BLT is bacon. Beef is derived from cows. Bacon is derived from pigs.	What animal product is Kobe, Japan most famous for? What animal product comes is used in a BLT? What animal does #1 come from? What animal does #2 come from? Is #3 the same as #4?
2259	Chinese Americans	Ethnic group	Do Chinese Americans face discrimination at a Federal level in the US?	True	The President of the United States frequently referred to the COVID-19 pandemic as a 'Chinese Virus' and 'Kung Flu', encouraging the use of derogatory language towards Chinese Americans. The President of the United States has not called for the violence and hate towards Chinese Americans in response to COVID-19 to end.	Who is the head of the US Federal Government? Does #1 behave in a discriminatory way toward Chinese Americans?
2260	Asteroid	Minor planet that is not a comet	Could largest asteroid crush a whole city?	True	The largest asteroids are the size of miniature planets. Mercury is the smallest planet and has a radius of 1,516 miles. New York City is 13.4 miles long and 2.3 miles wide.  Mercury weighs 3.285 × 10^23 kg.	What is the size of the largest asteroid? What is the size of New York City? Is #1 bigger than #2?
2261	Sand cat	Small wild cat	Can you hide a basketball in a sand cat's ear?	False	The diameter of a standard NBA basketball is around 9.5 inches A sand cat's ear grows to 2.8 inches tall	On average, how large is a sand cat's ear? What is the size of a standard NBA basketball? Is #1 greater than #2?
2262	Evander Holyfield	American boxer	Did Mike Tyson do something very different than McGruff's slogan to Evander Holyfield in 1997?	False	"McGruff was an animated dog spokesman for the National Crime Prevention Council. McGruff's slogan was, ""Take a bite out of crime."" Mike Tyson was disqualified in a 1997 boxing bout against Evander Holyfield for taking a bite out of his ear."	What is the slogan of McGruff? What did Mike Tyson do to Evander Holyfield during their match? Is #2 an action that occurs in #1?
2263	Mona Lisa	Painting by Leonardo da Vinci	After viewing the Mona Lisa, could you get lunch nearby on foot?	True	The Mona Lisa is housed in The Louvre. There are many restaurants within walking distance of The Louvre.	Where is the Mona Lisa located? Is #1 a place likely to have at least a restaurant/hotel nearby?
2264	Aloe	genus of plants	Do all parts of the aloe vera plant taste good?	False	There is a layer of yellow latex liquid between the outside of an aloe leaf and the gel inside. The latex inside aloe tastes very bitter.	How do the various parts of the Aloe vera taste? Is all of #1 pleasant?
2265	Fever	common medical sign characterized by elevated body temperature	Is a fever cured by listening to a cowbell?	False	A fever is an increase in body temperature above the normal range Fever can be treated with medication or will usually disappear if left alone A cowbell is a musical instrument	What are some common ways of treating a fever? Is listening to a cowbell included in #1?
2266	Saint Kitts and Nevis	country in Central America and Caribbean	Are brown rock fish found in the waters surrounding Saint Kitts and Nevis?	False	Saint Kitts and Nevis is located in the Caribbean Sea and Atlantic Sea Brown rock fish are found in the Pacific Ocean	What waters surround Saint Kitts and Nevis? In what body of water are brown rock fish found? Is #1 the same as #2?
2267	Welfare	Means-oriented social benefit	Do Republicans reject all forms of welfare?	False	Welfare is all of the social programs that provide benefits to citizens for little or no money. Republicans have traditionally voted against welfare benefits in the form of food stamps and medicaid expansion. Public roads are a form of welfare since people are not required to build their own road each time they need to get to work.	What welfare policies are on the Republican platform? Are government-funded public works absent from #1?
2268	Old English	Early form of English; Anglo-Saxon	Did the confederate states speak Old English before the Civil War?	False	Old English is the earliest form of English during the middle ages. Modern English replaced old English during the seventeenth century. American English was created and spoken during the formation of the first US colonies.  The civil war started in 1861, and was a war between the northern states and southern states. 	In approximately which years was Old English spoken? In which years did the Confederate States exist?  Was any part of #2 within #1?
2269	Ivan the Terrible	Grand Prince of Moscow and 1st Tsar of Russia	Did Ivan the Terrible's father and grandfather have nicer nicknames?	True	Ivan the Terrible was nicknamed terrible because of his harsh rule. Ivan the Terrible's father, Vasili III Ivanovich, was nicknamed Vasili the Adequate. Ivan the Terrible's grandfather, Ivan III Vasilyevich, was nicknamed Ivan the Great.	"Who was Ivan the Terrible's father? Who was the father of #1? Do #1 and #2 have nicer nicknames than ""the Terrible""?"
2270	Armenians	ethnic group native to the Armenian Highland	Do Armenians tend to dislike System of a Down?	False	System of a Down is an Armenian-American rock band. System of a Down has numerous songs bringing light to the plight of Armenian people and the Armenian Genocide.	Is System of a Down an Armenian-American rock band? Would members of #1 rock band dislike where they are from?
2271	Green	Additive primary color visible between blue and yellow	Is a paleo dieter unlikely to color beverages green for St. Patrick's Day?	True	There is no natural source for green food coloring approved by the FDA A paleo diet avoids artificial colors and flavors	What are some common FDA approved sources of green color applied to beverages? What kind of foods would a paleo dieter avoid? Is #1 included in #2?
2272	French Defence	Chess opening	Can French Defence initial move defend against four move checkmate?	False	The French Defence involves moving pawn in front of the queen forward two spaces. The four move checkmate involves moving the queen and bishop to crowd the king. The four move checkmate cannot be defended by pawn in front of queen.	Which move is first played in the French defense in chess? What are some common techniques for making a four move checkmate in chess? Can #1 be used to defend against any of #2?
2273	Pound sterling	Official currency of the United Kingdom and other territories	Was Emperor Commodus paid tribute in Pound sterling?	False	Commodus was Roman Emperor until 192 AD. Coins featuring the image of Commodus were the currency during the late second century AD. The Pound sterling has origins with the fifth century AD Anglo Saxon pound.	When was Commodus Roman emperor? When did the Pound sterling originate? Was #1 before #2?
2274	3D printing	Additive process used to make a three-dimensional object	Do you need a large room if you want to get into 3D printing?	False	Home 3D printers are sized to be able to sit on a desk or table. The accessories and materials needed for 3D Printers can be stored easily and efficiently in a box or tote.	What are the equipment needed for 3D printing? How were #1 designed to be accommodated? Would #2 require a larger-than-average sized room?
2275	Second Coming	Christian and Islamic belief regarding the future (or past) return of Jesus after his ascension	Does Woody Allen await the Second Coming?	False	The Second Coming refers to Jesus Christ returning to earth Christians and Muslims believe in Jesus Christ Woody Allen is Jewish	Which religious groups believe in the second coming? Does Woody Allen belong to any of #1?
2276	Lust	Human emotion	Do you have to pass through circle of lust to find Saladin in Dante's Inferno?	False	Dante's Inferno was a book written by Dante Alighieri that outlines 9 circles of hell. The circle of lust is the second circle in Dante's Inferno. Saladin is placed in the first circle of hell in Dante's Inferno. The first circle of hell is limbo which is reserved for virtuous unbaptized pagans.	In Dante's Inferno, what circle is for people guilty of lust? In Dante's Inferno, what circle is Saladin in? Would someone traversing the Inferno pass through #2 before #1?
2277	Intel	American semiconductor chip manufacturer	Could Intel products be purchased at McDonald's?	False	Intel is a technology company that produces computer products such as processors, chipsets, and GPUs. McDonald's is a fast food franchise that sells food and beverage products.	What type of products does Intel produce? What kind of products does McDonald's sell? Is #1 included in #2?
2278	Yellow pages	Telephone directory of businesses by category	Is the Yellow Pages the fastest way to find a phone number?	False	The Yellow Pages is a book that contains alphabetized phone listings. Yellow pages involves going through many listings and remembering your alphabet. Google allows a person to type in a name quickly and look for a phone number. Household AI assistants like Echo allow people to merely speak a name and ask for number.	How are the phone numbers organized in the Yellow Pages? To find a phone number in #1, what does one have to do? To find a phone number on Google, what does one have to do? Is #2 faster than #3?
2279	Shinto	Ethnic religion of Japan	Do Shinto practitioners keep to a kosher diet?	False	Shinto is a religion originating from Japan. Shinto does not have any dietary restrictions. Seafood including shellfish is a staple of the Japanese diet. Jewish kosher laws prohibit the consumption of shellfish.	Which type of seafood does the Jewish kosher laws prohibit? Are Shinto practitioners restricted from eating #1?
2280	Waiting staff	staff serving in restaurant or private homes	Are there some countries where waiting staff need no tip?	True	In Japan, leaving a tip for a server is considered rude. In Denmark, servers and wait staff are well paid and tipping is very uncommon.	In how many countries is it socially acceptable to not tip the waiting staff? Is #1 greater than one?
2281	Hamster	subfamily of mammals	Could a hamster experience two leap years?	False	Pet hamsters typically have a maximum lifespan of three years. Leap years are typically separated by four years.	How long is the lifespan of a hamster? How many years are between two leap years? Is #1 longer than #2?
2282	Citrus	genus of fruit-bearing plants (source of fruit such as lemons and oranges)	Is there a Marvel villain with the same name as a kind of citrus fruit?	True	Mandarins are a type of orange popular in Asian cuisine. The Mandarin is also the name of a villain associated with Iron Man in the Marvel universe.	Which popular villains has Marvel's Ironman faced off against? Do any of #1's name also refer to a citrus fruit?
2283	Breast cancer	cancer that originates in the mammary gland	Are amoebas safe from breast cancer?	True	Breast cancer is a disease that occurs in the mammary tissues of mammals. Amoebas are single cell organisms that lack mammary tissue.	What tissue does breast cancer affect? Is having #1 a necessary condition for breast cancer? By #2, is it the case that if an organism lacks #1 they cannot get breast cancer?
2284	Selfie	Photographic self-portrait	Are selfies more dangerous than plague in modern times?	True	There are an average of 7 human plague cases reported each year according to the CDC. Selfies have caused people to fall off of cliffs while trying to get the perfect picture. From October 2011 and November 2017, there were 259 selfie deaths in 137 incidents.	How many cases of the plague are there yearly? How many people die yearly while taking selfies? Is #2 greater than #1?
2285	Catfish	order of fishes	Is a cory catfish likely to eat another living fish?	False	The cory catfish is a fish that is described as a bottom feeder. The cory catfish feeds on food located at the bottom of an ocean. Fish cannot live too deep in oceans for very long because of the intense water pressure. The bottom of oceans is populated by algae, coral, and microorganisms.	What do cory catfish eat? Is fish part of #1?
2286	Achilles	Greek mythological hero	Does Thiago Moises May 13 2020 submission move hypothetically hurt Achilles?	True	Thiago Moises is a mixed martial arts fighter in the UFC. Thiago Moises beat Michael Johnson by a heel hook submission. Greek hero Achilles had one weakness, his heel.	 What was Thiago Moises' winning move the match he played on May 13 2020? Which part of the opponent's body did #1 affect? Which part of Achilles' body is his weaknes? Is #2 the same as #3?
2287	Alec Baldwin	American actor, writer, producer, and comedian	Does Alec Baldwin have more children than Clint Eastwood?	False	Alec Baldwin has 5 children as of 2020. Actor Clint Eastwood has 7 children as of 2020.	How many children does Alec Baldwin presently have? How many children does Clint Eastwood presently have? Is #1 more than #2?
2288	Prime Minister of the United Kingdom	Head of UK Government	Does highest US Court have enough seats for every Prime Minister of the United Kingdom since 1952?	False	The highest court in the US is the Supreme Court. There are nine seats on the Supreme Court. There have been fifteen Prime Ministers of the United Kingdom since 1952.	What is the highest United States court? How many positions  are there in #1? How many United Kingdom Prime Ministers have there been since 1952? Is #2 equal to or greater than #3?
2289	Pi	Ratio of the circumference of a circle to its diameter	Was Pi an acceptable number of children in 1980s China?	False	Pi, the ratio of a circle's circumference to diameter, is equal to 3.14. In the 1980's China instituted a one-child policy. People that violated China's one child policy were fined heavily and some were sterilized.	How many children were Chinese parents limited to by the One-child policy in the 1980s? What is the value of the number pi? Is #2 less than or equal to #1?
